INFO:     127.0.0.1:54808 - "GET /openapi.json HTTP/1.1" 200 OK
2026-08-31 15:42:30,743 INFO sqlalchemy.engine.Engine select pg_catalog.version()
2026-08-31 15:42:30,743 INFO sqlalchemy.engine.Engine [raw sql] ()
2026-08-31 15:42:30,749 INFO sqlalchemy.engine.Engine select current_schema()
2026-08-31 15:42:30,749 INFO sqlalchemy.engine.Engine [raw sql] ()
2026-08-31 15:42:30,751 INFO sqlalchemy.engine.Engine show standard_conforming_strings
2026-08-31 15:42:30,752 INFO sqlalchemy.engine.Engine [raw sql] ()
2026-08-31 15:42:30,754 INFO sqlalchemy.engine.Engine BEGIN (implicit)
2026-08-31 15:42:30,934 INFO sqlalchemy.engine.Engine SELECT users.id, users.practice_id, users.clerk_id, users.email, users.name, users.role, users.phone, users.is_active, users.permissions, users.is_platform_admin, users.created_at, users.updated_at 
FROM users 
WHERE users.clerk_id = $1::VARCHAR
2026-08-31 15:42:30,934 INFO sqlalchemy.engine.Engine [generated in 0.00046s] ('user_3Idz3lR4nUx32RQ08fmzLywvcaV',)
2026-08-31 15:42:30,974 INFO sqlalchemy.engine.Engine SELECT pending_doctor_requests.id, pending_doctor_requests.practice_id, pending_doctor_requests.clerk_id, pending_doctor_requests.name, pending_doctor_requests.email, pending_doctor_requests.phone, pending_doctor_requests.specialty, pending_doctor_requests.license_number, pending_doctor_requests.bio, pending_doctor_requests.photo_url, pending_doctor_requests.documents, pending_doctor_requests.status, pending_doctor_requests.rejected_reason, pending_doctor_requests.doctor_id, pending_doctor_requests.submitted_at, pending_doctor_requests.reviewed_at 
FROM pending_doctor_requests 
WHERE pending_doctor_requests.clerk_id = $1::VARCHAR
2026-08-31 15:42:30,975 INFO sqlalchemy.engine.Engine [generated in 0.00030s] ('user_3Idz3lR4nUx32RQ08fmzLywvcaV',)
2026-08-31 15:42:30,988 INFO sqlalchemy.engine.Engine COMMIT
INFO:     127.0.0.1:54809 - "GET /api/v1/doctor-applications/me HTTP/1.1" 200 OK
2026-08-31 15:42:39,100 INFO sqlalchemy.engine.Engine BEGIN (implicit)
2026-08-31 15:42:39,100 INFO sqlalchemy.engine.Engine SELECT users.id, users.practice_id, users.clerk_id, users.email, users.name, users.role, users.phone, users.is_active, users.permissions, users.is_platform_admin, users.created_at, users.updated_at 
FROM users 
WHERE users.clerk_id = $1::VARCHAR
2026-08-31 15:42:39,101 INFO sqlalchemy.engine.Engine [cached since 8.167s ago] ('user_3Idz3lR4nUx32RQ08fmzLywvcaV',)
2026-08-31 15:42:39,103 INFO sqlalchemy.engine.Engine SELECT pending_doctor_requests.id, pending_doctor_requests.practice_id, pending_doctor_requests.clerk_id, pending_doctor_requests.name, pending_doctor_requests.email, pending_doctor_requests.phone, pending_doctor_requests.specialty, pending_doctor_requests.license_number, pending_doctor_requests.bio, pending_doctor_requests.photo_url, pending_doctor_requests.documents, pending_doctor_requests.status, pending_doctor_requests.rejected_reason, pending_doctor_requests.doctor_id, pending_doctor_requests.submitted_at, pending_doctor_requests.reviewed_at 
FROM pending_doctor_requests 
WHERE pending_doctor_requests.clerk_id = $1::VARCHAR
2026-08-31 15:42:39,103 INFO sqlalchemy.engine.Engine [cached since 8.128s ago] ('user_3Idz3lR4nUx32RQ08fmzLywvcaV',)
2026-08-31 15:42:39,105 INFO sqlalchemy.engine.Engine COMMIT
INFO:     127.0.0.1:54813 - "GET /api/v1/doctor-applications/me HTTP/1.1" 200 OK
2026-08-31 15:42:47,594 INFO sqlalchemy.engine.Engine BEGIN (implicit)
2026-08-31 15:42:47,599 INFO sqlalchemy.engine.Engine SELECT users.id, users.practice_id, users.clerk_id, users.email, users.name, users.role, users.phone, users.is_active, users.permissions, users.is_platform_admin, users.created_at, users.updated_at 
FROM users 
WHERE users.clerk_id = $1::VARCHAR
2026-08-31 15:42:47,600 INFO sqlalchemy.engine.Engine [cached since 16.67s ago] ('user_3Idz3lR4nUx32RQ08fmzLywvcaV',)
2026-08-31 15:42:47,608 INFO sqlalchemy.engine.Engine SELECT pending_doctor_requests.id, pending_doctor_requests.practice_id, pending_doctor_requests.clerk_id, pending_doctor_requests.name, pending_doctor_requests.email, pending_doctor_requests.phone, pending_doctor_requests.specialty, pending_doctor_requests.license_number, pending_doctor_requests.bio, pending_doctor_requests.photo_url, pending_doctor_requests.documents, pending_doctor_requests.status, pending_doctor_requests.rejected_reason, pending_doctor_requests.doctor_id, pending_doctor_requests.submitted_at, pending_doctor_requests.reviewed_at 
FROM pending_doctor_requests 
WHERE pending_doctor_requests.clerk_id = $1::VARCHAR
2026-08-31 15:42:47,609 INFO sqlalchemy.engine.Engine [cached since 16.63s ago] ('user_3Idz3lR4nUx32RQ08fmzLywvcaV',)
2026-08-31 15:42:47,617 INFO sqlalchemy.engine.Engine COMMIT
INFO:     127.0.0.1:54819 - "GET /api/v1/doctor-applications/me HTTP/1.1" 200 OK
2026-08-31 15:42:53,796 INFO sqlalchemy.engine.Engine BEGIN (implicit)
2026-08-31 15:42:53,796 INFO sqlalchemy.engine.Engine SELECT users.id, users.practice_id, users.clerk_id, users.email, users.name, users.role, users.phone, users.is_active, users.permissions, users.is_platform_admin, users.created_at, users.updated_at 
FROM users 
WHERE users.clerk_id = $1::VARCHAR
2026-08-31 15:42:53,797 INFO sqlalchemy.engine.Engine [cached since 22.86s ago] ('user_3Idz3lR4nUx32RQ08fmzLywvcaV',)
INFO:     127.0.0.1:54866 - "OPTIONS /api/v1/patients HTTP/1.1" 200 OK
2026-08-31 15:42:53,802 INFO sqlalchemy.engine.Engine SELECT pending_doctor_requests.id, pending_doctor_requests.practice_id, pending_doctor_requests.clerk_id, pending_doctor_requests.name, pending_doctor_requests.email, pending_doctor_requests.phone, pending_doctor_requests.specialty, pending_doctor_requests.license_number, pending_doctor_requests.bio, pending_doctor_requests.photo_url, pending_doctor_requests.documents, pending_doctor_requests.status, pending_doctor_requests.rejected_reason, pending_doctor_requests.doctor_id, pending_doctor_requests.submitted_at, pending_doctor_requests.reviewed_at 
FROM pending_doctor_requests 
WHERE pending_doctor_requests.clerk_id = $1::VARCHAR
2026-08-31 15:42:53,803 INFO sqlalchemy.engine.Engine [cached since 22.83s ago] ('user_3Idz3lR4nUx32RQ08fmzLywvcaV',)
INFO:     127.0.0.1:54867 - "OPTIONS /api/v1/doctors HTTP/1.1" 200 OK
INFO:     127.0.0.1:54868 - "OPTIONS /api/v1/practice/me HTTP/1.1" 200 OK
2026-08-31 15:42:53,811 INFO sqlalchemy.engine.Engine COMMIT
INFO:     127.0.0.1:54869 - "OPTIONS /api/v1/ai-receptionist/overview HTTP/1.1" 200 OK
INFO:     127.0.0.1:54870 - "OPTIONS /api/v1/practice/me HTTP/1.1" 200 OK
2026-08-31 15:42:54,077 INFO sqlalchemy.engine.Engine BEGIN (implicit)
2026-08-31 15:42:54,078 INFO sqlalchemy.engine.Engine SELECT users.id, users.practice_id, users.clerk_id, users.email, users.name, users.role, users.phone, users.is_active, users.permissions, users.is_platform_admin, users.created_at, users.updated_at 
FROM users 
WHERE users.clerk_id = $1::VARCHAR
2026-08-31 15:42:54,078 INFO sqlalchemy.engine.Engine [cached since 23.14s ago] ('user_3Idz3tQrP5vUET2Tr73OtYcK5Vw',)
INFO:     127.0.0.1:54864 - "GET /api/v1/doctor-applications/me HTTP/1.1" 200 OK
2026-08-31 15:42:54,467 INFO sqlalchemy.engine.Engine SELECT patients.id, patients.practice_id, patients.first_name, patients.last_name, patients.email, patients.phone, patients.date_of_birth, patients.medical_history, patients.consent_status, patients.plan_type, patients.chief_complaint, patients.needs_surgery, patients.ai_agent_assigned, patients.agent_status, patients.agent_cost, patients.lifecycle_stage, patients.lost_reason, patients.source, patients.created_at, patients.updated_at 
FROM patients 
WHERE patients.practice_id = $1::UUID ORDER BY patients.created_at DESC
2026-08-31 15:42:54,468 INFO sqlalchemy.engine.Engine [generated in 0.00041s] (UUID('4d1123f3-3ba2-42f3-b584-a5009c7b3e39'),)
2026-08-31 15:42:54,479 INFO sqlalchemy.engine.Engine BEGIN (implicit)
2026-08-31 15:42:54,480 INFO sqlalchemy.engine.Engine SELECT users.id, users.practice_id, users.clerk_id, users.email, users.name, users.role, users.phone, users.is_active, users.permissions, users.is_platform_admin, users.created_at, users.updated_at 
FROM users 
WHERE users.clerk_id = $1::VARCHAR
2026-08-31 15:42:54,480 INFO sqlalchemy.engine.Engine [cached since 23.55s ago] ('user_3Idz3tQrP5vUET2Tr73OtYcK5Vw',)
2026-08-31 15:42:54,492 INFO sqlalchemy.engine.Engine SELECT DISTINCT appointments.patient_id 
FROM appointments 
WHERE appointments.practice_id = $1::UUID AND appointments.patient_id IN ($4::UUID) AND appointments.start_time >= $2::TIMESTAMP WITH TIME ZONE AND appointments.status != $3::appointmentstatus
2026-08-31 15:42:54,492 INFO sqlalchemy.engine.Engine [generated in 0.00057s] (UUID('4d1123f3-3ba2-42f3-b584-a5009c7b3e39'), datetime.datetime(2026, 8, 31, 10, 42, 54, 487958, tzinfo=datetime.timezone.utc), 'CANCELLED', UUID('c4a9ef0d-7c8d-4da9-aaf7-e9e94a6fdc44'))
2026-08-31 15:42:54,512 INFO sqlalchemy.engine.Engine SELECT DISTINCT appointments.patient_id 
FROM appointments 
WHERE appointments.practice_id = $1::UUID AND appointments.patient_id IN ($3::UUID) AND appointments.status = $2::appointmentstatus
2026-08-31 15:42:54,513 INFO sqlalchemy.engine.Engine [generated in 0.00055s] (UUID('4d1123f3-3ba2-42f3-b584-a5009c7b3e39'), 'COMPLETED', UUID('c4a9ef0d-7c8d-4da9-aaf7-e9e94a6fdc44'))
2026-08-31 15:42:54,515 INFO sqlalchemy.engine.Engine COMMIT
INFO:     127.0.0.1:54871 - "GET /api/v1/patients HTTP/1.1" 200 OK
2026-08-31 15:42:54,535 INFO sqlalchemy.engine.Engine SELECT doctors.id, doctors.practice_id, doctors.user_id, doctors.name, doctors.email, doctors.phone, doctors.specialty, doctors.license_number, doctors.bio, doctors.photo_url, doctors.capabilities, doctors.permissions, doctors.is_active, doctors.created_at, doctors.updated_at 
FROM doctors 
WHERE doctors.practice_id = $1::UUID ORDER BY doctors.created_at DESC
2026-08-31 15:42:54,535 INFO sqlalchemy.engine.Engine [generated in 0.00040s] (UUID('4d1123f3-3ba2-42f3-b584-a5009c7b3e39'),)
2026-08-31 15:42:54,553 INFO sqlalchemy.engine.Engine COMMIT
INFO:     127.0.0.1:54867 - "GET /api/v1/doctors HTTP/1.1" 200 OK
2026-08-31 15:42:54,619 INFO sqlalchemy.engine.Engine BEGIN (implicit)
2026-08-31 15:42:54,619 INFO sqlalchemy.engine.Engine SELECT users.id, users.practice_id, users.clerk_id, users.email, users.name, users.role, users.phone, users.is_active, users.permissions, users.is_platform_admin, users.created_at, users.updated_at 
FROM users 
WHERE users.clerk_id = $1::VARCHAR
2026-08-31 15:42:54,619 INFO sqlalchemy.engine.Engine [cached since 23.69s ago] ('user_3IJjXjFLcG4qaagJWxQnHqHoXEr',)
2026-08-31 15:42:54,637 INFO sqlalchemy.engine.Engine BEGIN (implicit)
2026-08-31 15:42:54,637 INFO sqlalchemy.engine.Engine SELECT users.id, users.practice_id, users.clerk_id, users.email, users.name, users.role, users.phone, users.is_active, users.permissions, users.is_platform_admin, users.created_at, users.updated_at 
FROM users 
WHERE users.clerk_id = $1::VARCHAR
2026-08-31 15:42:54,638 INFO sqlalchemy.engine.Engine [cached since 23.7s ago] ('user_3Idz3tQrP5vUET2Tr73OtYcK5Vw',)
2026-08-31 15:42:54,650 INFO sqlalchemy.engine.Engine BEGIN (implicit)
2026-08-31 15:42:54,651 INFO sqlalchemy.engine.Engine SELECT users.id, users.practice_id, users.clerk_id, users.email, users.name, users.role, users.phone, users.is_active, users.permissions, users.is_platform_admin, users.created_at, users.updated_at 
FROM users 
WHERE users.clerk_id = $1::VARCHAR
2026-08-31 15:42:54,651 INFO sqlalchemy.engine.Engine [cached since 23.72s ago] ('user_3IJjXjFLcG4qaagJWxQnHqHoXEr',)
2026-08-31 15:42:54,696 INFO sqlalchemy.engine.Engine SELECT practices.id, practices.name, practices.email, practices.phone, practices.address, practices.timezone, practices.settings, practices.created_at, practices.updated_at 
FROM practices 
WHERE practices.id = $1::UUID
2026-08-31 15:42:54,696 INFO sqlalchemy.engine.Engine [generated in 0.00038s] (UUID('4d1123f3-3ba2-42f3-b584-a5009c7b3e39'),)
2026-08-31 15:42:54,707 INFO sqlalchemy.engine.Engine SELECT subscriptions.id, subscriptions.practice_id, subscriptions.stripe_subscription_id, subscriptions.tier, subscriptions.status, subscriptions.price, subscriptions.start_date, subscriptions.end_date, subscriptions.auto_renew, subscriptions.created_at, subscriptions.updated_at 
FROM subscriptions 
WHERE subscriptions.practice_id = $1::UUID AND subscriptions.status IN ($2::subscriptionstatus, $3::subscriptionstatus) ORDER BY subscriptions.created_at DESC
2026-08-31 15:42:54,708 INFO sqlalchemy.engine.Engine [generated in 0.00075s] (UUID('4d1123f3-3ba2-42f3-b584-a5009c7b3e39'), 'ACTIVE', 'TRIAL')
2026-08-31 15:42:54,715 INFO sqlalchemy.engine.Engine SELECT practices.id, practices.name, practices.email, practices.phone, practices.address, practices.timezone, practices.settings, practices.created_at, practices.updated_at 
FROM practices 
WHERE practices.id = $1::UUID
2026-08-31 15:42:54,716 INFO sqlalchemy.engine.Engine [cached since 0.02004s ago] (UUID('4d1123f3-3ba2-42f3-b584-a5009c7b3e39'),)
2026-08-31 15:42:54,724 INFO sqlalchemy.engine.Engine SELECT subscriptions.id, subscriptions.practice_id, subscriptions.stripe_subscription_id, subscriptions.tier, subscriptions.status, subscriptions.price, subscriptions.start_date, subscriptions.end_date, subscriptions.auto_renew, subscriptions.created_at, subscriptions.updated_at 
FROM subscriptions 
WHERE subscriptions.practice_id = $1::UUID AND subscriptions.status IN ($2::subscriptionstatus, $3::subscriptionstatus) ORDER BY subscriptions.created_at DESC
2026-08-31 15:42:54,725 INFO sqlalchemy.engine.Engine [cached since 0.01764s ago] (UUID('4d1123f3-3ba2-42f3-b584-a5009c7b3e39'), 'ACTIVE', 'TRIAL')
2026-08-31 15:42:54,727 INFO sqlalchemy.engine.Engine SELECT subscriptions.id, subscriptions.practice_id, subscriptions.stripe_subscription_id, subscriptions.tier, subscriptions.status, subscriptions.price, subscriptions.start_date, subscriptions.end_date, subscriptions.auto_renew, subscriptions.created_at, subscriptions.updated_at 
FROM subscriptions 
WHERE subscriptions.practice_id = $1::UUID AND subscriptions.status IN ($2::subscriptionstatus, $3::subscriptionstatus) ORDER BY subscriptions.created_at DESC
2026-08-31 15:42:54,727 INFO sqlalchemy.engine.Engine [cached since 0.02035s ago] (UUID('4d1123f3-3ba2-42f3-b584-a5009c7b3e39'), 'ACTIVE', 'TRIAL')
2026-08-31 15:42:54,734 INFO sqlalchemy.engine.Engine SELECT agent_logs.action, count(*) AS count_1 
FROM agent_logs 
WHERE agent_logs.practice_id = $1::UUID AND agent_logs.agent_type = $2::VARCHAR GROUP BY agent_logs.action
2026-08-31 15:42:54,734 INFO sqlalchemy.engine.Engine [generated in 0.00049s] (UUID('4d1123f3-3ba2-42f3-b584-a5009c7b3e39'), 'ai_receptionist')
2026-08-31 15:42:54,736 INFO sqlalchemy.engine.Engine COMMIT
INFO:     127.0.0.1:54875 - "GET /api/v1/practice/me HTTP/1.1" 200 OK
2026-08-31 15:42:54,744 INFO sqlalchemy.engine.Engine SELECT agent_logs.action, count(*) AS count_1 
FROM agent_logs 
WHERE agent_logs.practice_id = $1::UUID AND agent_logs.agent_type = $2::VARCHAR AND agent_logs.created_at >= $3::TIMESTAMP WITH TIME ZONE GROUP BY agent_logs.action
2026-08-31 15:42:54,745 INFO sqlalchemy.engine.Engine [generated in 0.00041s] (UUID('4d1123f3-3ba2-42f3-b584-a5009c7b3e39'), 'ai_receptionist', datetime.datetime(2026, 8, 1, 10, 42, 54, 729469, tzinfo=datetime.timezone.utc))
2026-08-31 15:42:54,750 INFO sqlalchemy.engine.Engine SELECT agent_costing.id, agent_costing.agent_slug, agent_costing.cost_per_session, agent_costing.is_active, agent_costing.total_sessions, agent_costing.total_earned, agent_costing.created_at, agent_costing.updated_at 
FROM agent_costing
2026-08-31 15:42:54,750 INFO sqlalchemy.engine.Engine [generated in 0.00035s] ()
2026-08-31 15:42:54,758 INFO sqlalchemy.engine.Engine SELECT subscriptions.id, subscriptions.practice_id, subscriptions.stripe_subscription_id, subscriptions.tier, subscriptions.status, subscriptions.price, subscriptions.start_date, subscriptions.end_date, subscriptions.auto_renew, subscriptions.created_at, subscriptions.updated_at 
FROM subscriptions 
WHERE subscriptions.practice_id = $1::UUID AND subscriptions.status IN ($2::subscriptionstatus, $3::subscriptionstatus) ORDER BY subscriptions.created_at DESC
2026-08-31 15:42:54,758 INFO sqlalchemy.engine.Engine [cached since 0.05092s ago] (UUID('4d1123f3-3ba2-42f3-b584-a5009c7b3e39'), 'ACTIVE', 'TRIAL')
2026-08-31 15:42:54,761 INFO sqlalchemy.engine.Engine COMMIT
2026-08-31 15:42:54,762 INFO sqlalchemy.engine.Engine COMMIT
INFO:     127.0.0.1:54874 - "GET /api/v1/ai-receptionist/overview HTTP/1.1" 200 OK
INFO:     127.0.0.1:54872 - "GET /api/v1/practice/me HTTP/1.1" 200 OK
2026-08-31 15:43:03,522 INFO sqlalchemy.engine.Engine BEGIN (implicit)
2026-08-31 15:43:03,523 INFO sqlalchemy.engine.Engine SELECT users.id, users.practice_id, users.clerk_id, users.email, users.name, users.role, users.phone, users.is_active, users.permissions, users.is_platform_admin, users.created_at, users.updated_at 
FROM users 
WHERE users.clerk_id = $1::VARCHAR
2026-08-31 15:43:03,523 INFO sqlalchemy.engine.Engine [cached since 32.59s ago] ('user_3Idz3lR4nUx32RQ08fmzLywvcaV',)
2026-08-31 15:43:03,528 INFO sqlalchemy.engine.Engine SELECT pending_doctor_requests.id, pending_doctor_requests.practice_id, pending_doctor_requests.clerk_id, pending_doctor_requests.name, pending_doctor_requests.email, pending_doctor_requests.phone, pending_doctor_requests.specialty, pending_doctor_requests.license_number, pending_doctor_requests.bio, pending_doctor_requests.photo_url, pending_doctor_requests.documents, pending_doctor_requests.status, pending_doctor_requests.rejected_reason, pending_doctor_requests.doctor_id, pending_doctor_requests.submitted_at, pending_doctor_requests.reviewed_at 
FROM pending_doctor_requests 
WHERE pending_doctor_requests.clerk_id = $1::VARCHAR
2026-08-31 15:43:03,530 INFO sqlalchemy.engine.Engine [cached since 32.56s ago] ('user_3Idz3lR4nUx32RQ08fmzLywvcaV',)
2026-08-31 15:43:03,537 INFO sqlalchemy.engine.Engine COMMIT
INFO:     127.0.0.1:54889 - "GET /api/v1/doctor-applications/me HTTP/1.1" 200 OK
2026-08-31 15:43:11,690 INFO sqlalchemy.engine.Engine BEGIN (implicit)
2026-08-31 15:43:11,693 INFO sqlalchemy.engine.Engine SELECT users.id, users.practice_id, users.clerk_id, users.email, users.name, users.role, users.phone, users.is_active, users.permissions, users.is_platform_admin, users.created_at, users.updated_at 
FROM users 
WHERE users.clerk_id = $1::VARCHAR
2026-08-31 15:43:11,693 INFO sqlalchemy.engine.Engine [cached since 40.76s ago] ('user_3Idz3lR4nUx32RQ08fmzLywvcaV',)
2026-08-31 15:43:11,699 INFO sqlalchemy.engine.Engine SELECT pending_doctor_requests.id, pending_doctor_requests.practice_id, pending_doctor_requests.clerk_id, pending_doctor_requests.name, pending_doctor_requests.email, pending_doctor_requests.phone, pending_doctor_requests.specialty, pending_doctor_requests.license_number, pending_doctor_requests.bio, pending_doctor_requests.photo_url, pending_doctor_requests.documents, pending_doctor_requests.status, pending_doctor_requests.rejected_reason, pending_doctor_requests.doctor_id, pending_doctor_requests.submitted_at, pending_doctor_requests.reviewed_at 
FROM pending_doctor_requests 
WHERE pending_doctor_requests.clerk_id = $1::VARCHAR
2026-08-31 15:43:11,699 INFO sqlalchemy.engine.Engine [cached since 40.72s ago] ('user_3Idz3lR4nUx32RQ08fmzLywvcaV',)
2026-08-31 15:43:11,760 INFO sqlalchemy.engine.Engine COMMIT
INFO:     127.0.0.1:54892 - "GET /api/v1/doctor-applications/me HTTP/1.1" 200 OK
2026-08-31 15:43:21,050 INFO sqlalchemy.engine.Engine BEGIN (implicit)
2026-08-31 15:43:21,052 INFO sqlalchemy.engine.Engine SELECT users.id, users.practice_id, users.clerk_id, users.email, users.name, users.role, users.phone, users.is_active, users.permissions, users.is_platform_admin, users.created_at, users.updated_at 
FROM users 
WHERE users.clerk_id = $1::VARCHAR
2026-08-31 15:43:21,052 INFO sqlalchemy.engine.Engine [cached since 50.12s ago] ('user_3Idz3lR4nUx32RQ08fmzLywvcaV',)
2026-08-31 15:43:21,058 INFO sqlalchemy.engine.Engine SELECT pending_doctor_requests.id, pending_doctor_requests.practice_id, pending_doctor_requests.clerk_id, pending_doctor_requests.name, pending_doctor_requests.email, pending_doctor_requests.phone, pending_doctor_requests.specialty, pending_doctor_requests.license_number, pending_doctor_requests.bio, pending_doctor_requests.photo_url, pending_doctor_requests.documents, pending_doctor_requests.status, pending_doctor_requests.rejected_reason, pending_doctor_requests.doctor_id, pending_doctor_requests.submitted_at, pending_doctor_requests.reviewed_at 
FROM pending_doctor_requests 
WHERE pending_doctor_requests.clerk_id = $1::VARCHAR
2026-08-31 15:43:21,059 INFO sqlalchemy.engine.Engine [cached since 50.08s ago] ('user_3Idz3lR4nUx32RQ08fmzLywvcaV',)
2026-08-31 15:43:21,119 INFO sqlalchemy.engine.Engine COMMIT
INFO:     127.0.0.1:54898 - "GET /api/v1/doctor-applications/me HTTP/1.1" 200 OK
2026-08-31 15:43:29,276 INFO sqlalchemy.engine.Engine BEGIN (implicit)
2026-08-31 15:43:29,278 INFO sqlalchemy.engine.Engine SELECT users.id, users.practice_id, users.clerk_id, users.email, users.name, users.role, users.phone, users.is_active, users.permissions, users.is_platform_admin, users.created_at, users.updated_at 
FROM users 
WHERE users.clerk_id = $1::VARCHAR
2026-08-31 15:43:29,279 INFO sqlalchemy.engine.Engine [cached since 58.35s ago] ('user_3Idz3lR4nUx32RQ08fmzLywvcaV',)
2026-08-31 15:43:29,284 INFO sqlalchemy.engine.Engine SELECT pending_doctor_requests.id, pending_doctor_requests.practice_id, pending_doctor_requests.clerk_id, pending_doctor_requests.name, pending_doctor_requests.email, pending_doctor_requests.phone, pending_doctor_requests.specialty, pending_doctor_requests.license_number, pending_doctor_requests.bio, pending_doctor_requests.photo_url, pending_doctor_requests.documents, pending_doctor_requests.status, pending_doctor_requests.rejected_reason, pending_doctor_requests.doctor_id, pending_doctor_requests.submitted_at, pending_doctor_requests.reviewed_at 
FROM pending_doctor_requests 
WHERE pending_doctor_requests.clerk_id = $1::VARCHAR
2026-08-31 15:43:29,285 INFO sqlalchemy.engine.Engine [cached since 58.31s ago] ('user_3Idz3lR4nUx32RQ08fmzLywvcaV',)
2026-08-31 15:43:29,345 INFO sqlalchemy.engine.Engine COMMIT
INFO:     127.0.0.1:54901 - "GET /api/v1/doctor-applications/me HTTP/1.1" 200 OK
2026-08-31 15:43:37,844 INFO sqlalchemy.engine.Engine BEGIN (implicit)
2026-08-31 15:43:37,847 INFO sqlalchemy.engine.Engine SELECT users.id, users.practice_id, users.clerk_id, users.email, users.name, users.role, users.phone, users.is_active, users.permissions, users.is_platform_admin, users.created_at, users.updated_at 
FROM users 
WHERE users.clerk_id = $1::VARCHAR
2026-08-31 15:43:37,848 INFO sqlalchemy.engine.Engine [cached since 66.91s ago] ('user_3Idz3lR4nUx32RQ08fmzLywvcaV',)
2026-08-31 15:43:37,855 INFO sqlalchemy.engine.Engine SELECT pending_doctor_requests.id, pending_doctor_requests.practice_id, pending_doctor_requests.clerk_id, pending_doctor_requests.name, pending_doctor_requests.email, pending_doctor_requests.phone, pending_doctor_requests.specialty, pending_doctor_requests.license_number, pending_doctor_requests.bio, pending_doctor_requests.photo_url, pending_doctor_requests.documents, pending_doctor_requests.status, pending_doctor_requests.rejected_reason, pending_doctor_requests.doctor_id, pending_doctor_requests.submitted_at, pending_doctor_requests.reviewed_at 
FROM pending_doctor_requests 
WHERE pending_doctor_requests.clerk_id = $1::VARCHAR
2026-08-31 15:43:37,856 INFO sqlalchemy.engine.Engine [cached since 66.88s ago] ('user_3Idz3lR4nUx32RQ08fmzLywvcaV',)
2026-08-31 15:43:37,908 INFO sqlalchemy.engine.Engine COMMIT
INFO:     127.0.0.1:54907 - "GET /api/v1/doctor-applications/me HTTP/1.1" 200 OK
2026-08-31 15:43:46,001 INFO sqlalchemy.engine.Engine BEGIN (implicit)
2026-08-31 15:43:46,001 INFO sqlalchemy.engine.Engine SELECT users.id, users.practice_id, users.clerk_id, users.email, users.name, users.role, users.phone, users.is_active, users.permissions, users.is_platform_admin, users.created_at, users.updated_at 
FROM users 
WHERE users.clerk_id = $1::VARCHAR
2026-08-31 15:43:46,001 INFO sqlalchemy.engine.Engine [cached since 75.07s ago] ('user_3Idz3lR4nUx32RQ08fmzLywvcaV',)
2026-08-31 15:43:46,004 INFO sqlalchemy.engine.Engine SELECT pending_doctor_requests.id, pending_doctor_requests.practice_id, pending_doctor_requests.clerk_id, pending_doctor_requests.name, pending_doctor_requests.email, pending_doctor_requests.phone, pending_doctor_requests.specialty, pending_doctor_requests.license_number, pending_doctor_requests.bio, pending_doctor_requests.photo_url, pending_doctor_requests.documents, pending_doctor_requests.status, pending_doctor_requests.rejected_reason, pending_doctor_requests.doctor_id, pending_doctor_requests.submitted_at, pending_doctor_requests.reviewed_at 
FROM pending_doctor_requests 
WHERE pending_doctor_requests.clerk_id = $1::VARCHAR
2026-08-31 15:43:46,005 INFO sqlalchemy.engine.Engine [cached since 75.03s ago] ('user_3Idz3lR4nUx32RQ08fmzLywvcaV',)
2026-08-31 15:43:46,006 INFO sqlalchemy.engine.Engine COMMIT
INFO:     127.0.0.1:54910 - "GET /api/v1/doctor-applications/me HTTP/1.1" 200 OK
2026-08-31 15:43:54,423 INFO sqlalchemy.engine.Engine BEGIN (implicit)
2026-08-31 15:43:54,423 INFO sqlalchemy.engine.Engine SELECT users.id, users.practice_id, users.clerk_id, users.email, users.name, users.role, users.phone, users.is_active, users.permissions, users.is_platform_admin, users.created_at, users.updated_at 
FROM users 
WHERE users.clerk_id = $1::VARCHAR
2026-08-31 15:43:54,423 INFO sqlalchemy.engine.Engine [cached since 83.49s ago] ('user_3Idz3lR4nUx32RQ08fmzLywvcaV',)
2026-08-31 15:43:54,425 INFO sqlalchemy.engine.Engine SELECT pending_doctor_requests.id, pending_doctor_requests.practice_id, pending_doctor_requests.clerk_id, pending_doctor_requests.name, pending_doctor_requests.email, pending_doctor_requests.phone, pending_doctor_requests.specialty, pending_doctor_requests.license_number, pending_doctor_requests.bio, pending_doctor_requests.photo_url, pending_doctor_requests.documents, pending_doctor_requests.status, pending_doctor_requests.rejected_reason, pending_doctor_requests.doctor_id, pending_doctor_requests.submitted_at, pending_doctor_requests.reviewed_at 
FROM pending_doctor_requests 
WHERE pending_doctor_requests.clerk_id = $1::VARCHAR
2026-08-31 15:43:54,425 INFO sqlalchemy.engine.Engine [cached since 83.45s ago] ('user_3Idz3lR4nUx32RQ08fmzLywvcaV',)
2026-08-31 15:43:54,426 INFO sqlalchemy.engine.Engine COMMIT
INFO:     127.0.0.1:54912 - "GET /api/v1/doctor-applications/me HTTP/1.1" 200 OK
2026-08-31 15:43:57,286 INFO sqlalchemy.engine.Engine BEGIN (implicit)
2026-08-31 15:43:57,287 INFO sqlalchemy.engine.Engine SELECT users.id, users.practice_id, users.clerk_id, users.email, users.name, users.role, users.phone, users.is_active, users.permissions, users.is_platform_admin, users.created_at, users.updated_at 
FROM users 
WHERE users.clerk_id = $1::VARCHAR
2026-08-31 15:43:57,287 INFO sqlalchemy.engine.Engine [cached since 86.35s ago] ('user_3Idz3tQrP5vUET2Tr73OtYcK5Vw',)
2026-08-31 15:43:57,380 INFO sqlalchemy.engine.Engine BEGIN (implicit)
2026-08-31 15:43:57,380 INFO sqlalchemy.engine.Engine SELECT users.id, users.practice_id, users.clerk_id, users.email, users.name, users.role, users.phone, users.is_active, users.permissions, users.is_platform_admin, users.created_at, users.updated_at 
FROM users 
WHERE users.clerk_id = $1::VARCHAR
2026-08-31 15:43:57,381 INFO sqlalchemy.engine.Engine [cached since 86.45s ago] ('user_3Idz3tQrP5vUET2Tr73OtYcK5Vw',)
2026-08-31 15:43:57,383 INFO sqlalchemy.engine.Engine SELECT patients.id, patients.practice_id, patients.first_name, patients.last_name, patients.email, patients.phone, patients.date_of_birth, patients.medical_history, patients.consent_status, patients.plan_type, patients.chief_complaint, patients.needs_surgery, patients.ai_agent_assigned, patients.agent_status, patients.agent_cost, patients.lifecycle_stage, patients.lost_reason, patients.source, patients.created_at, patients.updated_at 
FROM patients 
WHERE patients.practice_id = $1::UUID ORDER BY patients.created_at DESC
2026-08-31 15:43:57,383 INFO sqlalchemy.engine.Engine [cached since 62.92s ago] (UUID('4d1123f3-3ba2-42f3-b584-a5009c7b3e39'),)
2026-08-31 15:43:57,386 INFO sqlalchemy.engine.Engine SELECT doctors.id, doctors.practice_id, doctors.user_id, doctors.name, doctors.email, doctors.phone, doctors.specialty, doctors.license_number, doctors.bio, doctors.photo_url, doctors.capabilities, doctors.permissions, doctors.is_active, doctors.created_at, doctors.updated_at 
FROM doctors 
WHERE doctors.practice_id = $1::UUID ORDER BY doctors.created_at DESC
2026-08-31 15:43:57,387 INFO sqlalchemy.engine.Engine [cached since 62.85s ago] (UUID('4d1123f3-3ba2-42f3-b584-a5009c7b3e39'),)
2026-08-31 15:43:57,396 INFO sqlalchemy.engine.Engine COMMIT
INFO:     127.0.0.1:54956 - "GET /api/v1/doctors HTTP/1.1" 200 OK
2026-08-31 15:43:57,409 INFO sqlalchemy.engine.Engine SELECT DISTINCT appointments.patient_id 
FROM appointments 
WHERE appointments.practice_id = $1::UUID AND appointments.patient_id IN ($4::UUID) AND appointments.start_time >= $2::TIMESTAMP WITH TIME ZONE AND appointments.status != $3::appointmentstatus
2026-08-31 15:43:57,410 INFO sqlalchemy.engine.Engine [cached since 62.92s ago] (UUID('4d1123f3-3ba2-42f3-b584-a5009c7b3e39'), datetime.datetime(2026, 8, 31, 10, 43, 57, 407064, tzinfo=datetime.timezone.utc), 'CANCELLED', UUID('c4a9ef0d-7c8d-4da9-aaf7-e9e94a6fdc44'))
2026-08-31 15:43:57,430 INFO sqlalchemy.engine.Engine SELECT DISTINCT appointments.patient_id 
FROM appointments 
WHERE appointments.practice_id = $1::UUID AND appointments.patient_id IN ($3::UUID) AND appointments.status = $2::appointmentstatus
2026-08-31 15:43:57,430 INFO sqlalchemy.engine.Engine [cached since 62.92s ago] (UUID('4d1123f3-3ba2-42f3-b584-a5009c7b3e39'), 'COMPLETED', UUID('c4a9ef0d-7c8d-4da9-aaf7-e9e94a6fdc44'))
2026-08-31 15:43:57,432 INFO sqlalchemy.engine.Engine COMMIT
INFO:     127.0.0.1:54954 - "GET /api/v1/patients HTTP/1.1" 200 OK
2026-08-31 15:44:04,103 INFO sqlalchemy.engine.Engine BEGIN (implicit)
2026-08-31 15:44:04,104 INFO sqlalchemy.engine.Engine SELECT users.id, users.practice_id, users.clerk_id, users.email, users.name, users.role, users.phone, users.is_active, users.permissions, users.is_platform_admin, users.created_at, users.updated_at 
FROM users 
WHERE users.clerk_id = $1::VARCHAR
2026-08-31 15:44:04,104 INFO sqlalchemy.engine.Engine [cached since 93.17s ago] ('user_3Idz3lR4nUx32RQ08fmzLywvcaV',)
2026-08-31 15:44:04,107 INFO sqlalchemy.engine.Engine SELECT pending_doctor_requests.id, pending_doctor_requests.practice_id, pending_doctor_requests.clerk_id, pending_doctor_requests.name, pending_doctor_requests.email, pending_doctor_requests.phone, pending_doctor_requests.specialty, pending_doctor_requests.license_number, pending_doctor_requests.bio, pending_doctor_requests.photo_url, pending_doctor_requests.documents, pending_doctor_requests.status, pending_doctor_requests.rejected_reason, pending_doctor_requests.doctor_id, pending_doctor_requests.submitted_at, pending_doctor_requests.reviewed_at 
FROM pending_doctor_requests 
WHERE pending_doctor_requests.clerk_id = $1::VARCHAR
2026-08-31 15:44:04,107 INFO sqlalchemy.engine.Engine [cached since 93.13s ago] ('user_3Idz3lR4nUx32RQ08fmzLywvcaV',)
2026-08-31 15:44:04,109 INFO sqlalchemy.engine.Engine COMMIT
INFO:     127.0.0.1:54958 - "GET /api/v1/doctor-applications/me HTTP/1.1" 200 OK
2026-08-31 15:44:12,215 INFO sqlalchemy.engine.Engine BEGIN (implicit)
2026-08-31 15:44:12,216 INFO sqlalchemy.engine.Engine SELECT users.id, users.practice_id, users.clerk_id, users.email, users.name, users.role, users.phone, users.is_active, users.permissions, users.is_platform_admin, users.created_at, users.updated_at 
FROM users 
WHERE users.clerk_id = $1::VARCHAR
2026-08-31 15:44:12,216 INFO sqlalchemy.engine.Engine [cached since 101.3s ago] ('user_3Idz3lR4nUx32RQ08fmzLywvcaV',)
2026-08-31 15:44:12,219 INFO sqlalchemy.engine.Engine SELECT pending_doctor_requests.id, pending_doctor_requests.practice_id, pending_doctor_requests.clerk_id, pending_doctor_requests.name, pending_doctor_requests.email, pending_doctor_requests.phone, pending_doctor_requests.specialty, pending_doctor_requests.license_number, pending_doctor_requests.bio, pending_doctor_requests.photo_url, pending_doctor_requests.documents, pending_doctor_requests.status, pending_doctor_requests.rejected_reason, pending_doctor_requests.doctor_id, pending_doctor_requests.submitted_at, pending_doctor_requests.reviewed_at 
FROM pending_doctor_requests 
WHERE pending_doctor_requests.clerk_id = $1::VARCHAR
2026-08-31 15:44:12,219 INFO sqlalchemy.engine.Engine [cached since 101.2s ago] ('user_3Idz3lR4nUx32RQ08fmzLywvcaV',)
2026-08-31 15:44:12,221 INFO sqlalchemy.engine.Engine COMMIT
INFO:     127.0.0.1:54968 - "GET /api/v1/doctor-applications/me HTTP/1.1" 200 OK
INFO:     127.0.0.1:54980 - "OPTIONS /api/v1/doctor-applications/me HTTP/1.1" 200 OK
2026-08-31 15:44:20,842 INFO sqlalchemy.engine.Engine BEGIN (implicit)
2026-08-31 15:44:20,843 INFO sqlalchemy.engine.Engine SELECT users.id, users.practice_id, users.clerk_id, users.email, users.name, users.role, users.phone, users.is_active, users.permissions, users.is_platform_admin, users.created_at, users.updated_at 
FROM users 
WHERE users.clerk_id = $1::VARCHAR
2026-08-31 15:44:20,843 INFO sqlalchemy.engine.Engine [cached since 109.9s ago] ('user_3Idz3lR4nUx32RQ08fmzLywvcaV',)
2026-08-31 15:44:20,844 INFO sqlalchemy.engine.Engine SELECT pending_doctor_requests.id, pending_doctor_requests.practice_id, pending_doctor_requests.clerk_id, pending_doctor_requests.name, pending_doctor_requests.email, pending_doctor_requests.phone, pending_doctor_requests.specialty, pending_doctor_requests.license_number, pending_doctor_requests.bio, pending_doctor_requests.photo_url, pending_doctor_requests.documents, pending_doctor_requests.status, pending_doctor_requests.rejected_reason, pending_doctor_requests.doctor_id, pending_doctor_requests.submitted_at, pending_doctor_requests.reviewed_at 
FROM pending_doctor_requests 
WHERE pending_doctor_requests.clerk_id = $1::VARCHAR
2026-08-31 15:44:20,845 INFO sqlalchemy.engine.Engine [cached since 109.9s ago] ('user_3Idz3lR4nUx32RQ08fmzLywvcaV',)
2026-08-31 15:44:20,846 INFO sqlalchemy.engine.Engine COMMIT
INFO:     127.0.0.1:54980 - "GET /api/v1/doctor-applications/me HTTP/1.1" 200 OK
INFO:     127.0.0.1:54996 - "OPTIONS /api/v1/staff-messages/threads HTTP/1.1" 200 OK
2026-08-31 15:44:28,123 INFO sqlalchemy.engine.Engine BEGIN (implicit)
2026-08-31 15:44:28,123 INFO sqlalchemy.engine.Engine SELECT users.id, users.practice_id, users.clerk_id, users.email, users.name, users.role, users.phone, users.is_active, users.permissions, users.is_platform_admin, users.created_at, users.updated_at 
FROM users 
WHERE users.clerk_id = $1::VARCHAR
2026-08-31 15:44:28,124 INFO sqlalchemy.engine.Engine [cached since 117.2s ago] ('user_3IJjXjFLcG4qaagJWxQnHqHoXEr',)
2026-08-31 15:44:28,128 INFO sqlalchemy.engine.Engine SELECT users.id, users.practice_id, users.clerk_id, users.email, users.name, users.role, users.phone, users.is_active, users.permissions, users.is_platform_admin, users.created_at, users.updated_at 
FROM users 
WHERE users.practice_id = $1::UUID AND users.role != $2::userrole AND users.is_active = true
2026-08-31 15:44:28,129 INFO sqlalchemy.engine.Engine [generated in 0.00256s] (UUID('4d1123f3-3ba2-42f3-b584-a5009c7b3e39'), 'OWNER')
2026-08-31 15:44:28,135 INFO sqlalchemy.engine.Engine SELECT staff_messages.staff_user_id, count(*) AS count_1 
FROM staff_messages 
WHERE staff_messages.practice_id = $1::UUID AND staff_messages.staff_user_id IN ($2::UUID, $3::UUID) GROUP BY staff_messages.staff_user_id
2026-08-31 15:44:28,135 INFO sqlalchemy.engine.Engine [generated in 0.00051s] (UUID('4d1123f3-3ba2-42f3-b584-a5009c7b3e39'), UUID('52bb08fd-2cc6-4725-b2f0-c8ac8053e350'), UUID('b93c25bd-5371-4223-a5a5-e92b554168b8'))
2026-08-31 15:44:28,141 INFO sqlalchemy.engine.Engine SELECT staff_messages.id, staff_messages.practice_id, staff_messages.staff_user_id, staff_messages.sender_id, staff_messages.body, staff_messages.created_at 
FROM staff_messages 
WHERE staff_messages.practice_id = $1::UUID AND staff_messages.staff_user_id IN ($2::UUID, $3::UUID) ORDER BY staff_messages.staff_user_id, staff_messages.created_at DESC
2026-08-31 15:44:28,141 INFO sqlalchemy.engine.Engine [generated in 0.00053s] (UUID('4d1123f3-3ba2-42f3-b584-a5009c7b3e39'), UUID('52bb08fd-2cc6-4725-b2f0-c8ac8053e350'), UUID('b93c25bd-5371-4223-a5a5-e92b554168b8'))
2026-08-31 15:44:28,147 INFO sqlalchemy.engine.Engine COMMIT
INFO:     127.0.0.1:54996 - "GET /api/v1/staff-messages/threads HTTP/1.1" 200 OK
2026-08-31 15:44:28,921 INFO sqlalchemy.engine.Engine BEGIN (implicit)
2026-08-31 15:44:28,922 INFO sqlalchemy.engine.Engine SELECT users.id, users.practice_id, users.clerk_id, users.email, users.name, users.role, users.phone, users.is_active, users.permissions, users.is_platform_admin, users.created_at, users.updated_at 
FROM users 
WHERE users.clerk_id = $1::VARCHAR
2026-08-31 15:44:28,922 INFO sqlalchemy.engine.Engine [cached since 118s ago] ('user_3Idz3lR4nUx32RQ08fmzLywvcaV',)
2026-08-31 15:44:28,925 INFO sqlalchemy.engine.Engine SELECT pending_doctor_requests.id, pending_doctor_requests.practice_id, pending_doctor_requests.clerk_id, pending_doctor_requests.name, pending_doctor_requests.email, pending_doctor_requests.phone, pending_doctor_requests.specialty, pending_doctor_requests.license_number, pending_doctor_requests.bio, pending_doctor_requests.photo_url, pending_doctor_requests.documents, pending_doctor_requests.status, pending_doctor_requests.rejected_reason, pending_doctor_requests.doctor_id, pending_doctor_requests.submitted_at, pending_doctor_requests.reviewed_at 
FROM pending_doctor_requests 
WHERE pending_doctor_requests.clerk_id = $1::VARCHAR
2026-08-31 15:44:28,925 INFO sqlalchemy.engine.Engine [cached since 118s ago] ('user_3Idz3lR4nUx32RQ08fmzLywvcaV',)
2026-08-31 15:44:28,928 INFO sqlalchemy.engine.Engine COMMIT
INFO:     127.0.0.1:55007 - "GET /api/v1/doctor-applications/me HTTP/1.1" 200 OK
INFO:     127.0.0.1:54996 - "OPTIONS /api/v1/staff-messages/52bb08fd-2cc6-4725-b2f0-c8ac8053e350 HTTP/1.1" 200 OK
2026-08-31 15:44:30,131 INFO sqlalchemy.engine.Engine BEGIN (implicit)
2026-08-31 15:44:30,132 INFO sqlalchemy.engine.Engine SELECT users.id, users.practice_id, users.clerk_id, users.email, users.name, users.role, users.phone, users.is_active, users.permissions, users.is_platform_admin, users.created_at, users.updated_at 
FROM users 
WHERE users.clerk_id = $1::VARCHAR
2026-08-31 15:44:30,132 INFO sqlalchemy.engine.Engine [cached since 119.2s ago] ('user_3IJjXjFLcG4qaagJWxQnHqHoXEr',)
2026-08-31 15:44:30,546 INFO sqlalchemy.engine.Engine BEGIN (implicit)
2026-08-31 15:44:30,547 INFO sqlalchemy.engine.Engine SELECT users.id, users.practice_id, users.clerk_id, users.email, users.name, users.role, users.phone, users.is_active, users.permissions, users.is_platform_admin, users.created_at, users.updated_at 
FROM users 
WHERE users.clerk_id = $1::VARCHAR
2026-08-31 15:44:30,547 INFO sqlalchemy.engine.Engine [cached since 119.6s ago] ('user_3IJjXjFLcG4qaagJWxQnHqHoXEr',)
2026-08-31 15:44:30,550 INFO sqlalchemy.engine.Engine SELECT users.id, users.practice_id, users.clerk_id, users.email, users.name, users.role, users.phone, users.is_active, users.permissions, users.is_platform_admin, users.created_at, users.updated_at 
FROM users 
WHERE users.practice_id = $1::UUID AND users.role != $2::userrole AND users.is_active = true
2026-08-31 15:44:30,550 INFO sqlalchemy.engine.Engine [cached since 2.424s ago] (UUID('4d1123f3-3ba2-42f3-b584-a5009c7b3e39'), 'OWNER')
2026-08-31 15:44:30,556 INFO sqlalchemy.engine.Engine SELECT users.id, users.practice_id, users.clerk_id, users.email, users.name, users.role, users.phone, users.is_active, users.permissions, users.is_platform_admin, users.created_at, users.updated_at 
FROM users 
WHERE users.id = $1::UUID AND users.practice_id = $2::UUID AND users.role != $3::userrole
2026-08-31 15:44:30,557 INFO sqlalchemy.engine.Engine [generated in 0.00056s] (UUID('52bb08fd-2cc6-4725-b2f0-c8ac8053e350'), UUID('4d1123f3-3ba2-42f3-b584-a5009c7b3e39'), 'OWNER')
2026-08-31 15:44:30,562 INFO sqlalchemy.engine.Engine SELECT staff_messages.staff_user_id, count(*) AS count_1 
FROM staff_messages 
WHERE staff_messages.practice_id = $1::UUID AND staff_messages.staff_user_id IN ($2::UUID, $3::UUID) GROUP BY staff_messages.staff_user_id
2026-08-31 15:44:30,562 INFO sqlalchemy.engine.Engine [cached since 2.427s ago] (UUID('4d1123f3-3ba2-42f3-b584-a5009c7b3e39'), UUID('52bb08fd-2cc6-4725-b2f0-c8ac8053e350'), UUID('b93c25bd-5371-4223-a5a5-e92b554168b8'))
2026-08-31 15:44:30,570 INFO sqlalchemy.engine.Engine SELECT staff_messages.id, staff_messages.practice_id, staff_messages.staff_user_id, staff_messages.sender_id, staff_messages.body, staff_messages.created_at 
FROM staff_messages 
WHERE staff_messages.practice_id = $1::UUID AND staff_messages.staff_user_id = $2::UUID ORDER BY staff_messages.created_at ASC
2026-08-31 15:44:30,570 INFO sqlalchemy.engine.Engine [generated in 0.00050s] (UUID('4d1123f3-3ba2-42f3-b584-a5009c7b3e39'), UUID('52bb08fd-2cc6-4725-b2f0-c8ac8053e350'))
2026-08-31 15:44:30,577 INFO sqlalchemy.engine.Engine SELECT staff_messages.id, staff_messages.practice_id, staff_messages.staff_user_id, staff_messages.sender_id, staff_messages.body, staff_messages.created_at 
FROM staff_messages 
WHERE staff_messages.practice_id = $1::UUID AND staff_messages.staff_user_id IN ($2::UUID, $3::UUID) ORDER BY staff_messages.staff_user_id, staff_messages.created_at DESC
2026-08-31 15:44:30,578 INFO sqlalchemy.engine.Engine [cached since 2.437s ago] (UUID('4d1123f3-3ba2-42f3-b584-a5009c7b3e39'), UUID('52bb08fd-2cc6-4725-b2f0-c8ac8053e350'), UUID('b93c25bd-5371-4223-a5a5-e92b554168b8'))
2026-08-31 15:44:30,579 INFO sqlalchemy.engine.Engine COMMIT
2026-08-31 15:44:30,581 INFO sqlalchemy.engine.Engine COMMIT
INFO:     127.0.0.1:55009 - "GET /api/v1/staff-messages/52bb08fd-2cc6-4725-b2f0-c8ac8053e350 HTTP/1.1" 200 OK
INFO:     127.0.0.1:54996 - "GET /api/v1/staff-messages/threads HTTP/1.1" 200 OK
2026-08-31 15:44:32,594 INFO sqlalchemy.engine.Engine BEGIN (implicit)
2026-08-31 15:44:32,595 INFO sqlalchemy.engine.Engine SELECT users.id, users.practice_id, users.clerk_id, users.email, users.name, users.role, users.phone, users.is_active, users.permissions, users.is_platform_admin, users.created_at, users.updated_at 
FROM users 
WHERE users.clerk_id = $1::VARCHAR
2026-08-31 15:44:32,595 INFO sqlalchemy.engine.Engine [cached since 121.7s ago] ('user_3IJjXjFLcG4qaagJWxQnHqHoXEr',)
2026-08-31 15:44:32,597 INFO sqlalchemy.engine.Engine SELECT users.id, users.practice_id, users.clerk_id, users.email, users.name, users.role, users.phone, users.is_active, users.permissions, users.is_platform_admin, users.created_at, users.updated_at 
FROM users 
WHERE users.practice_id = $1::UUID AND users.role != $2::userrole AND users.is_active = true
2026-08-31 15:44:32,597 INFO sqlalchemy.engine.Engine [cached since 4.471s ago] (UUID('4d1123f3-3ba2-42f3-b584-a5009c7b3e39'), 'OWNER')
2026-08-31 15:44:32,600 INFO sqlalchemy.engine.Engine SELECT staff_messages.staff_user_id, count(*) AS count_1 
FROM staff_messages 
WHERE staff_messages.practice_id = $1::UUID AND staff_messages.staff_user_id IN ($2::UUID, $3::UUID) GROUP BY staff_messages.staff_user_id
2026-08-31 15:44:32,600 INFO sqlalchemy.engine.Engine [cached since 4.466s ago] (UUID('4d1123f3-3ba2-42f3-b584-a5009c7b3e39'), UUID('52bb08fd-2cc6-4725-b2f0-c8ac8053e350'), UUID('b93c25bd-5371-4223-a5a5-e92b554168b8'))
2026-08-31 15:44:32,606 INFO sqlalchemy.engine.Engine SELECT staff_messages.id, staff_messages.practice_id, staff_messages.staff_user_id, staff_messages.sender_id, staff_messages.body, staff_messages.created_at 
FROM staff_messages 
WHERE staff_messages.practice_id = $1::UUID AND staff_messages.staff_user_id IN ($2::UUID, $3::UUID) ORDER BY staff_messages.staff_user_id, staff_messages.created_at DESC
2026-08-31 15:44:32,607 INFO sqlalchemy.engine.Engine [cached since 4.466s ago] (UUID('4d1123f3-3ba2-42f3-b584-a5009c7b3e39'), UUID('52bb08fd-2cc6-4725-b2f0-c8ac8053e350'), UUID('b93c25bd-5371-4223-a5a5-e92b554168b8'))
2026-08-31 15:44:32,609 INFO sqlalchemy.engine.Engine COMMIT
INFO:     127.0.0.1:54996 - "GET /api/v1/staff-messages/threads HTTP/1.1" 200 OK
INFO:     127.0.0.1:54996 - "OPTIONS /api/v1/patients HTTP/1.1" 200 OK
2026-08-31 15:44:34,688 INFO sqlalchemy.engine.Engine BEGIN (implicit)
2026-08-31 15:44:34,690 INFO sqlalchemy.engine.Engine SELECT users.id, users.practice_id, users.clerk_id, users.email, users.name, users.role, users.phone, users.is_active, users.permissions, users.is_platform_admin, users.created_at, users.updated_at 
FROM users 
WHERE users.clerk_id = $1::VARCHAR
2026-08-31 15:44:34,691 INFO sqlalchemy.engine.Engine [cached since 123.8s ago] ('user_3IJjXjFLcG4qaagJWxQnHqHoXEr',)
2026-08-31 15:44:34,694 INFO sqlalchemy.engine.Engine SELECT patients.id, patients.practice_id, patients.first_name, patients.last_name, patients.email, patients.phone, patients.date_of_birth, patients.medical_history, patients.consent_status, patients.plan_type, patients.chief_complaint, patients.needs_surgery, patients.ai_agent_assigned, patients.agent_status, patients.agent_cost, patients.lifecycle_stage, patients.lost_reason, patients.source, patients.created_at, patients.updated_at 
FROM patients 
WHERE patients.practice_id = $1::UUID ORDER BY patients.created_at DESC
2026-08-31 15:44:34,695 INFO sqlalchemy.engine.Engine [cached since 100.2s ago] (UUID('4d1123f3-3ba2-42f3-b584-a5009c7b3e39'),)
2026-08-31 15:44:34,718 INFO sqlalchemy.engine.Engine SELECT DISTINCT appointments.patient_id 
FROM appointments 
WHERE appointments.practice_id = $1::UUID AND appointments.patient_id IN ($4::UUID) AND appointments.start_time >= $2::TIMESTAMP WITH TIME ZONE AND appointments.status != $3::appointmentstatus
2026-08-31 15:44:34,718 INFO sqlalchemy.engine.Engine [cached since 100.2s ago] (UUID('4d1123f3-3ba2-42f3-b584-a5009c7b3e39'), datetime.datetime(2026, 8, 31, 10, 44, 34, 717113, tzinfo=datetime.timezone.utc), 'CANCELLED', UUID('c4a9ef0d-7c8d-4da9-aaf7-e9e94a6fdc44'))
2026-08-31 15:44:34,740 INFO sqlalchemy.engine.Engine SELECT DISTINCT appointments.patient_id 
FROM appointments 
WHERE appointments.practice_id = $1::UUID AND appointments.patient_id IN ($3::UUID) AND appointments.status = $2::appointmentstatus
2026-08-31 15:44:34,741 INFO sqlalchemy.engine.Engine [cached since 100.2s ago] (UUID('4d1123f3-3ba2-42f3-b584-a5009c7b3e39'), 'COMPLETED', UUID('c4a9ef0d-7c8d-4da9-aaf7-e9e94a6fdc44'))
2026-08-31 15:44:34,745 INFO sqlalchemy.engine.Engine COMMIT
INFO:     127.0.0.1:54996 - "GET /api/v1/patients HTTP/1.1" 200 OK
2026-08-31 15:44:37,009 INFO sqlalchemy.engine.Engine BEGIN (implicit)
2026-08-31 15:44:37,010 INFO sqlalchemy.engine.Engine SELECT users.id, users.practice_id, users.clerk_id, users.email, users.name, users.role, users.phone, users.is_active, users.permissions, users.is_platform_admin, users.created_at, users.updated_at 
FROM users 
WHERE users.clerk_id = $1::VARCHAR
2026-08-31 15:44:37,010 INFO sqlalchemy.engine.Engine [cached since 126.1s ago] ('user_3Idz3lR4nUx32RQ08fmzLywvcaV',)
2026-08-31 15:44:37,012 INFO sqlalchemy.engine.Engine SELECT pending_doctor_requests.id, pending_doctor_requests.practice_id, pending_doctor_requests.clerk_id, pending_doctor_requests.name, pending_doctor_requests.email, pending_doctor_requests.phone, pending_doctor_requests.specialty, pending_doctor_requests.license_number, pending_doctor_requests.bio, pending_doctor_requests.photo_url, pending_doctor_requests.documents, pending_doctor_requests.status, pending_doctor_requests.rejected_reason, pending_doctor_requests.doctor_id, pending_doctor_requests.submitted_at, pending_doctor_requests.reviewed_at 
FROM pending_doctor_requests 
WHERE pending_doctor_requests.clerk_id = $1::VARCHAR
2026-08-31 15:44:37,013 INFO sqlalchemy.engine.Engine [cached since 126s ago] ('user_3Idz3lR4nUx32RQ08fmzLywvcaV',)
2026-08-31 15:44:37,015 INFO sqlalchemy.engine.Engine COMMIT
INFO:     127.0.0.1:55018 - "GET /api/v1/doctor-applications/me HTTP/1.1" 200 OK
2026-08-31 15:44:45,141 INFO sqlalchemy.engine.Engine BEGIN (implicit)
2026-08-31 15:44:45,142 INFO sqlalchemy.engine.Engine SELECT users.id, users.practice_id, users.clerk_id, users.email, users.name, users.role, users.phone, users.is_active, users.permissions, users.is_platform_admin, users.created_at, users.updated_at 
FROM users 
WHERE users.clerk_id = $1::VARCHAR
2026-08-31 15:44:45,143 INFO sqlalchemy.engine.Engine [cached since 134.2s ago] ('user_3Idz3lR4nUx32RQ08fmzLywvcaV',)
2026-08-31 15:44:45,147 INFO sqlalchemy.engine.Engine SELECT pending_doctor_requests.id, pending_doctor_requests.practice_id, pending_doctor_requests.clerk_id, pending_doctor_requests.name, pending_doctor_requests.email, pending_doctor_requests.phone, pending_doctor_requests.specialty, pending_doctor_requests.license_number, pending_doctor_requests.bio, pending_doctor_requests.photo_url, pending_doctor_requests.documents, pending_doctor_requests.status, pending_doctor_requests.rejected_reason, pending_doctor_requests.doctor_id, pending_doctor_requests.submitted_at, pending_doctor_requests.reviewed_at 
FROM pending_doctor_requests 
WHERE pending_doctor_requests.clerk_id = $1::VARCHAR
2026-08-31 15:44:45,147 INFO sqlalchemy.engine.Engine [cached since 134.2s ago] ('user_3Idz3lR4nUx32RQ08fmzLywvcaV',)
2026-08-31 15:44:45,149 INFO sqlalchemy.engine.Engine COMMIT
INFO:     127.0.0.1:55023 - "GET /api/v1/doctor-applications/me HTTP/1.1" 200 OK
INFO:     127.0.0.1:55030 - "GET /health HTTP/1.1" 200 OK
2026-08-31 15:44:53,257 INFO sqlalchemy.engine.Engine BEGIN (implicit)
2026-08-31 15:44:53,258 INFO sqlalchemy.engine.Engine SELECT users.id, users.practice_id, users.clerk_id, users.email, users.name, users.role, users.phone, users.is_active, users.permissions, users.is_platform_admin, users.created_at, users.updated_at 
FROM users 
WHERE users.clerk_id = $1::VARCHAR
2026-08-31 15:44:53,258 INFO sqlalchemy.engine.Engine [cached since 142.3s ago] ('user_3Idz3lR4nUx32RQ08fmzLywvcaV',)
2026-08-31 15:44:53,261 INFO sqlalchemy.engine.Engine SELECT pending_doctor_requests.id, pending_doctor_requests.practice_id, pending_doctor_requests.clerk_id, pending_doctor_requests.name, pending_doctor_requests.email, pending_doctor_requests.phone, pending_doctor_requests.specialty, pending_doctor_requests.license_number, pending_doctor_requests.bio, pending_doctor_requests.photo_url, pending_doctor_requests.documents, pending_doctor_requests.status, pending_doctor_requests.rejected_reason, pending_doctor_requests.doctor_id, pending_doctor_requests.submitted_at, pending_doctor_requests.reviewed_at 
FROM pending_doctor_requests 
WHERE pending_doctor_requests.clerk_id = $1::VARCHAR
2026-08-31 15:44:53,261 INFO sqlalchemy.engine.Engine [cached since 142.3s ago] ('user_3Idz3lR4nUx32RQ08fmzLywvcaV',)
2026-08-31 15:44:53,263 INFO sqlalchemy.engine.Engine COMMIT
INFO:     127.0.0.1:55033 - "GET /api/v1/doctor-applications/me HTTP/1.1" 200 OK
2026-08-31 15:45:01,372 INFO sqlalchemy.engine.Engine BEGIN (implicit)
2026-08-31 15:45:01,373 INFO sqlalchemy.engine.Engine SELECT users.id, users.practice_id, users.clerk_id, users.email, users.name, users.role, users.phone, users.is_active, users.permissions, users.is_platform_admin, users.created_at, users.updated_at 
FROM users 
WHERE users.clerk_id = $1::VARCHAR
2026-08-31 15:45:01,373 INFO sqlalchemy.engine.Engine [cached since 150.4s ago] ('user_3Idz3lR4nUx32RQ08fmzLywvcaV',)
2026-08-31 15:45:01,377 INFO sqlalchemy.engine.Engine SELECT pending_doctor_requests.id, pending_doctor_requests.practice_id, pending_doctor_requests.clerk_id, pending_doctor_requests.name, pending_doctor_requests.email, pending_doctor_requests.phone, pending_doctor_requests.specialty, pending_doctor_requests.license_number, pending_doctor_requests.bio, pending_doctor_requests.photo_url, pending_doctor_requests.documents, pending_doctor_requests.status, pending_doctor_requests.rejected_reason, pending_doctor_requests.doctor_id, pending_doctor_requests.submitted_at, pending_doctor_requests.reviewed_at 
FROM pending_doctor_requests 
WHERE pending_doctor_requests.clerk_id = $1::VARCHAR
2026-08-31 15:45:01,378 INFO sqlalchemy.engine.Engine [cached since 150.4s ago] ('user_3Idz3lR4nUx32RQ08fmzLywvcaV',)
2026-08-31 15:45:01,381 INFO sqlalchemy.engine.Engine COMMIT
INFO:     127.0.0.1:55036 - "GET /api/v1/doctor-applications/me HTTP/1.1" 200 OK
2026-08-31 15:45:10,106 INFO sqlalchemy.engine.Engine BEGIN (implicit)
2026-08-31 15:45:10,107 INFO sqlalchemy.engine.Engine SELECT users.id, users.practice_id, users.clerk_id, users.email, users.name, users.role, users.phone, users.is_active, users.permissions, users.is_platform_admin, users.created_at, users.updated_at 
FROM users 
WHERE users.clerk_id = $1::VARCHAR
2026-08-31 15:45:10,107 INFO sqlalchemy.engine.Engine [cached since 159.2s ago] ('user_3Idz3lR4nUx32RQ08fmzLywvcaV',)
2026-08-31 15:45:10,112 INFO sqlalchemy.engine.Engine SELECT pending_doctor_requests.id, pending_doctor_requests.practice_id, pending_doctor_requests.clerk_id, pending_doctor_requests.name, pending_doctor_requests.email, pending_doctor_requests.phone, pending_doctor_requests.specialty, pending_doctor_requests.license_number, pending_doctor_requests.bio, pending_doctor_requests.photo_url, pending_doctor_requests.documents, pending_doctor_requests.status, pending_doctor_requests.rejected_reason, pending_doctor_requests.doctor_id, pending_doctor_requests.submitted_at, pending_doctor_requests.reviewed_at 
FROM pending_doctor_requests 
WHERE pending_doctor_requests.clerk_id = $1::VARCHAR
2026-08-31 15:45:10,113 INFO sqlalchemy.engine.Engine [cached since 159.1s ago] ('user_3Idz3lR4nUx32RQ08fmzLywvcaV',)
2026-08-31 15:45:10,116 INFO sqlalchemy.engine.Engine COMMIT
INFO:     127.0.0.1:55042 - "GET /api/v1/doctor-applications/me HTTP/1.1" 200 OK
2026-08-31 15:45:17,549 INFO sqlalchemy.engine.Engine BEGIN (implicit)
2026-08-31 15:45:17,550 INFO sqlalchemy.engine.Engine SELECT users.id, users.practice_id, users.clerk_id, users.email, users.name, users.role, users.phone, users.is_active, users.permissions, users.is_platform_admin, users.created_at, users.updated_at 
FROM users 
WHERE users.clerk_id = $1::VARCHAR
2026-08-31 15:45:17,551 INFO sqlalchemy.engine.Engine [cached since 166.6s ago] ('user_3IJjXjFLcG4qaagJWxQnHqHoXEr',)
2026-08-31 15:45:17,557 INFO sqlalchemy.engine.Engine SELECT users.id, users.practice_id, users.clerk_id, users.email, users.name, users.role, users.phone, users.is_active, users.permissions, users.is_platform_admin, users.created_at, users.updated_at 
FROM users 
WHERE users.practice_id = $1::UUID AND users.role != $2::userrole AND users.is_active = true
2026-08-31 15:45:17,558 INFO sqlalchemy.engine.Engine [cached since 49.43s ago] (UUID('4d1123f3-3ba2-42f3-b584-a5009c7b3e39'), 'OWNER')
2026-08-31 15:45:17,566 INFO sqlalchemy.engine.Engine SELECT staff_messages.staff_user_id, count(*) AS count_1 
FROM staff_messages 
WHERE staff_messages.practice_id = $1::UUID AND staff_messages.staff_user_id IN ($2::UUID, $3::UUID) GROUP BY staff_messages.staff_user_id
2026-08-31 15:45:17,567 INFO sqlalchemy.engine.Engine [cached since 49.43s ago] (UUID('4d1123f3-3ba2-42f3-b584-a5009c7b3e39'), UUID('52bb08fd-2cc6-4725-b2f0-c8ac8053e350'), UUID('b93c25bd-5371-4223-a5a5-e92b554168b8'))
2026-08-31 15:45:17,573 INFO sqlalchemy.engine.Engine SELECT staff_messages.id, staff_messages.practice_id, staff_messages.staff_user_id, staff_messages.sender_id, staff_messages.body, staff_messages.created_at 
FROM staff_messages 
WHERE staff_messages.practice_id = $1::UUID AND staff_messages.staff_user_id IN ($2::UUID, $3::UUID) ORDER BY staff_messages.staff_user_id, staff_messages.created_at DESC
2026-08-31 15:45:17,573 INFO sqlalchemy.engine.Engine [cached since 49.43s ago] (UUID('4d1123f3-3ba2-42f3-b584-a5009c7b3e39'), UUID('52bb08fd-2cc6-4725-b2f0-c8ac8053e350'), UUID('b93c25bd-5371-4223-a5a5-e92b554168b8'))
2026-08-31 15:45:17,575 INFO sqlalchemy.engine.Engine COMMIT
INFO:     127.0.0.1:55063 - "GET /api/v1/staff-messages/threads HTTP/1.1" 200 OK
2026-08-31 15:45:18,234 INFO sqlalchemy.engine.Engine BEGIN (implicit)
2026-08-31 15:45:18,235 INFO sqlalchemy.engine.Engine SELECT users.id, users.practice_id, users.clerk_id, users.email, users.name, users.role, users.phone, users.is_active, users.permissions, users.is_platform_admin, users.created_at, users.updated_at 
FROM users 
WHERE users.clerk_id = $1::VARCHAR
2026-08-31 15:45:18,236 INFO sqlalchemy.engine.Engine [cached since 167.3s ago] ('user_3Idz3lR4nUx32RQ08fmzLywvcaV',)
2026-08-31 15:45:18,241 INFO sqlalchemy.engine.Engine SELECT pending_doctor_requests.id, pending_doctor_requests.practice_id, pending_doctor_requests.clerk_id, pending_doctor_requests.name, pending_doctor_requests.email, pending_doctor_requests.phone, pending_doctor_requests.specialty, pending_doctor_requests.license_number, pending_doctor_requests.bio, pending_doctor_requests.photo_url, pending_doctor_requests.documents, pending_doctor_requests.status, pending_doctor_requests.rejected_reason, pending_doctor_requests.doctor_id, pending_doctor_requests.submitted_at, pending_doctor_requests.reviewed_at 
FROM pending_doctor_requests 
WHERE pending_doctor_requests.clerk_id = $1::VARCHAR
2026-08-31 15:45:18,241 INFO sqlalchemy.engine.Engine [cached since 167.3s ago] ('user_3Idz3lR4nUx32RQ08fmzLywvcaV',)
2026-08-31 15:45:18,244 INFO sqlalchemy.engine.Engine COMMIT
INFO:     127.0.0.1:55065 - "GET /api/v1/doctor-applications/me HTTP/1.1" 200 OK
2026-08-31 15:45:18,792 INFO sqlalchemy.engine.Engine BEGIN (implicit)
2026-08-31 15:45:18,794 INFO sqlalchemy.engine.Engine SELECT users.id, users.practice_id, users.clerk_id, users.email, users.name, users.role, users.phone, users.is_active, users.permissions, users.is_platform_admin, users.created_at, users.updated_at 
FROM users 
WHERE users.clerk_id = $1::VARCHAR
2026-08-31 15:45:18,795 INFO sqlalchemy.engine.Engine [cached since 167.9s ago] ('user_3IJjXjFLcG4qaagJWxQnHqHoXEr',)
2026-08-31 15:45:18,800 INFO sqlalchemy.engine.Engine SELECT patients.id, patients.practice_id, patients.first_name, patients.last_name, patients.email, patients.phone, patients.date_of_birth, patients.medical_history, patients.consent_status, patients.plan_type, patients.chief_complaint, patients.needs_surgery, patients.ai_agent_assigned, patients.agent_status, patients.agent_cost, patients.lifecycle_stage, patients.lost_reason, patients.source, patients.created_at, patients.updated_at 
FROM patients 
WHERE patients.practice_id = $1::UUID ORDER BY patients.created_at DESC
2026-08-31 15:45:18,800 INFO sqlalchemy.engine.Engine [cached since 144.3s ago] (UUID('4d1123f3-3ba2-42f3-b584-a5009c7b3e39'),)
2026-08-31 15:45:18,890 INFO sqlalchemy.engine.Engine SELECT DISTINCT appointments.patient_id 
FROM appointments 
WHERE appointments.practice_id = $1::UUID AND appointments.patient_id IN ($4::UUID) AND appointments.start_time >= $2::TIMESTAMP WITH TIME ZONE AND appointments.status != $3::appointmentstatus
2026-08-31 15:45:18,890 INFO sqlalchemy.engine.Engine [cached since 144.4s ago] (UUID('4d1123f3-3ba2-42f3-b584-a5009c7b3e39'), datetime.datetime(2026, 8, 31, 10, 45, 18, 888356, tzinfo=datetime.timezone.utc), 'CANCELLED', UUID('c4a9ef0d-7c8d-4da9-aaf7-e9e94a6fdc44'))
2026-08-31 15:45:18,918 INFO sqlalchemy.engine.Engine SELECT DISTINCT appointments.patient_id 
FROM appointments 
WHERE appointments.practice_id = $1::UUID AND appointments.patient_id IN ($3::UUID) AND appointments.status = $2::appointmentstatus
2026-08-31 15:45:18,918 INFO sqlalchemy.engine.Engine [cached since 144.4s ago] (UUID('4d1123f3-3ba2-42f3-b584-a5009c7b3e39'), 'COMPLETED', UUID('c4a9ef0d-7c8d-4da9-aaf7-e9e94a6fdc44'))
2026-08-31 15:45:18,920 INFO sqlalchemy.engine.Engine COMMIT
INFO:     127.0.0.1:55063 - "GET /api/v1/patients HTTP/1.1" 200 OK
2026-08-31 15:45:27,626 INFO sqlalchemy.engine.Engine BEGIN (implicit)
2026-08-31 15:45:27,627 INFO sqlalchemy.engine.Engine SELECT users.id, users.practice_id, users.clerk_id, users.email, users.name, users.role, users.phone, users.is_active, users.permissions, users.is_platform_admin, users.created_at, users.updated_at 
FROM users 
WHERE users.clerk_id = $1::VARCHAR
2026-08-31 15:45:27,627 INFO sqlalchemy.engine.Engine [cached since 176.7s ago] ('user_3Idz3lR4nUx32RQ08fmzLywvcaV',)
2026-08-31 15:45:27,629 INFO sqlalchemy.engine.Engine SELECT pending_doctor_requests.id, pending_doctor_requests.practice_id, pending_doctor_requests.clerk_id, pending_doctor_requests.name, pending_doctor_requests.email, pending_doctor_requests.phone, pending_doctor_requests.specialty, pending_doctor_requests.license_number, pending_doctor_requests.bio, pending_doctor_requests.photo_url, pending_doctor_requests.documents, pending_doctor_requests.status, pending_doctor_requests.rejected_reason, pending_doctor_requests.doctor_id, pending_doctor_requests.submitted_at, pending_doctor_requests.reviewed_at 
FROM pending_doctor_requests 
WHERE pending_doctor_requests.clerk_id = $1::VARCHAR
2026-08-31 15:45:27,629 INFO sqlalchemy.engine.Engine [cached since 176.7s ago] ('user_3Idz3lR4nUx32RQ08fmzLywvcaV',)
2026-08-31 15:45:27,631 INFO sqlalchemy.engine.Engine COMMIT
INFO:     127.0.0.1:55101 - "GET /api/v1/doctor-applications/me HTTP/1.1" 200 OK
INFO:     127.0.0.1:55107 - "OPTIONS /api/v1/practice/me HTTP/1.1" 200 OK
2026-08-31 15:45:32,690 INFO sqlalchemy.engine.Engine BEGIN (implicit)
2026-08-31 15:45:32,691 INFO sqlalchemy.engine.Engine SELECT users.id, users.practice_id, users.clerk_id, users.email, users.name, users.role, users.phone, users.is_active, users.permissions, users.is_platform_admin, users.created_at, users.updated_at 
FROM users 
WHERE users.clerk_id = $1::VARCHAR
2026-08-31 15:45:32,692 INFO sqlalchemy.engine.Engine [cached since 181.8s ago] ('user_3Idz3lR4nUx32RQ08fmzLywvcaV',)
2026-08-31 15:45:32,697 INFO sqlalchemy.engine.Engine SELECT practices.id, practices.name, practices.email, practices.phone, practices.address, practices.timezone, practices.settings, practices.created_at, practices.updated_at 
FROM practices 
WHERE practices.id = $1::UUID
2026-08-31 15:45:32,697 INFO sqlalchemy.engine.Engine [cached since 158s ago] (UUID('4d1123f3-3ba2-42f3-b584-a5009c7b3e39'),)
2026-08-31 15:45:32,713 INFO sqlalchemy.engine.Engine SELECT subscriptions.id, subscriptions.practice_id, subscriptions.stripe_subscription_id, subscriptions.tier, subscriptions.status, subscriptions.price, subscriptions.start_date, subscriptions.end_date, subscriptions.auto_renew, subscriptions.created_at, subscriptions.updated_at 
FROM subscriptions 
WHERE subscriptions.practice_id = $1::UUID AND subscriptions.status IN ($2::subscriptionstatus, $3::subscriptionstatus) ORDER BY subscriptions.created_at DESC
2026-08-31 15:45:32,714 INFO sqlalchemy.engine.Engine [cached since 158s ago] (UUID('4d1123f3-3ba2-42f3-b584-a5009c7b3e39'), 'ACTIVE', 'TRIAL')
2026-08-31 15:45:32,750 INFO sqlalchemy.engine.Engine SELECT subscriptions.id, subscriptions.practice_id, subscriptions.stripe_subscription_id, subscriptions.tier, subscriptions.status, subscriptions.price, subscriptions.start_date, subscriptions.end_date, subscriptions.auto_renew, subscriptions.created_at, subscriptions.updated_at 
FROM subscriptions 
WHERE subscriptions.practice_id = $1::UUID AND subscriptions.status IN ($2::subscriptionstatus, $3::subscriptionstatus) ORDER BY subscriptions.created_at DESC
2026-08-31 15:45:32,750 INFO sqlalchemy.engine.Engine [cached since 158s ago] (UUID('4d1123f3-3ba2-42f3-b584-a5009c7b3e39'), 'ACTIVE', 'TRIAL')
2026-08-31 15:45:32,756 INFO sqlalchemy.engine.Engine SELECT doctors.id, doctors.practice_id, doctors.user_id, doctors.name, doctors.email, doctors.phone, doctors.specialty, doctors.license_number, doctors.bio, doctors.photo_url, doctors.capabilities, doctors.permissions, doctors.is_active, doctors.created_at, doctors.updated_at 
FROM doctors 
WHERE doctors.user_id = $1::UUID
2026-08-31 15:45:32,757 INFO sqlalchemy.engine.Engine [generated in 0.00069s] (UUID('52bb08fd-2cc6-4725-b2f0-c8ac8053e350'),)
2026-08-31 15:45:32,762 INFO sqlalchemy.engine.Engine COMMIT
INFO:     127.0.0.1:55107 - "GET /api/v1/practice/me HTTP/1.1" 200 OK
INFO:     127.0.0.1:55107 - "OPTIONS /api/v1/patients HTTP/1.1" 200 OK
2026-08-31 15:45:33,179 INFO sqlalchemy.engine.Engine BEGIN (implicit)
2026-08-31 15:45:33,180 INFO sqlalchemy.engine.Engine SELECT users.id, users.practice_id, users.clerk_id, users.email, users.name, users.role, users.phone, users.is_active, users.permissions, users.is_platform_admin, users.created_at, users.updated_at 
FROM users 
WHERE users.clerk_id = $1::VARCHAR
2026-08-31 15:45:33,181 INFO sqlalchemy.engine.Engine [cached since 182.2s ago] ('user_3Idz3lR4nUx32RQ08fmzLywvcaV',)
2026-08-31 15:45:33,298 INFO sqlalchemy.engine.Engine BEGIN (implicit)
2026-08-31 15:45:33,299 INFO sqlalchemy.engine.Engine SELECT users.id, users.practice_id, users.clerk_id, users.email, users.name, users.role, users.phone, users.is_active, users.permissions, users.is_platform_admin, users.created_at, users.updated_at 
FROM users 
WHERE users.clerk_id = $1::VARCHAR
2026-08-31 15:45:33,300 INFO sqlalchemy.engine.Engine [cached since 182.4s ago] ('user_3Idz3lR4nUx32RQ08fmzLywvcaV',)
2026-08-31 15:45:33,304 INFO sqlalchemy.engine.Engine SELECT practices.id, practices.name, practices.email, practices.phone, practices.address, practices.timezone, practices.settings, practices.created_at, practices.updated_at 
FROM practices 
WHERE practices.id = $1::UUID
2026-08-31 15:45:33,305 INFO sqlalchemy.engine.Engine [cached since 158.6s ago] (UUID('4d1123f3-3ba2-42f3-b584-a5009c7b3e39'),)
2026-08-31 15:45:33,309 INFO sqlalchemy.engine.Engine SELECT patients.id, patients.practice_id, patients.first_name, patients.last_name, patients.email, patients.phone, patients.date_of_birth, patients.medical_history, patients.consent_status, patients.plan_type, patients.chief_complaint, patients.needs_surgery, patients.ai_agent_assigned, patients.agent_status, patients.agent_cost, patients.lifecycle_stage, patients.lost_reason, patients.source, patients.created_at, patients.updated_at 
FROM patients 
WHERE patients.practice_id = $1::UUID ORDER BY patients.created_at DESC
2026-08-31 15:45:33,310 INFO sqlalchemy.engine.Engine [cached since 158.8s ago] (UUID('4d1123f3-3ba2-42f3-b584-a5009c7b3e39'),)
2026-08-31 15:45:33,315 INFO sqlalchemy.engine.Engine SELECT subscriptions.id, subscriptions.practice_id, subscriptions.stripe_subscription_id, subscriptions.tier, subscriptions.status, subscriptions.price, subscriptions.start_date, subscriptions.end_date, subscriptions.auto_renew, subscriptions.created_at, subscriptions.updated_at 
FROM subscriptions 
WHERE subscriptions.practice_id = $1::UUID AND subscriptions.status IN ($2::subscriptionstatus, $3::subscriptionstatus) ORDER BY subscriptions.created_at DESC
2026-08-31 15:45:33,316 INFO sqlalchemy.engine.Engine [cached since 158.6s ago] (UUID('4d1123f3-3ba2-42f3-b584-a5009c7b3e39'), 'ACTIVE', 'TRIAL')
2026-08-31 15:45:33,319 INFO sqlalchemy.engine.Engine SELECT DISTINCT appointments.patient_id 
FROM appointments 
WHERE appointments.practice_id = $1::UUID AND appointments.patient_id IN ($4::UUID) AND appointments.start_time >= $2::TIMESTAMP WITH TIME ZONE AND appointments.status != $3::appointmentstatus
2026-08-31 15:45:33,320 INFO sqlalchemy.engine.Engine [cached since 158.8s ago] (UUID('4d1123f3-3ba2-42f3-b584-a5009c7b3e39'), datetime.datetime(2026, 8, 31, 10, 45, 33, 317914, tzinfo=datetime.timezone.utc), 'CANCELLED', UUID('c4a9ef0d-7c8d-4da9-aaf7-e9e94a6fdc44'))
2026-08-31 15:45:33,324 INFO sqlalchemy.engine.Engine SELECT subscriptions.id, subscriptions.practice_id, subscriptions.stripe_subscription_id, subscriptions.tier, subscriptions.status, subscriptions.price, subscriptions.start_date, subscriptions.end_date, subscriptions.auto_renew, subscriptions.created_at, subscriptions.updated_at 
FROM subscriptions 
WHERE subscriptions.practice_id = $1::UUID AND subscriptions.status IN ($2::subscriptionstatus, $3::subscriptionstatus) ORDER BY subscriptions.created_at DESC
2026-08-31 15:45:33,324 INFO sqlalchemy.engine.Engine [cached since 158.6s ago] (UUID('4d1123f3-3ba2-42f3-b584-a5009c7b3e39'), 'ACTIVE', 'TRIAL')
2026-08-31 15:45:33,327 INFO sqlalchemy.engine.Engine SELECT DISTINCT appointments.patient_id 
FROM appointments 
WHERE appointments.practice_id = $1::UUID AND appointments.patient_id IN ($3::UUID) AND appointments.status = $2::appointmentstatus
2026-08-31 15:45:33,328 INFO sqlalchemy.engine.Engine [cached since 158.8s ago] (UUID('4d1123f3-3ba2-42f3-b584-a5009c7b3e39'), 'COMPLETED', UUID('c4a9ef0d-7c8d-4da9-aaf7-e9e94a6fdc44'))
2026-08-31 15:45:33,332 INFO sqlalchemy.engine.Engine SELECT doctors.id, doctors.practice_id, doctors.user_id, doctors.name, doctors.email, doctors.phone, doctors.specialty, doctors.license_number, doctors.bio, doctors.photo_url, doctors.capabilities, doctors.permissions, doctors.is_active, doctors.created_at, doctors.updated_at 
FROM doctors 
WHERE doctors.user_id = $1::UUID
2026-08-31 15:45:33,332 INFO sqlalchemy.engine.Engine [cached since 0.5765s ago] (UUID('52bb08fd-2cc6-4725-b2f0-c8ac8053e350'),)
2026-08-31 15:45:33,335 INFO sqlalchemy.engine.Engine COMMIT
INFO:     127.0.0.1:55107 - "GET /api/v1/patients HTTP/1.1" 200 OK
2026-08-31 15:45:33,348 INFO sqlalchemy.engine.Engine COMMIT
INFO:     127.0.0.1:55108 - "GET /api/v1/practice/me HTTP/1.1" 200 OK
INFO:     127.0.0.1:55108 - "OPTIONS /api/v1/attendance/me HTTP/1.1" 200 OK
INFO:     127.0.0.1:55107 - "OPTIONS /api/v1/doctors/me HTTP/1.1" 200 OK
INFO:     127.0.0.1:55110 - "OPTIONS /api/v1/appointments?doctor_id=me HTTP/1.1" 200 OK
2026-08-31 15:45:33,555 INFO sqlalchemy.engine.Engine BEGIN (implicit)
2026-08-31 15:45:33,556 INFO sqlalchemy.engine.Engine SELECT users.id, users.practice_id, users.clerk_id, users.email, users.name, users.role, users.phone, users.is_active, users.permissions, users.is_platform_admin, users.created_at, users.updated_at 
FROM users 
WHERE users.clerk_id = $1::VARCHAR
2026-08-31 15:45:33,556 INFO sqlalchemy.engine.Engine [cached since 182.6s ago] ('user_3Idz3lR4nUx32RQ08fmzLywvcaV',)
2026-08-31 15:45:33,632 INFO sqlalchemy.engine.Engine BEGIN (implicit)
2026-08-31 15:45:33,633 INFO sqlalchemy.engine.Engine SELECT users.id, users.practice_id, users.clerk_id, users.email, users.name, users.role, users.phone, users.is_active, users.permissions, users.is_platform_admin, users.created_at, users.updated_at 
FROM users 
WHERE users.clerk_id = $1::VARCHAR
2026-08-31 15:45:33,633 INFO sqlalchemy.engine.Engine [cached since 182.7s ago] ('user_3Idz3lR4nUx32RQ08fmzLywvcaV',)
2026-08-31 15:45:34,200 INFO sqlalchemy.engine.Engine BEGIN (implicit)
2026-08-31 15:45:34,201 INFO sqlalchemy.engine.Engine SELECT users.id, users.practice_id, users.clerk_id, users.email, users.name, users.role, users.phone, users.is_active, users.permissions, users.is_platform_admin, users.created_at, users.updated_at 
FROM users 
WHERE users.clerk_id = $1::VARCHAR
2026-08-31 15:45:34,201 INFO sqlalchemy.engine.Engine [cached since 183.3s ago] ('user_3Idz3lR4nUx32RQ08fmzLywvcaV',)
2026-08-31 15:45:34,208 INFO sqlalchemy.engine.Engine SELECT doctors.id, doctors.practice_id, doctors.user_id, doctors.name, doctors.email, doctors.phone, doctors.specialty, doctors.license_number, doctors.bio, doctors.photo_url, doctors.capabilities, doctors.permissions, doctors.is_active, doctors.created_at, doctors.updated_at 
FROM doctors 
WHERE doctors.practice_id = $1::UUID AND doctors.user_id = $2::UUID
2026-08-31 15:45:34,209 INFO sqlalchemy.engine.Engine [generated in 0.00088s] (UUID('4d1123f3-3ba2-42f3-b584-a5009c7b3e39'), UUID('52bb08fd-2cc6-4725-b2f0-c8ac8053e350'))
2026-08-31 15:45:34,212 INFO sqlalchemy.engine.Engine SELECT doctors.id, doctors.practice_id, doctors.user_id, doctors.name, doctors.email, doctors.phone, doctors.specialty, doctors.license_number, doctors.bio, doctors.photo_url, doctors.capabilities, doctors.permissions, doctors.is_active, doctors.created_at, doctors.updated_at 
FROM doctors 
WHERE doctors.practice_id = $1::UUID AND doctors.user_id = $2::UUID
2026-08-31 15:45:34,213 INFO sqlalchemy.engine.Engine [cached since 0.004472s ago] (UUID('4d1123f3-3ba2-42f3-b584-a5009c7b3e39'), UUID('52bb08fd-2cc6-4725-b2f0-c8ac8053e350'))
2026-08-31 15:45:34,216 INFO sqlalchemy.engine.Engine SELECT doctors.id, doctors.practice_id, doctors.user_id, doctors.name, doctors.email, doctors.phone, doctors.specialty, doctors.license_number, doctors.bio, doctors.photo_url, doctors.capabilities, doctors.permissions, doctors.is_active, doctors.created_at, doctors.updated_at 
FROM doctors 
WHERE doctors.practice_id = $1::UUID AND doctors.user_id = $2::UUID
2026-08-31 15:45:34,216 INFO sqlalchemy.engine.Engine [cached since 0.008072s ago] (UUID('4d1123f3-3ba2-42f3-b584-a5009c7b3e39'), UUID('52bb08fd-2cc6-4725-b2f0-c8ac8053e350'))
2026-08-31 15:45:34,221 INFO sqlalchemy.engine.Engine COMMIT
2026-08-31 15:45:34,227 INFO sqlalchemy.engine.Engine SELECT appointments.id, appointments.practice_id, appointments.patient_id, appointments.doctor_id, appointments.appointment_type, appointments.status, appointments.start_time, appointments.end_time, appointments.checked_in_at, appointments.notes, appointments.created_at, appointments.updated_at 
FROM appointments 
WHERE appointments.practice_id = $1::UUID AND appointments.doctor_id = $2::UUID ORDER BY appointments.start_time
2026-08-31 15:45:34,228 INFO sqlalchemy.engine.Engine [generated in 0.00064s] (UUID('4d1123f3-3ba2-42f3-b584-a5009c7b3e39'), UUID('d32859f1-d14d-46c8-9001-5ba3cf4eb4e1'))
2026-08-31 15:45:34,234 INFO sqlalchemy.engine.Engine SELECT attendance_records.id, attendance_records.practice_id, attendance_records.doctor_id, attendance_records.check_in_at, attendance_records.check_out_at 
FROM attendance_records 
WHERE attendance_records.doctor_id = $1::UUID ORDER BY attendance_records.check_in_at DESC 
 LIMIT $2::INTEGER
2026-08-31 15:45:34,235 INFO sqlalchemy.engine.Engine [generated in 0.00068s] (UUID('d32859f1-d14d-46c8-9001-5ba3cf4eb4e1'), 30)
2026-08-31 15:45:34,241 INFO sqlalchemy.engine.Engine COMMIT
2026-08-31 15:45:34,249 INFO sqlalchemy.engine.Engine COMMIT
2026-08-31 15:45:35,129 INFO sqlalchemy.engine.Engine BEGIN (implicit)
2026-08-31 15:45:35,130 INFO sqlalchemy.engine.Engine SELECT users.id, users.practice_id, users.clerk_id, users.email, users.name, users.role, users.phone, users.is_active, users.permissions, users.is_platform_admin, users.created_at, users.updated_at 
FROM users 
WHERE users.clerk_id = $1::VARCHAR
2026-08-31 15:45:35,130 INFO sqlalchemy.engine.Engine [cached since 184.2s ago] ('user_3Idz3lR4nUx32RQ08fmzLywvcaV',)
2026-08-31 15:45:35,134 INFO sqlalchemy.engine.Engine SELECT practices.id, practices.name, practices.email, practices.phone, practices.address, practices.timezone, practices.settings, practices.created_at, practices.updated_at 
FROM practices 
WHERE practices.id = $1::UUID
2026-08-31 15:45:35,135 INFO sqlalchemy.engine.Engine [cached since 160.4s ago] (UUID('4d1123f3-3ba2-42f3-b584-a5009c7b3e39'),)
2026-08-31 15:45:35,149 INFO sqlalchemy.engine.Engine SELECT subscriptions.id, subscriptions.practice_id, subscriptions.stripe_subscription_id, subscriptions.tier, subscriptions.status, subscriptions.price, subscriptions.start_date, subscriptions.end_date, subscriptions.auto_renew, subscriptions.created_at, subscriptions.updated_at 
FROM subscriptions 
WHERE subscriptions.practice_id = $1::UUID AND subscriptions.status IN ($2::subscriptionstatus, $3::subscriptionstatus) ORDER BY subscriptions.created_at DESC
2026-08-31 15:45:35,149 INFO sqlalchemy.engine.Engine [cached since 160.4s ago] (UUID('4d1123f3-3ba2-42f3-b584-a5009c7b3e39'), 'ACTIVE', 'TRIAL')
2026-08-31 15:45:35,181 INFO sqlalchemy.engine.Engine SELECT subscriptions.id, subscriptions.practice_id, subscriptions.stripe_subscription_id, subscriptions.tier, subscriptions.status, subscriptions.price, subscriptions.start_date, subscriptions.end_date, subscriptions.auto_renew, subscriptions.created_at, subscriptions.updated_at 
FROM subscriptions 
WHERE subscriptions.practice_id = $1::UUID AND subscriptions.status IN ($2::subscriptionstatus, $3::subscriptionstatus) ORDER BY subscriptions.created_at DESC
2026-08-31 15:45:35,182 INFO sqlalchemy.engine.Engine [cached since 160.5s ago] (UUID('4d1123f3-3ba2-42f3-b584-a5009c7b3e39'), 'ACTIVE', 'TRIAL')
2026-08-31 15:45:35,186 INFO sqlalchemy.engine.Engine SELECT doctors.id, doctors.practice_id, doctors.user_id, doctors.name, doctors.email, doctors.phone, doctors.specialty, doctors.license_number, doctors.bio, doctors.photo_url, doctors.capabilities, doctors.permissions, doctors.is_active, doctors.created_at, doctors.updated_at 
FROM doctors 
WHERE doctors.user_id = $1::UUID
2026-08-31 15:45:35,186 INFO sqlalchemy.engine.Engine [cached since 2.43s ago] (UUID('52bb08fd-2cc6-4725-b2f0-c8ac8053e350'),)
2026-08-31 15:45:35,198 INFO sqlalchemy.engine.Engine COMMIT
INFO:     127.0.0.1:55110 - "GET /api/v1/practice/me HTTP/1.1" 200 OK
INFO:     127.0.0.1:55110 - "OPTIONS /api/v1/staff-messages/threads HTTP/1.1" 200 OK
2026-08-31 15:45:35,362 INFO sqlalchemy.engine.Engine BEGIN (implicit)
2026-08-31 15:45:35,362 INFO sqlalchemy.engine.Engine SELECT users.id, users.practice_id, users.clerk_id, users.email, users.name, users.role, users.phone, users.is_active, users.permissions, users.is_platform_admin, users.created_at, users.updated_at 
FROM users 
WHERE users.clerk_id = $1::VARCHAR
2026-08-31 15:45:35,362 INFO sqlalchemy.engine.Engine [cached since 184.4s ago] ('user_3Idz3lR4nUx32RQ08fmzLywvcaV',)
2026-08-31 15:45:35,420 INFO sqlalchemy.engine.Engine BEGIN (implicit)
2026-08-31 15:45:35,421 INFO sqlalchemy.engine.Engine SELECT users.id, users.practice_id, users.clerk_id, users.email, users.name, users.role, users.phone, users.is_active, users.permissions, users.is_platform_admin, users.created_at, users.updated_at 
FROM users 
WHERE users.clerk_id = $1::VARCHAR
2026-08-31 15:45:35,421 INFO sqlalchemy.engine.Engine [cached since 184.5s ago] ('user_3Idz3lR4nUx32RQ08fmzLywvcaV',)
2026-08-31 15:45:35,425 INFO sqlalchemy.engine.Engine SELECT practices.id, practices.name, practices.email, practices.phone, practices.address, practices.timezone, practices.settings, practices.created_at, practices.updated_at 
FROM practices 
WHERE practices.id = $1::UUID
2026-08-31 15:45:35,425 INFO sqlalchemy.engine.Engine [cached since 160.7s ago] (UUID('4d1123f3-3ba2-42f3-b584-a5009c7b3e39'),)
2026-08-31 15:45:35,429 INFO sqlalchemy.engine.Engine ROLLBACK
2026-08-31 15:45:35,433 INFO sqlalchemy.engine.Engine SELECT subscriptions.id, subscriptions.practice_id, subscriptions.stripe_subscription_id, subscriptions.tier, subscriptions.status, subscriptions.price, subscriptions.start_date, subscriptions.end_date, subscriptions.auto_renew, subscriptions.created_at, subscriptions.updated_at 
FROM subscriptions 
WHERE subscriptions.practice_id = $1::UUID AND subscriptions.status IN ($2::subscriptionstatus, $3::subscriptionstatus) ORDER BY subscriptions.created_at DESC
2026-08-31 15:45:35,433 INFO sqlalchemy.engine.Engine [cached since 160.7s ago] (UUID('4d1123f3-3ba2-42f3-b584-a5009c7b3e39'), 'ACTIVE', 'TRIAL')
2026-08-31 15:45:35,438 INFO sqlalchemy.engine.Engine SELECT subscriptions.id, subscriptions.practice_id, subscriptions.stripe_subscription_id, subscriptions.tier, subscriptions.status, subscriptions.price, subscriptions.start_date, subscriptions.end_date, subscriptions.auto_renew, subscriptions.created_at, subscriptions.updated_at 
FROM subscriptions 
WHERE subscriptions.practice_id = $1::UUID AND subscriptions.status IN ($2::subscriptionstatus, $3::subscriptionstatus) ORDER BY subscriptions.created_at DESC
2026-08-31 15:45:35,439 INFO sqlalchemy.engine.Engine [cached since 160.7s ago] (UUID('4d1123f3-3ba2-42f3-b584-a5009c7b3e39'), 'ACTIVE', 'TRIAL')
INFO:     127.0.0.1:55110 - "GET /api/v1/staff-messages/threads HTTP/1.1" 403 Forbidden
2026-08-31 15:45:35,445 INFO sqlalchemy.engine.Engine SELECT doctors.id, doctors.practice_id, doctors.user_id, doctors.name, doctors.email, doctors.phone, doctors.specialty, doctors.license_number, doctors.bio, doctors.photo_url, doctors.capabilities, doctors.permissions, doctors.is_active, doctors.created_at, doctors.updated_at 
FROM doctors 
WHERE doctors.user_id = $1::UUID
2026-08-31 15:45:35,447 INFO sqlalchemy.engine.Engine [cached since 2.691s ago] (UUID('52bb08fd-2cc6-4725-b2f0-c8ac8053e350'),)
2026-08-31 15:45:35,451 INFO sqlalchemy.engine.Engine COMMIT
INFO:     127.0.0.1:55114 - "GET /api/v1/practice/me HTTP/1.1" 200 OK
INFO:     127.0.0.1:55114 - "OPTIONS /api/v1/staff-messages/me HTTP/1.1" 200 OK
2026-08-31 15:45:36,063 INFO sqlalchemy.engine.Engine BEGIN (implicit)
2026-08-31 15:45:36,064 INFO sqlalchemy.engine.Engine SELECT users.id, users.practice_id, users.clerk_id, users.email, users.name, users.role, users.phone, users.is_active, users.permissions, users.is_platform_admin, users.created_at, users.updated_at 
FROM users 
WHERE users.clerk_id = $1::VARCHAR
2026-08-31 15:45:36,065 INFO sqlalchemy.engine.Engine [cached since 185.1s ago] ('user_3Idz3lR4nUx32RQ08fmzLywvcaV',)
2026-08-31 15:45:36,177 INFO sqlalchemy.engine.Engine BEGIN (implicit)
2026-08-31 15:45:36,179 INFO sqlalchemy.engine.Engine SELECT users.id, users.practice_id, users.clerk_id, users.email, users.name, users.role, users.phone, users.is_active, users.permissions, users.is_platform_admin, users.created_at, users.updated_at 
FROM users 
WHERE users.clerk_id = $1::VARCHAR
2026-08-31 15:45:36,180 INFO sqlalchemy.engine.Engine [cached since 185.2s ago] ('user_3Idz3lR4nUx32RQ08fmzLywvcaV',)
2026-08-31 15:45:36,183 INFO sqlalchemy.engine.Engine SELECT users.id, users.practice_id, users.clerk_id, users.email, users.name, users.role, users.phone, users.is_active, users.permissions, users.is_platform_admin, users.created_at, users.updated_at 
FROM users 
WHERE users.id = $1::UUID AND users.practice_id = $2::UUID AND users.role != $3::userrole
2026-08-31 15:45:36,184 INFO sqlalchemy.engine.Engine [cached since 65.63s ago] (UUID('52bb08fd-2cc6-4725-b2f0-c8ac8053e350'), UUID('4d1123f3-3ba2-42f3-b584-a5009c7b3e39'), 'OWNER')
2026-08-31 15:45:36,188 INFO sqlalchemy.engine.Engine SELECT pending_doctor_requests.id, pending_doctor_requests.practice_id, pending_doctor_requests.clerk_id, pending_doctor_requests.name, pending_doctor_requests.email, pending_doctor_requests.phone, pending_doctor_requests.specialty, pending_doctor_requests.license_number, pending_doctor_requests.bio, pending_doctor_requests.photo_url, pending_doctor_requests.documents, pending_doctor_requests.status, pending_doctor_requests.rejected_reason, pending_doctor_requests.doctor_id, pending_doctor_requests.submitted_at, pending_doctor_requests.reviewed_at 
FROM pending_doctor_requests 
WHERE pending_doctor_requests.clerk_id = $1::VARCHAR
2026-08-31 15:45:36,189 INFO sqlalchemy.engine.Engine [cached since 185.2s ago] ('user_3Idz3lR4nUx32RQ08fmzLywvcaV',)
2026-08-31 15:45:36,193 INFO sqlalchemy.engine.Engine SELECT staff_messages.id, staff_messages.practice_id, staff_messages.staff_user_id, staff_messages.sender_id, staff_messages.body, staff_messages.created_at 
FROM staff_messages 
WHERE staff_messages.practice_id = $1::UUID AND staff_messages.staff_user_id = $2::UUID ORDER BY staff_messages.created_at ASC
2026-08-31 15:45:36,194 INFO sqlalchemy.engine.Engine [cached since 65.62s ago] (UUID('4d1123f3-3ba2-42f3-b584-a5009c7b3e39'), UUID('52bb08fd-2cc6-4725-b2f0-c8ac8053e350'))
2026-08-31 15:45:36,197 INFO sqlalchemy.engine.Engine COMMIT
2026-08-31 15:45:36,200 INFO sqlalchemy.engine.Engine COMMIT
INFO:     127.0.0.1:55126 - "GET /api/v1/doctor-applications/me HTTP/1.1" 200 OK
INFO:     127.0.0.1:55110 - "GET /api/v1/staff-messages/me HTTP/1.1" 200 OK
2026-08-31 15:45:37,410 INFO sqlalchemy.engine.Engine BEGIN (implicit)
2026-08-31 15:45:37,411 INFO sqlalchemy.engine.Engine SELECT users.id, users.practice_id, users.clerk_id, users.email, users.name, users.role, users.phone, users.is_active, users.permissions, users.is_platform_admin, users.created_at, users.updated_at 
FROM users 
WHERE users.clerk_id = $1::VARCHAR
2026-08-31 15:45:37,412 INFO sqlalchemy.engine.Engine [cached since 186.5s ago] ('user_3Idz3lR4nUx32RQ08fmzLywvcaV',)
2026-08-31 15:45:37,418 INFO sqlalchemy.engine.Engine SELECT users.id, users.practice_id, users.clerk_id, users.email, users.name, users.role, users.phone, users.is_active, users.permissions, users.is_platform_admin, users.created_at, users.updated_at 
FROM users 
WHERE users.id = $1::UUID AND users.practice_id = $2::UUID AND users.role != $3::userrole
2026-08-31 15:45:37,419 INFO sqlalchemy.engine.Engine [cached since 66.86s ago] (UUID('52bb08fd-2cc6-4725-b2f0-c8ac8053e350'), UUID('4d1123f3-3ba2-42f3-b584-a5009c7b3e39'), 'OWNER')
2026-08-31 15:45:37,430 INFO sqlalchemy.engine.Engine INSERT INTO staff_messages (id, practice_id, staff_user_id, sender_id, body) VALUES ($1::UUID, $2::UUID, $3::UUID, $4::UUID, $5::VARCHAR) RETURNING staff_messages.created_at
2026-08-31 15:45:37,431 INFO sqlalchemy.engine.Engine [generated in 0.00115s] (UUID('0eeec0a7-43c5-47ee-85ab-b679eff753cc'), UUID('4d1123f3-3ba2-42f3-b584-a5009c7b3e39'), UUID('52bb08fd-2cc6-4725-b2f0-c8ac8053e350'), UUID('52bb08fd-2cc6-4725-b2f0-c8ac8053e350'), 'Playwright test message 1788173137210')
2026-08-31 15:45:37,448 INFO sqlalchemy.engine.Engine SELECT staff_messages.id, staff_messages.practice_id, staff_messages.staff_user_id, staff_messages.sender_id, staff_messages.body, staff_messages.created_at 
FROM staff_messages 
WHERE staff_messages.id = $1::UUID
2026-08-31 15:45:37,448 INFO sqlalchemy.engine.Engine [generated in 0.00100s] (UUID('0eeec0a7-43c5-47ee-85ab-b679eff753cc'),)
2026-08-31 15:45:37,455 INFO sqlalchemy.engine.Engine COMMIT
INFO:     127.0.0.1:55110 - "POST /api/v1/staff-messages/me HTTP/1.1" 200 OK
2026-08-31 15:45:45,049 INFO sqlalchemy.engine.Engine BEGIN (implicit)
2026-08-31 15:45:45,050 INFO sqlalchemy.engine.Engine SELECT users.id, users.practice_id, users.clerk_id, users.email, users.name, users.role, users.phone, users.is_active, users.permissions, users.is_platform_admin, users.created_at, users.updated_at 
FROM users 
WHERE users.clerk_id = $1::VARCHAR
2026-08-31 15:45:45,051 INFO sqlalchemy.engine.Engine [cached since 194.1s ago] ('user_3Idz3lR4nUx32RQ08fmzLywvcaV',)
2026-08-31 15:45:45,056 INFO sqlalchemy.engine.Engine SELECT pending_doctor_requests.id, pending_doctor_requests.practice_id, pending_doctor_requests.clerk_id, pending_doctor_requests.name, pending_doctor_requests.email, pending_doctor_requests.phone, pending_doctor_requests.specialty, pending_doctor_requests.license_number, pending_doctor_requests.bio, pending_doctor_requests.photo_url, pending_doctor_requests.documents, pending_doctor_requests.status, pending_doctor_requests.rejected_reason, pending_doctor_requests.doctor_id, pending_doctor_requests.submitted_at, pending_doctor_requests.reviewed_at 
FROM pending_doctor_requests 
WHERE pending_doctor_requests.clerk_id = $1::VARCHAR
2026-08-31 15:45:45,057 INFO sqlalchemy.engine.Engine [cached since 194.1s ago] ('user_3Idz3lR4nUx32RQ08fmzLywvcaV',)
2026-08-31 15:45:45,061 INFO sqlalchemy.engine.Engine COMMIT
INFO:     127.0.0.1:55129 - "GET /api/v1/doctor-applications/me HTTP/1.1" 200 OK
2026-08-31 15:45:54,034 INFO sqlalchemy.engine.Engine BEGIN (implicit)
2026-08-31 15:45:54,035 INFO sqlalchemy.engine.Engine SELECT users.id, users.practice_id, users.clerk_id, users.email, users.name, users.role, users.phone, users.is_active, users.permissions, users.is_platform_admin, users.created_at, users.updated_at 
FROM users 
WHERE users.clerk_id = $1::VARCHAR
2026-08-31 15:45:54,036 INFO sqlalchemy.engine.Engine [cached since 203.1s ago] ('user_3Idz3lR4nUx32RQ08fmzLywvcaV',)
2026-08-31 15:45:54,040 INFO sqlalchemy.engine.Engine SELECT pending_doctor_requests.id, pending_doctor_requests.practice_id, pending_doctor_requests.clerk_id, pending_doctor_requests.name, pending_doctor_requests.email, pending_doctor_requests.phone, pending_doctor_requests.specialty, pending_doctor_requests.license_number, pending_doctor_requests.bio, pending_doctor_requests.photo_url, pending_doctor_requests.documents, pending_doctor_requests.status, pending_doctor_requests.rejected_reason, pending_doctor_requests.doctor_id, pending_doctor_requests.submitted_at, pending_doctor_requests.reviewed_at 
FROM pending_doctor_requests 
WHERE pending_doctor_requests.clerk_id = $1::VARCHAR
2026-08-31 15:45:54,040 INFO sqlalchemy.engine.Engine [cached since 203.1s ago] ('user_3Idz3lR4nUx32RQ08fmzLywvcaV',)
2026-08-31 15:45:54,043 INFO sqlalchemy.engine.Engine COMMIT
INFO:     127.0.0.1:55135 - "GET /api/v1/doctor-applications/me HTTP/1.1" 200 OK
INFO:     127.0.0.1:55141 - "GET /health HTTP/1.1" 200 OK
2026-08-31 15:46:03,036 INFO sqlalchemy.engine.Engine BEGIN (implicit)
2026-08-31 15:46:03,036 INFO sqlalchemy.engine.Engine SELECT users.id, users.practice_id, users.clerk_id, users.email, users.name, users.role, users.phone, users.is_active, users.permissions, users.is_platform_admin, users.created_at, users.updated_at 
FROM users 
WHERE users.clerk_id = $1::VARCHAR
2026-08-31 15:46:03,037 INFO sqlalchemy.engine.Engine [cached since 212.1s ago] ('user_3Idz3lR4nUx32RQ08fmzLywvcaV',)
2026-08-31 15:46:03,038 INFO sqlalchemy.engine.Engine SELECT pending_doctor_requests.id, pending_doctor_requests.practice_id, pending_doctor_requests.clerk_id, pending_doctor_requests.name, pending_doctor_requests.email, pending_doctor_requests.phone, pending_doctor_requests.specialty, pending_doctor_requests.license_number, pending_doctor_requests.bio, pending_doctor_requests.photo_url, pending_doctor_requests.documents, pending_doctor_requests.status, pending_doctor_requests.rejected_reason, pending_doctor_requests.doctor_id, pending_doctor_requests.submitted_at, pending_doctor_requests.reviewed_at 
FROM pending_doctor_requests 
WHERE pending_doctor_requests.clerk_id = $1::VARCHAR
2026-08-31 15:46:03,039 INFO sqlalchemy.engine.Engine [cached since 212.1s ago] ('user_3Idz3lR4nUx32RQ08fmzLywvcaV',)
2026-08-31 15:46:03,040 INFO sqlalchemy.engine.Engine COMMIT
INFO:     127.0.0.1:55144 - "GET /api/v1/doctor-applications/me HTTP/1.1" 200 OK
2026-08-31 15:46:12,582 INFO sqlalchemy.engine.Engine BEGIN (implicit)
2026-08-31 15:46:12,583 INFO sqlalchemy.engine.Engine SELECT users.id, users.practice_id, users.clerk_id, users.email, users.name, users.role, users.phone, users.is_active, users.permissions, users.is_platform_admin, users.created_at, users.updated_at 
FROM users 
WHERE users.clerk_id = $1::VARCHAR
2026-08-31 15:46:12,584 INFO sqlalchemy.engine.Engine [cached since 221.7s ago] ('user_3Idz3lR4nUx32RQ08fmzLywvcaV',)
2026-08-31 15:46:12,589 INFO sqlalchemy.engine.Engine SELECT pending_doctor_requests.id, pending_doctor_requests.practice_id, pending_doctor_requests.clerk_id, pending_doctor_requests.name, pending_doctor_requests.email, pending_doctor_requests.phone, pending_doctor_requests.specialty, pending_doctor_requests.license_number, pending_doctor_requests.bio, pending_doctor_requests.photo_url, pending_doctor_requests.documents, pending_doctor_requests.status, pending_doctor_requests.rejected_reason, pending_doctor_requests.doctor_id, pending_doctor_requests.submitted_at, pending_doctor_requests.reviewed_at 
FROM pending_doctor_requests 
WHERE pending_doctor_requests.clerk_id = $1::VARCHAR
2026-08-31 15:46:12,590 INFO sqlalchemy.engine.Engine [cached since 221.6s ago] ('user_3Idz3lR4nUx32RQ08fmzLywvcaV',)
2026-08-31 15:46:12,594 INFO sqlalchemy.engine.Engine COMMIT
INFO:     127.0.0.1:55147 - "GET /api/v1/doctor-applications/me HTTP/1.1" 200 OK
2026-08-31 15:46:20,952 INFO sqlalchemy.engine.Engine BEGIN (implicit)
2026-08-31 15:46:20,953 INFO sqlalchemy.engine.Engine SELECT users.id, users.practice_id, users.clerk_id, users.email, users.name, users.role, users.phone, users.is_active, users.permissions, users.is_platform_admin, users.created_at, users.updated_at 
FROM users 
WHERE users.clerk_id = $1::VARCHAR
2026-08-31 15:46:20,953 INFO sqlalchemy.engine.Engine [cached since 230s ago] ('user_3Idz3lR4nUx32RQ08fmzLywvcaV',)
2026-08-31 15:46:20,959 INFO sqlalchemy.engine.Engine SELECT pending_doctor_requests.id, pending_doctor_requests.practice_id, pending_doctor_requests.clerk_id, pending_doctor_requests.name, pending_doctor_requests.email, pending_doctor_requests.phone, pending_doctor_requests.specialty, pending_doctor_requests.license_number, pending_doctor_requests.bio, pending_doctor_requests.photo_url, pending_doctor_requests.documents, pending_doctor_requests.status, pending_doctor_requests.rejected_reason, pending_doctor_requests.doctor_id, pending_doctor_requests.submitted_at, pending_doctor_requests.reviewed_at 
FROM pending_doctor_requests 
WHERE pending_doctor_requests.clerk_id = $1::VARCHAR
2026-08-31 15:46:20,960 INFO sqlalchemy.engine.Engine [cached since 230s ago] ('user_3Idz3lR4nUx32RQ08fmzLywvcaV',)
2026-08-31 15:46:20,963 INFO sqlalchemy.engine.Engine COMMIT
INFO:     127.0.0.1:55150 - "GET /api/v1/doctor-applications/me HTTP/1.1" 200 OK
2026-08-31 15:46:29,776 INFO sqlalchemy.engine.Engine BEGIN (implicit)
2026-08-31 15:46:29,777 INFO sqlalchemy.engine.Engine SELECT users.id, users.practice_id, users.clerk_id, users.email, users.name, users.role, users.phone, users.is_active, users.permissions, users.is_platform_admin, users.created_at, users.updated_at 
FROM users 
WHERE users.clerk_id = $1::VARCHAR
2026-08-31 15:46:29,778 INFO sqlalchemy.engine.Engine [cached since 238.8s ago] ('user_3Idz3lR4nUx32RQ08fmzLywvcaV',)
2026-08-31 15:46:29,783 INFO sqlalchemy.engine.Engine SELECT pending_doctor_requests.id, pending_doctor_requests.practice_id, pending_doctor_requests.clerk_id, pending_doctor_requests.name, pending_doctor_requests.email, pending_doctor_requests.phone, pending_doctor_requests.specialty, pending_doctor_requests.license_number, pending_doctor_requests.bio, pending_doctor_requests.photo_url, pending_doctor_requests.documents, pending_doctor_requests.status, pending_doctor_requests.rejected_reason, pending_doctor_requests.doctor_id, pending_doctor_requests.submitted_at, pending_doctor_requests.reviewed_at 
FROM pending_doctor_requests 
WHERE pending_doctor_requests.clerk_id = $1::VARCHAR
2026-08-31 15:46:29,784 INFO sqlalchemy.engine.Engine [cached since 238.8s ago] ('user_3Idz3lR4nUx32RQ08fmzLywvcaV',)
2026-08-31 15:46:29,787 INFO sqlalchemy.engine.Engine COMMIT
INFO:     127.0.0.1:55165 - "GET /api/v1/doctor-applications/me HTTP/1.1" 200 OK
2026-08-31 15:46:37,926 INFO sqlalchemy.engine.Engine BEGIN (implicit)
2026-08-31 15:46:37,926 INFO sqlalchemy.engine.Engine SELECT users.id, users.practice_id, users.clerk_id, users.email, users.name, users.role, users.phone, users.is_active, users.permissions, users.is_platform_admin, users.created_at, users.updated_at 
FROM users 
WHERE users.clerk_id = $1::VARCHAR
2026-08-31 15:46:37,926 INFO sqlalchemy.engine.Engine [cached since 247s ago] ('user_3Idz3lR4nUx32RQ08fmzLywvcaV',)
2026-08-31 15:46:37,928 INFO sqlalchemy.engine.Engine SELECT pending_doctor_requests.id, pending_doctor_requests.practice_id, pending_doctor_requests.clerk_id, pending_doctor_requests.name, pending_doctor_requests.email, pending_doctor_requests.phone, pending_doctor_requests.specialty, pending_doctor_requests.license_number, pending_doctor_requests.bio, pending_doctor_requests.photo_url, pending_doctor_requests.documents, pending_doctor_requests.status, pending_doctor_requests.rejected_reason, pending_doctor_requests.doctor_id, pending_doctor_requests.submitted_at, pending_doctor_requests.reviewed_at 
FROM pending_doctor_requests 
WHERE pending_doctor_requests.clerk_id = $1::VARCHAR
2026-08-31 15:46:37,928 INFO sqlalchemy.engine.Engine [cached since 247s ago] ('user_3Idz3lR4nUx32RQ08fmzLywvcaV',)
2026-08-31 15:46:37,929 INFO sqlalchemy.engine.Engine COMMIT
INFO:     127.0.0.1:55168 - "GET /api/v1/doctor-applications/me HTTP/1.1" 200 OK
2026-08-31 15:46:46,010 INFO sqlalchemy.engine.Engine BEGIN (implicit)
2026-08-31 15:46:46,011 INFO sqlalchemy.engine.Engine SELECT users.id, users.practice_id, users.clerk_id, users.email, users.name, users.role, users.phone, users.is_active, users.permissions, users.is_platform_admin, users.created_at, users.updated_at 
FROM users 
WHERE users.clerk_id = $1::VARCHAR
2026-08-31 15:46:46,011 INFO sqlalchemy.engine.Engine [cached since 255.1s ago] ('user_3Idz3lR4nUx32RQ08fmzLywvcaV',)
2026-08-31 15:46:46,013 INFO sqlalchemy.engine.Engine SELECT pending_doctor_requests.id, pending_doctor_requests.practice_id, pending_doctor_requests.clerk_id, pending_doctor_requests.name, pending_doctor_requests.email, pending_doctor_requests.phone, pending_doctor_requests.specialty, pending_doctor_requests.license_number, pending_doctor_requests.bio, pending_doctor_requests.photo_url, pending_doctor_requests.documents, pending_doctor_requests.status, pending_doctor_requests.rejected_reason, pending_doctor_requests.doctor_id, pending_doctor_requests.submitted_at, pending_doctor_requests.reviewed_at 
FROM pending_doctor_requests 
WHERE pending_doctor_requests.clerk_id = $1::VARCHAR
2026-08-31 15:46:46,014 INFO sqlalchemy.engine.Engine [cached since 255s ago] ('user_3Idz3lR4nUx32RQ08fmzLywvcaV',)
2026-08-31 15:46:46,015 INFO sqlalchemy.engine.Engine COMMIT
INFO:     127.0.0.1:55180 - "GET /api/v1/doctor-applications/me HTTP/1.1" 200 OK
2026-08-31 15:46:54,099 INFO sqlalchemy.engine.Engine BEGIN (implicit)
2026-08-31 15:46:54,100 INFO sqlalchemy.engine.Engine SELECT users.id, users.practice_id, users.clerk_id, users.email, users.name, users.role, users.phone, users.is_active, users.permissions, users.is_platform_admin, users.created_at, users.updated_at 
FROM users 
WHERE users.clerk_id = $1::VARCHAR
2026-08-31 15:46:54,100 INFO sqlalchemy.engine.Engine [cached since 263.2s ago] ('user_3Idz3lR4nUx32RQ08fmzLywvcaV',)
2026-08-31 15:46:54,102 INFO sqlalchemy.engine.Engine SELECT pending_doctor_requests.id, pending_doctor_requests.practice_id, pending_doctor_requests.clerk_id, pending_doctor_requests.name, pending_doctor_requests.email, pending_doctor_requests.phone, pending_doctor_requests.specialty, pending_doctor_requests.license_number, pending_doctor_requests.bio, pending_doctor_requests.photo_url, pending_doctor_requests.documents, pending_doctor_requests.status, pending_doctor_requests.rejected_reason, pending_doctor_requests.doctor_id, pending_doctor_requests.submitted_at, pending_doctor_requests.reviewed_at 
FROM pending_doctor_requests 
WHERE pending_doctor_requests.clerk_id = $1::VARCHAR
2026-08-31 15:46:54,103 INFO sqlalchemy.engine.Engine [cached since 263.1s ago] ('user_3Idz3lR4nUx32RQ08fmzLywvcaV',)
2026-08-31 15:46:54,104 INFO sqlalchemy.engine.Engine COMMIT
INFO:     127.0.0.1:55182 - "GET /api/v1/doctor-applications/me HTTP/1.1" 200 OK
INFO:     127.0.0.1:55184 - "GET /health HTTP/1.1" 200 OK
2026-08-31 15:47:03,061 INFO sqlalchemy.engine.Engine BEGIN (implicit)
2026-08-31 15:47:03,062 INFO sqlalchemy.engine.Engine SELECT users.id, users.practice_id, users.clerk_id, users.email, users.name, users.role, users.phone, users.is_active, users.permissions, users.is_platform_admin, users.created_at, users.updated_at 
FROM users 
WHERE users.clerk_id = $1::VARCHAR
2026-08-31 15:47:03,063 INFO sqlalchemy.engine.Engine [cached since 272.1s ago] ('user_3Idz3lR4nUx32RQ08fmzLywvcaV',)
2026-08-31 15:47:03,067 INFO sqlalchemy.engine.Engine SELECT pending_doctor_requests.id, pending_doctor_requests.practice_id, pending_doctor_requests.clerk_id, pending_doctor_requests.name, pending_doctor_requests.email, pending_doctor_requests.phone, pending_doctor_requests.specialty, pending_doctor_requests.license_number, pending_doctor_requests.bio, pending_doctor_requests.photo_url, pending_doctor_requests.documents, pending_doctor_requests.status, pending_doctor_requests.rejected_reason, pending_doctor_requests.doctor_id, pending_doctor_requests.submitted_at, pending_doctor_requests.reviewed_at 
FROM pending_doctor_requests 
WHERE pending_doctor_requests.clerk_id = $1::VARCHAR
2026-08-31 15:47:03,068 INFO sqlalchemy.engine.Engine [cached since 272.1s ago] ('user_3Idz3lR4nUx32RQ08fmzLywvcaV',)
2026-08-31 15:47:03,072 INFO sqlalchemy.engine.Engine COMMIT
INFO:     127.0.0.1:55195 - "GET /api/v1/doctor-applications/me HTTP/1.1" 200 OK
2026-08-31 15:47:12,061 INFO sqlalchemy.engine.Engine BEGIN (implicit)
2026-08-31 15:47:12,063 INFO sqlalchemy.engine.Engine SELECT users.id, users.practice_id, users.clerk_id, users.email, users.name, users.role, users.phone, users.is_active, users.permissions, users.is_platform_admin, users.created_at, users.updated_at 
FROM users 
WHERE users.clerk_id = $1::VARCHAR
2026-08-31 15:47:12,063 INFO sqlalchemy.engine.Engine [cached since 281.1s ago] ('user_3Idz3lR4nUx32RQ08fmzLywvcaV',)
2026-08-31 15:47:12,066 INFO sqlalchemy.engine.Engine SELECT pending_doctor_requests.id, pending_doctor_requests.practice_id, pending_doctor_requests.clerk_id, pending_doctor_requests.name, pending_doctor_requests.email, pending_doctor_requests.phone, pending_doctor_requests.specialty, pending_doctor_requests.license_number, pending_doctor_requests.bio, pending_doctor_requests.photo_url, pending_doctor_requests.documents, pending_doctor_requests.status, pending_doctor_requests.rejected_reason, pending_doctor_requests.doctor_id, pending_doctor_requests.submitted_at, pending_doctor_requests.reviewed_at 
FROM pending_doctor_requests 
WHERE pending_doctor_requests.clerk_id = $1::VARCHAR
2026-08-31 15:47:12,066 INFO sqlalchemy.engine.Engine [cached since 281.1s ago] ('user_3Idz3lR4nUx32RQ08fmzLywvcaV',)
2026-08-31 15:47:12,068 INFO sqlalchemy.engine.Engine COMMIT
INFO:     127.0.0.1:55198 - "GET /api/v1/doctor-applications/me HTTP/1.1" 200 OK
2026-08-31 15:47:21,681 INFO sqlalchemy.engine.Engine BEGIN (implicit)
2026-08-31 15:47:21,683 INFO sqlalchemy.engine.Engine SELECT users.id, users.practice_id, users.clerk_id, users.email, users.name, users.role, users.phone, users.is_active, users.permissions, users.is_platform_admin, users.created_at, users.updated_at 
FROM users 
WHERE users.clerk_id = $1::VARCHAR
2026-08-31 15:47:21,683 INFO sqlalchemy.engine.Engine [cached since 290.7s ago] ('user_3Idz3lR4nUx32RQ08fmzLywvcaV',)
2026-08-31 15:47:21,690 INFO sqlalchemy.engine.Engine SELECT pending_doctor_requests.id, pending_doctor_requests.practice_id, pending_doctor_requests.clerk_id, pending_doctor_requests.name, pending_doctor_requests.email, pending_doctor_requests.phone, pending_doctor_requests.specialty, pending_doctor_requests.license_number, pending_doctor_requests.bio, pending_doctor_requests.photo_url, pending_doctor_requests.documents, pending_doctor_requests.status, pending_doctor_requests.rejected_reason, pending_doctor_requests.doctor_id, pending_doctor_requests.submitted_at, pending_doctor_requests.reviewed_at 
FROM pending_doctor_requests 
WHERE pending_doctor_requests.clerk_id = $1::VARCHAR
2026-08-31 15:47:21,691 INFO sqlalchemy.engine.Engine [cached since 290.7s ago] ('user_3Idz3lR4nUx32RQ08fmzLywvcaV',)
2026-08-31 15:47:21,695 INFO sqlalchemy.engine.Engine COMMIT
INFO:     127.0.0.1:55201 - "GET /api/v1/doctor-applications/me HTTP/1.1" 200 OK
2026-08-31 15:47:32,038 INFO sqlalchemy.engine.Engine BEGIN (implicit)
2026-08-31 15:47:32,039 INFO sqlalchemy.engine.Engine SELECT users.id, users.practice_id, users.clerk_id, users.email, users.name, users.role, users.phone, users.is_active, users.permissions, users.is_platform_admin, users.created_at, users.updated_at 
FROM users 
WHERE users.clerk_id = $1::VARCHAR
2026-08-31 15:47:32,039 INFO sqlalchemy.engine.Engine [cached since 301.1s ago] ('user_3Idz3lR4nUx32RQ08fmzLywvcaV',)
2026-08-31 15:47:32,041 INFO sqlalchemy.engine.Engine SELECT pending_doctor_requests.id, pending_doctor_requests.practice_id, pending_doctor_requests.clerk_id, pending_doctor_requests.name, pending_doctor_requests.email, pending_doctor_requests.phone, pending_doctor_requests.specialty, pending_doctor_requests.license_number, pending_doctor_requests.bio, pending_doctor_requests.photo_url, pending_doctor_requests.documents, pending_doctor_requests.status, pending_doctor_requests.rejected_reason, pending_doctor_requests.doctor_id, pending_doctor_requests.submitted_at, pending_doctor_requests.reviewed_at 
FROM pending_doctor_requests 
WHERE pending_doctor_requests.clerk_id = $1::VARCHAR
2026-08-31 15:47:32,042 INFO sqlalchemy.engine.Engine [cached since 301.1s ago] ('user_3Idz3lR4nUx32RQ08fmzLywvcaV',)
2026-08-31 15:47:32,043 INFO sqlalchemy.engine.Engine COMMIT
INFO:     127.0.0.1:55208 - "GET /api/v1/doctor-applications/me HTTP/1.1" 200 OK
2026-08-31 15:47:41,068 INFO sqlalchemy.engine.Engine BEGIN (implicit)
2026-08-31 15:47:41,069 INFO sqlalchemy.engine.Engine SELECT users.id, users.practice_id, users.clerk_id, users.email, users.name, users.role, users.phone, users.is_active, users.permissions, users.is_platform_admin, users.created_at, users.updated_at 
FROM users 
WHERE users.clerk_id = $1::VARCHAR
2026-08-31 15:47:41,070 INFO sqlalchemy.engine.Engine [cached since 310.1s ago] ('user_3Idz3lR4nUx32RQ08fmzLywvcaV',)
2026-08-31 15:47:41,076 INFO sqlalchemy.engine.Engine SELECT pending_doctor_requests.id, pending_doctor_requests.practice_id, pending_doctor_requests.clerk_id, pending_doctor_requests.name, pending_doctor_requests.email, pending_doctor_requests.phone, pending_doctor_requests.specialty, pending_doctor_requests.license_number, pending_doctor_requests.bio, pending_doctor_requests.photo_url, pending_doctor_requests.documents, pending_doctor_requests.status, pending_doctor_requests.rejected_reason, pending_doctor_requests.doctor_id, pending_doctor_requests.submitted_at, pending_doctor_requests.reviewed_at 
FROM pending_doctor_requests 
WHERE pending_doctor_requests.clerk_id = $1::VARCHAR
2026-08-31 15:47:41,077 INFO sqlalchemy.engine.Engine [cached since 310.1s ago] ('user_3Idz3lR4nUx32RQ08fmzLywvcaV',)
2026-08-31 15:47:41,082 INFO sqlalchemy.engine.Engine COMMIT
INFO:     127.0.0.1:55211 - "GET /api/v1/doctor-applications/me HTTP/1.1" 200 OK
2026-08-31 15:47:50,456 INFO sqlalchemy.engine.Engine BEGIN (implicit)
2026-08-31 15:47:50,458 INFO sqlalchemy.engine.Engine SELECT users.id, users.practice_id, users.clerk_id, users.email, users.name, users.role, users.phone, users.is_active, users.permissions, users.is_platform_admin, users.created_at, users.updated_at 
FROM users 
WHERE users.clerk_id = $1::VARCHAR
2026-08-31 15:47:50,458 INFO sqlalchemy.engine.Engine [cached since 319.5s ago] ('user_3Idz3lR4nUx32RQ08fmzLywvcaV',)
2026-08-31 15:47:50,465 INFO sqlalchemy.engine.Engine SELECT pending_doctor_requests.id, pending_doctor_requests.practice_id, pending_doctor_requests.clerk_id, pending_doctor_requests.name, pending_doctor_requests.email, pending_doctor_requests.phone, pending_doctor_requests.specialty, pending_doctor_requests.license_number, pending_doctor_requests.bio, pending_doctor_requests.photo_url, pending_doctor_requests.documents, pending_doctor_requests.status, pending_doctor_requests.rejected_reason, pending_doctor_requests.doctor_id, pending_doctor_requests.submitted_at, pending_doctor_requests.reviewed_at 
FROM pending_doctor_requests 
WHERE pending_doctor_requests.clerk_id = $1::VARCHAR
2026-08-31 15:47:50,465 INFO sqlalchemy.engine.Engine [cached since 319.5s ago] ('user_3Idz3lR4nUx32RQ08fmzLywvcaV',)
2026-08-31 15:47:50,469 INFO sqlalchemy.engine.Engine COMMIT
INFO:     127.0.0.1:55214 - "GET /api/v1/doctor-applications/me HTTP/1.1" 200 OK
2026-08-31 15:47:59,044 INFO sqlalchemy.engine.Engine BEGIN (implicit)
2026-08-31 15:47:59,046 INFO sqlalchemy.engine.Engine SELECT users.id, users.practice_id, users.clerk_id, users.email, users.name, users.role, users.phone, users.is_active, users.permissions, users.is_platform_admin, users.created_at, users.updated_at 
FROM users 
WHERE users.clerk_id = $1::VARCHAR
2026-08-31 15:47:59,047 INFO sqlalchemy.engine.Engine [cached since 328.1s ago] ('user_3Idz3lR4nUx32RQ08fmzLywvcaV',)
2026-08-31 15:47:59,054 INFO sqlalchemy.engine.Engine SELECT pending_doctor_requests.id, pending_doctor_requests.practice_id, pending_doctor_requests.clerk_id, pending_doctor_requests.name, pending_doctor_requests.email, pending_doctor_requests.phone, pending_doctor_requests.specialty, pending_doctor_requests.license_number, pending_doctor_requests.bio, pending_doctor_requests.photo_url, pending_doctor_requests.documents, pending_doctor_requests.status, pending_doctor_requests.rejected_reason, pending_doctor_requests.doctor_id, pending_doctor_requests.submitted_at, pending_doctor_requests.reviewed_at 
FROM pending_doctor_requests 
WHERE pending_doctor_requests.clerk_id = $1::VARCHAR
2026-08-31 15:47:59,055 INFO sqlalchemy.engine.Engine [cached since 328.1s ago] ('user_3Idz3lR4nUx32RQ08fmzLywvcaV',)
2026-08-31 15:47:59,061 INFO sqlalchemy.engine.Engine COMMIT
INFO:     127.0.0.1:55220 - "GET /api/v1/doctor-applications/me HTTP/1.1" 200 OK
2026-08-31 15:48:08,038 INFO sqlalchemy.engine.Engine BEGIN (implicit)
2026-08-31 15:48:08,039 INFO sqlalchemy.engine.Engine SELECT users.id, users.practice_id, users.clerk_id, users.email, users.name, users.role, users.phone, users.is_active, users.permissions, users.is_platform_admin, users.created_at, users.updated_at 
FROM users 
WHERE users.clerk_id = $1::VARCHAR
2026-08-31 15:48:08,039 INFO sqlalchemy.engine.Engine [cached since 337.1s ago] ('user_3Idz3lR4nUx32RQ08fmzLywvcaV',)
2026-08-31 15:48:08,045 INFO sqlalchemy.engine.Engine SELECT pending_doctor_requests.id, pending_doctor_requests.practice_id, pending_doctor_requests.clerk_id, pending_doctor_requests.name, pending_doctor_requests.email, pending_doctor_requests.phone, pending_doctor_requests.specialty, pending_doctor_requests.license_number, pending_doctor_requests.bio, pending_doctor_requests.photo_url, pending_doctor_requests.documents, pending_doctor_requests.status, pending_doctor_requests.rejected_reason, pending_doctor_requests.doctor_id, pending_doctor_requests.submitted_at, pending_doctor_requests.reviewed_at 
FROM pending_doctor_requests 
WHERE pending_doctor_requests.clerk_id = $1::VARCHAR
2026-08-31 15:48:08,045 INFO sqlalchemy.engine.Engine [cached since 337.1s ago] ('user_3Idz3lR4nUx32RQ08fmzLywvcaV',)
2026-08-31 15:48:08,049 INFO sqlalchemy.engine.Engine COMMIT
INFO:     127.0.0.1:55223 - "GET /api/v1/doctor-applications/me HTTP/1.1" 200 OK
2026-08-31 15:48:17,043 INFO sqlalchemy.engine.Engine BEGIN (implicit)
2026-08-31 15:48:17,044 INFO sqlalchemy.engine.Engine SELECT users.id, users.practice_id, users.clerk_id, users.email, users.name, users.role, users.phone, users.is_active, users.permissions, users.is_platform_admin, users.created_at, users.updated_at 
FROM users 
WHERE users.clerk_id = $1::VARCHAR
2026-08-31 15:48:17,044 INFO sqlalchemy.engine.Engine [cached since 346.1s ago] ('user_3Idz3lR4nUx32RQ08fmzLywvcaV',)
2026-08-31 15:48:17,050 INFO sqlalchemy.engine.Engine SELECT pending_doctor_requests.id, pending_doctor_requests.practice_id, pending_doctor_requests.clerk_id, pending_doctor_requests.name, pending_doctor_requests.email, pending_doctor_requests.phone, pending_doctor_requests.specialty, pending_doctor_requests.license_number, pending_doctor_requests.bio, pending_doctor_requests.photo_url, pending_doctor_requests.documents, pending_doctor_requests.status, pending_doctor_requests.rejected_reason, pending_doctor_requests.doctor_id, pending_doctor_requests.submitted_at, pending_doctor_requests.reviewed_at 
FROM pending_doctor_requests 
WHERE pending_doctor_requests.clerk_id = $1::VARCHAR
2026-08-31 15:48:17,050 INFO sqlalchemy.engine.Engine [cached since 346.1s ago] ('user_3Idz3lR4nUx32RQ08fmzLywvcaV',)
2026-08-31 15:48:17,053 INFO sqlalchemy.engine.Engine COMMIT
INFO:     127.0.0.1:55229 - "GET /api/v1/doctor-applications/me HTTP/1.1" 200 OK
2026-08-31 15:48:26,357 INFO sqlalchemy.engine.Engine BEGIN (implicit)
2026-08-31 15:48:26,358 INFO sqlalchemy.engine.Engine SELECT users.id, users.practice_id, users.clerk_id, users.email, users.name, users.role, users.phone, users.is_active, users.permissions, users.is_platform_admin, users.created_at, users.updated_at 
FROM users 
WHERE users.clerk_id = $1::VARCHAR
2026-08-31 15:48:26,359 INFO sqlalchemy.engine.Engine [cached since 355.4s ago] ('user_3Idz3lR4nUx32RQ08fmzLywvcaV',)
2026-08-31 15:48:26,364 INFO sqlalchemy.engine.Engine SELECT pending_doctor_requests.id, pending_doctor_requests.practice_id, pending_doctor_requests.clerk_id, pending_doctor_requests.name, pending_doctor_requests.email, pending_doctor_requests.phone, pending_doctor_requests.specialty, pending_doctor_requests.license_number, pending_doctor_requests.bio, pending_doctor_requests.photo_url, pending_doctor_requests.documents, pending_doctor_requests.status, pending_doctor_requests.rejected_reason, pending_doctor_requests.doctor_id, pending_doctor_requests.submitted_at, pending_doctor_requests.reviewed_at 
FROM pending_doctor_requests 
WHERE pending_doctor_requests.clerk_id = $1::VARCHAR
2026-08-31 15:48:26,364 INFO sqlalchemy.engine.Engine [cached since 355.4s ago] ('user_3Idz3lR4nUx32RQ08fmzLywvcaV',)
2026-08-31 15:48:26,367 INFO sqlalchemy.engine.Engine COMMIT
INFO:     127.0.0.1:55234 - "GET /api/v1/doctor-applications/me HTTP/1.1" 200 OK
2026-08-31 15:48:36,844 INFO sqlalchemy.engine.Engine BEGIN (implicit)
2026-08-31 15:48:36,845 INFO sqlalchemy.engine.Engine SELECT users.id, users.practice_id, users.clerk_id, users.email, users.name, users.role, users.phone, users.is_active, users.permissions, users.is_platform_admin, users.created_at, users.updated_at 
FROM users 
WHERE users.clerk_id = $1::VARCHAR
2026-08-31 15:48:36,846 INFO sqlalchemy.engine.Engine [cached since 365.9s ago] ('user_3Idz3lR4nUx32RQ08fmzLywvcaV',)
2026-08-31 15:48:36,852 INFO sqlalchemy.engine.Engine SELECT pending_doctor_requests.id, pending_doctor_requests.practice_id, pending_doctor_requests.clerk_id, pending_doctor_requests.name, pending_doctor_requests.email, pending_doctor_requests.phone, pending_doctor_requests.specialty, pending_doctor_requests.license_number, pending_doctor_requests.bio, pending_doctor_requests.photo_url, pending_doctor_requests.documents, pending_doctor_requests.status, pending_doctor_requests.rejected_reason, pending_doctor_requests.doctor_id, pending_doctor_requests.submitted_at, pending_doctor_requests.reviewed_at 
FROM pending_doctor_requests 
WHERE pending_doctor_requests.clerk_id = $1::VARCHAR
2026-08-31 15:48:36,853 INFO sqlalchemy.engine.Engine [cached since 365.9s ago] ('user_3Idz3lR4nUx32RQ08fmzLywvcaV',)
2026-08-31 15:48:36,857 INFO sqlalchemy.engine.Engine COMMIT
INFO:     127.0.0.1:55237 - "GET /api/v1/doctor-applications/me HTTP/1.1" 200 OK
2026-08-31 15:48:45,019 INFO sqlalchemy.engine.Engine BEGIN (implicit)
2026-08-31 15:48:45,020 INFO sqlalchemy.engine.Engine SELECT users.id, users.practice_id, users.clerk_id, users.email, users.name, users.role, users.phone, users.is_active, users.permissions, users.is_platform_admin, users.created_at, users.updated_at 
FROM users 
WHERE users.clerk_id = $1::VARCHAR
2026-08-31 15:48:45,021 INFO sqlalchemy.engine.Engine [cached since 374.1s ago] ('user_3Idz3lR4nUx32RQ08fmzLywvcaV',)
2026-08-31 15:48:45,027 INFO sqlalchemy.engine.Engine SELECT pending_doctor_requests.id, pending_doctor_requests.practice_id, pending_doctor_requests.clerk_id, pending_doctor_requests.name, pending_doctor_requests.email, pending_doctor_requests.phone, pending_doctor_requests.specialty, pending_doctor_requests.license_number, pending_doctor_requests.bio, pending_doctor_requests.photo_url, pending_doctor_requests.documents, pending_doctor_requests.status, pending_doctor_requests.rejected_reason, pending_doctor_requests.doctor_id, pending_doctor_requests.submitted_at, pending_doctor_requests.reviewed_at 
FROM pending_doctor_requests 
WHERE pending_doctor_requests.clerk_id = $1::VARCHAR
2026-08-31 15:48:45,028 INFO sqlalchemy.engine.Engine [cached since 374.1s ago] ('user_3Idz3lR4nUx32RQ08fmzLywvcaV',)
2026-08-31 15:48:45,032 INFO sqlalchemy.engine.Engine COMMIT
INFO:     127.0.0.1:55240 - "GET /api/v1/doctor-applications/me HTTP/1.1" 200 OK
2026-08-31 15:48:55,173 INFO sqlalchemy.engine.Engine BEGIN (implicit)
2026-08-31 15:48:55,174 INFO sqlalchemy.engine.Engine SELECT users.id, users.practice_id, users.clerk_id, users.email, users.name, users.role, users.phone, users.is_active, users.permissions, users.is_platform_admin, users.created_at, users.updated_at 
FROM users 
WHERE users.clerk_id = $1::VARCHAR
2026-08-31 15:48:55,174 INFO sqlalchemy.engine.Engine [cached since 384.2s ago] ('user_3Idz3lR4nUx32RQ08fmzLywvcaV',)
2026-08-31 15:48:55,179 INFO sqlalchemy.engine.Engine SELECT pending_doctor_requests.id, pending_doctor_requests.practice_id, pending_doctor_requests.clerk_id, pending_doctor_requests.name, pending_doctor_requests.email, pending_doctor_requests.phone, pending_doctor_requests.specialty, pending_doctor_requests.license_number, pending_doctor_requests.bio, pending_doctor_requests.photo_url, pending_doctor_requests.documents, pending_doctor_requests.status, pending_doctor_requests.rejected_reason, pending_doctor_requests.doctor_id, pending_doctor_requests.submitted_at, pending_doctor_requests.reviewed_at 
FROM pending_doctor_requests 
WHERE pending_doctor_requests.clerk_id = $1::VARCHAR
2026-08-31 15:48:55,180 INFO sqlalchemy.engine.Engine [cached since 384.2s ago] ('user_3Idz3lR4nUx32RQ08fmzLywvcaV',)
2026-08-31 15:48:55,183 INFO sqlalchemy.engine.Engine COMMIT
INFO:     127.0.0.1:55243 - "GET /api/v1/doctor-applications/me HTTP/1.1" 200 OK
2026-08-31 15:49:04,490 INFO sqlalchemy.engine.Engine BEGIN (implicit)
2026-08-31 15:49:04,492 INFO sqlalchemy.engine.Engine SELECT users.id, users.practice_id, users.clerk_id, users.email, users.name, users.role, users.phone, users.is_active, users.permissions, users.is_platform_admin, users.created_at, users.updated_at 
FROM users 
WHERE users.clerk_id = $1::VARCHAR
2026-08-31 15:49:04,492 INFO sqlalchemy.engine.Engine [cached since 393.6s ago] ('user_3Idz3lR4nUx32RQ08fmzLywvcaV',)
2026-08-31 15:49:04,499 INFO sqlalchemy.engine.Engine SELECT pending_doctor_requests.id, pending_doctor_requests.practice_id, pending_doctor_requests.clerk_id, pending_doctor_requests.name, pending_doctor_requests.email, pending_doctor_requests.phone, pending_doctor_requests.specialty, pending_doctor_requests.license_number, pending_doctor_requests.bio, pending_doctor_requests.photo_url, pending_doctor_requests.documents, pending_doctor_requests.status, pending_doctor_requests.rejected_reason, pending_doctor_requests.doctor_id, pending_doctor_requests.submitted_at, pending_doctor_requests.reviewed_at 
FROM pending_doctor_requests 
WHERE pending_doctor_requests.clerk_id = $1::VARCHAR
2026-08-31 15:49:04,500 INFO sqlalchemy.engine.Engine [cached since 393.5s ago] ('user_3Idz3lR4nUx32RQ08fmzLywvcaV',)
2026-08-31 15:49:04,504 INFO sqlalchemy.engine.Engine COMMIT
INFO:     127.0.0.1:55250 - "GET /api/v1/doctor-applications/me HTTP/1.1" 200 OK
2026-08-31 15:49:13,569 INFO sqlalchemy.engine.Engine BEGIN (implicit)
2026-08-31 15:49:13,570 INFO sqlalchemy.engine.Engine SELECT users.id, users.practice_id, users.clerk_id, users.email, users.name, users.role, users.phone, users.is_active, users.permissions, users.is_platform_admin, users.created_at, users.updated_at 
FROM users 
WHERE users.clerk_id = $1::VARCHAR
2026-08-31 15:49:13,570 INFO sqlalchemy.engine.Engine [cached since 402.6s ago] ('user_3Idz3lR4nUx32RQ08fmzLywvcaV',)
2026-08-31 15:49:13,575 INFO sqlalchemy.engine.Engine SELECT pending_doctor_requests.id, pending_doctor_requests.practice_id, pending_doctor_requests.clerk_id, pending_doctor_requests.name, pending_doctor_requests.email, pending_doctor_requests.phone, pending_doctor_requests.specialty, pending_doctor_requests.license_number, pending_doctor_requests.bio, pending_doctor_requests.photo_url, pending_doctor_requests.documents, pending_doctor_requests.status, pending_doctor_requests.rejected_reason, pending_doctor_requests.doctor_id, pending_doctor_requests.submitted_at, pending_doctor_requests.reviewed_at 
FROM pending_doctor_requests 
WHERE pending_doctor_requests.clerk_id = $1::VARCHAR
2026-08-31 15:49:13,576 INFO sqlalchemy.engine.Engine [cached since 402.6s ago] ('user_3Idz3lR4nUx32RQ08fmzLywvcaV',)
2026-08-31 15:49:13,579 INFO sqlalchemy.engine.Engine COMMIT
INFO:     127.0.0.1:55266 - "GET /api/v1/doctor-applications/me HTTP/1.1" 200 OK
2026-08-31 15:49:22,406 INFO sqlalchemy.engine.Engine BEGIN (implicit)
2026-08-31 15:49:22,407 INFO sqlalchemy.engine.Engine SELECT users.id, users.practice_id, users.clerk_id, users.email, users.name, users.role, users.phone, users.is_active, users.permissions, users.is_platform_admin, users.created_at, users.updated_at 
FROM users 
WHERE users.clerk_id = $1::VARCHAR
2026-08-31 15:49:22,408 INFO sqlalchemy.engine.Engine [cached since 411.5s ago] ('user_3Idz3lR4nUx32RQ08fmzLywvcaV',)
2026-08-31 15:49:22,415 INFO sqlalchemy.engine.Engine SELECT pending_doctor_requests.id, pending_doctor_requests.practice_id, pending_doctor_requests.clerk_id, pending_doctor_requests.name, pending_doctor_requests.email, pending_doctor_requests.phone, pending_doctor_requests.specialty, pending_doctor_requests.license_number, pending_doctor_requests.bio, pending_doctor_requests.photo_url, pending_doctor_requests.documents, pending_doctor_requests.status, pending_doctor_requests.rejected_reason, pending_doctor_requests.doctor_id, pending_doctor_requests.submitted_at, pending_doctor_requests.reviewed_at 
FROM pending_doctor_requests 
WHERE pending_doctor_requests.clerk_id = $1::VARCHAR
2026-08-31 15:49:22,415 INFO sqlalchemy.engine.Engine [cached since 411.4s ago] ('user_3Idz3lR4nUx32RQ08fmzLywvcaV',)
2026-08-31 15:49:22,419 INFO sqlalchemy.engine.Engine COMMIT
INFO:     127.0.0.1:55272 - "GET /api/v1/doctor-applications/me HTTP/1.1" 200 OK
2026-08-31 15:49:31,596 INFO sqlalchemy.engine.Engine BEGIN (implicit)
2026-08-31 15:49:31,597 INFO sqlalchemy.engine.Engine SELECT users.id, users.practice_id, users.clerk_id, users.email, users.name, users.role, users.phone, users.is_active, users.permissions, users.is_platform_admin, users.created_at, users.updated_at 
FROM users 
WHERE users.clerk_id = $1::VARCHAR
2026-08-31 15:49:31,598 INFO sqlalchemy.engine.Engine [cached since 420.7s ago] ('user_3Idz3lR4nUx32RQ08fmzLywvcaV',)
2026-08-31 15:49:31,604 INFO sqlalchemy.engine.Engine SELECT pending_doctor_requests.id, pending_doctor_requests.practice_id, pending_doctor_requests.clerk_id, pending_doctor_requests.name, pending_doctor_requests.email, pending_doctor_requests.phone, pending_doctor_requests.specialty, pending_doctor_requests.license_number, pending_doctor_requests.bio, pending_doctor_requests.photo_url, pending_doctor_requests.documents, pending_doctor_requests.status, pending_doctor_requests.rejected_reason, pending_doctor_requests.doctor_id, pending_doctor_requests.submitted_at, pending_doctor_requests.reviewed_at 
FROM pending_doctor_requests 
WHERE pending_doctor_requests.clerk_id = $1::VARCHAR
2026-08-31 15:49:31,605 INFO sqlalchemy.engine.Engine [cached since 420.6s ago] ('user_3Idz3lR4nUx32RQ08fmzLywvcaV',)
2026-08-31 15:49:31,609 INFO sqlalchemy.engine.Engine COMMIT
INFO:     127.0.0.1:55279 - "GET /api/v1/doctor-applications/me HTTP/1.1" 200 OK
2026-08-31 15:49:40,707 INFO sqlalchemy.engine.Engine BEGIN (implicit)
2026-08-31 15:49:40,709 INFO sqlalchemy.engine.Engine SELECT users.id, users.practice_id, users.clerk_id, users.email, users.name, users.role, users.phone, users.is_active, users.permissions, users.is_platform_admin, users.created_at, users.updated_at 
FROM users 
WHERE users.clerk_id = $1::VARCHAR
2026-08-31 15:49:40,710 INFO sqlalchemy.engine.Engine [cached since 429.8s ago] ('user_3Idz3lR4nUx32RQ08fmzLywvcaV',)
2026-08-31 15:49:40,717 INFO sqlalchemy.engine.Engine SELECT pending_doctor_requests.id, pending_doctor_requests.practice_id, pending_doctor_requests.clerk_id, pending_doctor_requests.name, pending_doctor_requests.email, pending_doctor_requests.phone, pending_doctor_requests.specialty, pending_doctor_requests.license_number, pending_doctor_requests.bio, pending_doctor_requests.photo_url, pending_doctor_requests.documents, pending_doctor_requests.status, pending_doctor_requests.rejected_reason, pending_doctor_requests.doctor_id, pending_doctor_requests.submitted_at, pending_doctor_requests.reviewed_at 
FROM pending_doctor_requests 
WHERE pending_doctor_requests.clerk_id = $1::VARCHAR
2026-08-31 15:49:40,718 INFO sqlalchemy.engine.Engine [cached since 429.7s ago] ('user_3Idz3lR4nUx32RQ08fmzLywvcaV',)
2026-08-31 15:49:40,722 INFO sqlalchemy.engine.Engine COMMIT
INFO:     127.0.0.1:55282 - "GET /api/v1/doctor-applications/me HTTP/1.1" 200 OK
2026-08-31 15:49:49,049 INFO sqlalchemy.engine.Engine BEGIN (implicit)
2026-08-31 15:49:49,051 INFO sqlalchemy.engine.Engine SELECT users.id, users.practice_id, users.clerk_id, users.email, users.name, users.role, users.phone, users.is_active, users.permissions, users.is_platform_admin, users.created_at, users.updated_at 
FROM users 
WHERE users.clerk_id = $1::VARCHAR
2026-08-31 15:49:49,051 INFO sqlalchemy.engine.Engine [cached since 438.1s ago] ('user_3Idz3lR4nUx32RQ08fmzLywvcaV',)
2026-08-31 15:49:49,058 INFO sqlalchemy.engine.Engine SELECT pending_doctor_requests.id, pending_doctor_requests.practice_id, pending_doctor_requests.clerk_id, pending_doctor_requests.name, pending_doctor_requests.email, pending_doctor_requests.phone, pending_doctor_requests.specialty, pending_doctor_requests.license_number, pending_doctor_requests.bio, pending_doctor_requests.photo_url, pending_doctor_requests.documents, pending_doctor_requests.status, pending_doctor_requests.rejected_reason, pending_doctor_requests.doctor_id, pending_doctor_requests.submitted_at, pending_doctor_requests.reviewed_at 
FROM pending_doctor_requests 
WHERE pending_doctor_requests.clerk_id = $1::VARCHAR
2026-08-31 15:49:49,059 INFO sqlalchemy.engine.Engine [cached since 438.1s ago] ('user_3Idz3lR4nUx32RQ08fmzLywvcaV',)
2026-08-31 15:49:49,066 INFO sqlalchemy.engine.Engine COMMIT
INFO:     127.0.0.1:55288 - "GET /api/v1/doctor-applications/me HTTP/1.1" 200 OK
2026-08-31 15:49:58,074 INFO sqlalchemy.engine.Engine BEGIN (implicit)
2026-08-31 15:49:58,075 INFO sqlalchemy.engine.Engine SELECT users.id, users.practice_id, users.clerk_id, users.email, users.name, users.role, users.phone, users.is_active, users.permissions, users.is_platform_admin, users.created_at, users.updated_at 
FROM users 
WHERE users.clerk_id = $1::VARCHAR
2026-08-31 15:49:58,076 INFO sqlalchemy.engine.Engine [cached since 447.1s ago] ('user_3Idz3lR4nUx32RQ08fmzLywvcaV',)
2026-08-31 15:49:58,082 INFO sqlalchemy.engine.Engine SELECT pending_doctor_requests.id, pending_doctor_requests.practice_id, pending_doctor_requests.clerk_id, pending_doctor_requests.name, pending_doctor_requests.email, pending_doctor_requests.phone, pending_doctor_requests.specialty, pending_doctor_requests.license_number, pending_doctor_requests.bio, pending_doctor_requests.photo_url, pending_doctor_requests.documents, pending_doctor_requests.status, pending_doctor_requests.rejected_reason, pending_doctor_requests.doctor_id, pending_doctor_requests.submitted_at, pending_doctor_requests.reviewed_at 
FROM pending_doctor_requests 
WHERE pending_doctor_requests.clerk_id = $1::VARCHAR
2026-08-31 15:49:58,083 INFO sqlalchemy.engine.Engine [cached since 447.1s ago] ('user_3Idz3lR4nUx32RQ08fmzLywvcaV',)
2026-08-31 15:49:58,087 INFO sqlalchemy.engine.Engine COMMIT
INFO:     127.0.0.1:55294 - "GET /api/v1/doctor-applications/me HTTP/1.1" 200 OK
2026-08-31 15:50:07,105 INFO sqlalchemy.engine.Engine BEGIN (implicit)
2026-08-31 15:50:07,106 INFO sqlalchemy.engine.Engine SELECT users.id, users.practice_id, users.clerk_id, users.email, users.name, users.role, users.phone, users.is_active, users.permissions, users.is_platform_admin, users.created_at, users.updated_at 
FROM users 
WHERE users.clerk_id = $1::VARCHAR
2026-08-31 15:50:07,106 INFO sqlalchemy.engine.Engine [cached since 456.2s ago] ('user_3Idz3lR4nUx32RQ08fmzLywvcaV',)
2026-08-31 15:50:07,109 INFO sqlalchemy.engine.Engine SELECT pending_doctor_requests.id, pending_doctor_requests.practice_id, pending_doctor_requests.clerk_id, pending_doctor_requests.name, pending_doctor_requests.email, pending_doctor_requests.phone, pending_doctor_requests.specialty, pending_doctor_requests.license_number, pending_doctor_requests.bio, pending_doctor_requests.photo_url, pending_doctor_requests.documents, pending_doctor_requests.status, pending_doctor_requests.rejected_reason, pending_doctor_requests.doctor_id, pending_doctor_requests.submitted_at, pending_doctor_requests.reviewed_at 
FROM pending_doctor_requests 
WHERE pending_doctor_requests.clerk_id = $1::VARCHAR
2026-08-31 15:50:07,109 INFO sqlalchemy.engine.Engine [cached since 456.1s ago] ('user_3Idz3lR4nUx32RQ08fmzLywvcaV',)
2026-08-31 15:50:07,111 INFO sqlalchemy.engine.Engine COMMIT
INFO:     127.0.0.1:55297 - "GET /api/v1/doctor-applications/me HTTP/1.1" 200 OK
2026-08-31 15:50:16,414 INFO sqlalchemy.engine.Engine BEGIN (implicit)
2026-08-31 15:50:16,415 INFO sqlalchemy.engine.Engine SELECT users.id, users.practice_id, users.clerk_id, users.email, users.name, users.role, users.phone, users.is_active, users.permissions, users.is_platform_admin, users.created_at, users.updated_at 
FROM users 
WHERE users.clerk_id = $1::VARCHAR
2026-08-31 15:50:16,415 INFO sqlalchemy.engine.Engine [cached since 465.5s ago] ('user_3Idz3lR4nUx32RQ08fmzLywvcaV',)
2026-08-31 15:50:16,418 INFO sqlalchemy.engine.Engine SELECT pending_doctor_requests.id, pending_doctor_requests.practice_id, pending_doctor_requests.clerk_id, pending_doctor_requests.name, pending_doctor_requests.email, pending_doctor_requests.phone, pending_doctor_requests.specialty, pending_doctor_requests.license_number, pending_doctor_requests.bio, pending_doctor_requests.photo_url, pending_doctor_requests.documents, pending_doctor_requests.status, pending_doctor_requests.rejected_reason, pending_doctor_requests.doctor_id, pending_doctor_requests.submitted_at, pending_doctor_requests.reviewed_at 
FROM pending_doctor_requests 
WHERE pending_doctor_requests.clerk_id = $1::VARCHAR
2026-08-31 15:50:16,419 INFO sqlalchemy.engine.Engine [cached since 465.4s ago] ('user_3Idz3lR4nUx32RQ08fmzLywvcaV',)
2026-08-31 15:50:16,420 INFO sqlalchemy.engine.Engine COMMIT
INFO:     127.0.0.1:55299 - "GET /api/v1/doctor-applications/me HTTP/1.1" 200 OK
2026-08-31 15:50:25,042 INFO sqlalchemy.engine.Engine BEGIN (implicit)
2026-08-31 15:50:25,044 INFO sqlalchemy.engine.Engine SELECT users.id, users.practice_id, users.clerk_id, users.email, users.name, users.role, users.phone, users.is_active, users.permissions, users.is_platform_admin, users.created_at, users.updated_at 
FROM users 
WHERE users.clerk_id = $1::VARCHAR
2026-08-31 15:50:25,044 INFO sqlalchemy.engine.Engine [cached since 474.1s ago] ('user_3Idz3lR4nUx32RQ08fmzLywvcaV',)
2026-08-31 15:50:25,049 INFO sqlalchemy.engine.Engine SELECT pending_doctor_requests.id, pending_doctor_requests.practice_id, pending_doctor_requests.clerk_id, pending_doctor_requests.name, pending_doctor_requests.email, pending_doctor_requests.phone, pending_doctor_requests.specialty, pending_doctor_requests.license_number, pending_doctor_requests.bio, pending_doctor_requests.photo_url, pending_doctor_requests.documents, pending_doctor_requests.status, pending_doctor_requests.rejected_reason, pending_doctor_requests.doctor_id, pending_doctor_requests.submitted_at, pending_doctor_requests.reviewed_at 
FROM pending_doctor_requests 
WHERE pending_doctor_requests.clerk_id = $1::VARCHAR
2026-08-31 15:50:25,050 INFO sqlalchemy.engine.Engine [cached since 474.1s ago] ('user_3Idz3lR4nUx32RQ08fmzLywvcaV',)
2026-08-31 15:50:25,053 INFO sqlalchemy.engine.Engine COMMIT
INFO:     127.0.0.1:55302 - "GET /api/v1/doctor-applications/me HTTP/1.1" 200 OK
2026-08-31 15:50:36,336 INFO sqlalchemy.engine.Engine BEGIN (implicit)
2026-08-31 15:50:36,338 INFO sqlalchemy.engine.Engine SELECT users.id, users.practice_id, users.clerk_id, users.email, users.name, users.role, users.phone, users.is_active, users.permissions, users.is_platform_admin, users.created_at, users.updated_at 
FROM users 
WHERE users.clerk_id = $1::VARCHAR
2026-08-31 15:50:36,338 INFO sqlalchemy.engine.Engine [cached since 485.4s ago] ('user_3Idz3lR4nUx32RQ08fmzLywvcaV',)
2026-08-31 15:50:36,345 INFO sqlalchemy.engine.Engine SELECT pending_doctor_requests.id, pending_doctor_requests.practice_id, pending_doctor_requests.clerk_id, pending_doctor_requests.name, pending_doctor_requests.email, pending_doctor_requests.phone, pending_doctor_requests.specialty, pending_doctor_requests.license_number, pending_doctor_requests.bio, pending_doctor_requests.photo_url, pending_doctor_requests.documents, pending_doctor_requests.status, pending_doctor_requests.rejected_reason, pending_doctor_requests.doctor_id, pending_doctor_requests.submitted_at, pending_doctor_requests.reviewed_at 
FROM pending_doctor_requests 
WHERE pending_doctor_requests.clerk_id = $1::VARCHAR
2026-08-31 15:50:36,345 INFO sqlalchemy.engine.Engine [cached since 485.4s ago] ('user_3Idz3lR4nUx32RQ08fmzLywvcaV',)
2026-08-31 15:50:36,349 INFO sqlalchemy.engine.Engine COMMIT
INFO:     127.0.0.1:55308 - "GET /api/v1/doctor-applications/me HTTP/1.1" 200 OK
2026-08-31 15:50:45,045 INFO sqlalchemy.engine.Engine BEGIN (implicit)
2026-08-31 15:50:45,047 INFO sqlalchemy.engine.Engine SELECT users.id, users.practice_id, users.clerk_id, users.email, users.name, users.role, users.phone, users.is_active, users.permissions, users.is_platform_admin, users.created_at, users.updated_at 
FROM users 
WHERE users.clerk_id = $1::VARCHAR
2026-08-31 15:50:45,047 INFO sqlalchemy.engine.Engine [cached since 494.1s ago] ('user_3Idz3lR4nUx32RQ08fmzLywvcaV',)
2026-08-31 15:50:45,052 INFO sqlalchemy.engine.Engine SELECT pending_doctor_requests.id, pending_doctor_requests.practice_id, pending_doctor_requests.clerk_id, pending_doctor_requests.name, pending_doctor_requests.email, pending_doctor_requests.phone, pending_doctor_requests.specialty, pending_doctor_requests.license_number, pending_doctor_requests.bio, pending_doctor_requests.photo_url, pending_doctor_requests.documents, pending_doctor_requests.status, pending_doctor_requests.rejected_reason, pending_doctor_requests.doctor_id, pending_doctor_requests.submitted_at, pending_doctor_requests.reviewed_at 
FROM pending_doctor_requests 
WHERE pending_doctor_requests.clerk_id = $1::VARCHAR
2026-08-31 15:50:45,053 INFO sqlalchemy.engine.Engine [cached since 494.1s ago] ('user_3Idz3lR4nUx32RQ08fmzLywvcaV',)
2026-08-31 15:50:45,057 INFO sqlalchemy.engine.Engine COMMIT
INFO:     127.0.0.1:55314 - "GET /api/v1/doctor-applications/me HTTP/1.1" 200 OK
2026-08-31 15:50:54,084 INFO sqlalchemy.engine.Engine BEGIN (implicit)
2026-08-31 15:50:54,085 INFO sqlalchemy.engine.Engine SELECT users.id, users.practice_id, users.clerk_id, users.email, users.name, users.role, users.phone, users.is_active, users.permissions, users.is_platform_admin, users.created_at, users.updated_at 
FROM users 
WHERE users.clerk_id = $1::VARCHAR
2026-08-31 15:50:54,086 INFO sqlalchemy.engine.Engine [cached since 503.2s ago] ('user_3Idz3lR4nUx32RQ08fmzLywvcaV',)
2026-08-31 15:50:54,092 INFO sqlalchemy.engine.Engine SELECT pending_doctor_requests.id, pending_doctor_requests.practice_id, pending_doctor_requests.clerk_id, pending_doctor_requests.name, pending_doctor_requests.email, pending_doctor_requests.phone, pending_doctor_requests.specialty, pending_doctor_requests.license_number, pending_doctor_requests.bio, pending_doctor_requests.photo_url, pending_doctor_requests.documents, pending_doctor_requests.status, pending_doctor_requests.rejected_reason, pending_doctor_requests.doctor_id, pending_doctor_requests.submitted_at, pending_doctor_requests.reviewed_at 
FROM pending_doctor_requests 
WHERE pending_doctor_requests.clerk_id = $1::VARCHAR
2026-08-31 15:50:54,093 INFO sqlalchemy.engine.Engine [cached since 503.1s ago] ('user_3Idz3lR4nUx32RQ08fmzLywvcaV',)
2026-08-31 15:50:54,097 INFO sqlalchemy.engine.Engine COMMIT
INFO:     127.0.0.1:55317 - "GET /api/v1/doctor-applications/me HTTP/1.1" 200 OK
2026-08-31 15:51:03,058 INFO sqlalchemy.engine.Engine BEGIN (implicit)
2026-08-31 15:51:03,059 INFO sqlalchemy.engine.Engine SELECT users.id, users.practice_id, users.clerk_id, users.email, users.name, users.role, users.phone, users.is_active, users.permissions, users.is_platform_admin, users.created_at, users.updated_at 
FROM users 
WHERE users.clerk_id = $1::VARCHAR
2026-08-31 15:51:03,059 INFO sqlalchemy.engine.Engine [cached since 512.1s ago] ('user_3Idz3lR4nUx32RQ08fmzLywvcaV',)
2026-08-31 15:51:03,061 INFO sqlalchemy.engine.Engine SELECT pending_doctor_requests.id, pending_doctor_requests.practice_id, pending_doctor_requests.clerk_id, pending_doctor_requests.name, pending_doctor_requests.email, pending_doctor_requests.phone, pending_doctor_requests.specialty, pending_doctor_requests.license_number, pending_doctor_requests.bio, pending_doctor_requests.photo_url, pending_doctor_requests.documents, pending_doctor_requests.status, pending_doctor_requests.rejected_reason, pending_doctor_requests.doctor_id, pending_doctor_requests.submitted_at, pending_doctor_requests.reviewed_at 
FROM pending_doctor_requests 
WHERE pending_doctor_requests.clerk_id = $1::VARCHAR
2026-08-31 15:51:03,062 INFO sqlalchemy.engine.Engine [cached since 512.1s ago] ('user_3Idz3lR4nUx32RQ08fmzLywvcaV',)
2026-08-31 15:51:03,063 INFO sqlalchemy.engine.Engine COMMIT
INFO:     127.0.0.1:55320 - "GET /api/v1/doctor-applications/me HTTP/1.1" 200 OK
2026-08-31 15:51:12,075 INFO sqlalchemy.engine.Engine BEGIN (implicit)
2026-08-31 15:51:12,076 INFO sqlalchemy.engine.Engine SELECT users.id, users.practice_id, users.clerk_id, users.email, users.name, users.role, users.phone, users.is_active, users.permissions, users.is_platform_admin, users.created_at, users.updated_at 
FROM users 
WHERE users.clerk_id = $1::VARCHAR
2026-08-31 15:51:12,077 INFO sqlalchemy.engine.Engine [cached since 521.1s ago] ('user_3Idz3lR4nUx32RQ08fmzLywvcaV',)
2026-08-31 15:51:12,081 INFO sqlalchemy.engine.Engine SELECT pending_doctor_requests.id, pending_doctor_requests.practice_id, pending_doctor_requests.clerk_id, pending_doctor_requests.name, pending_doctor_requests.email, pending_doctor_requests.phone, pending_doctor_requests.specialty, pending_doctor_requests.license_number, pending_doctor_requests.bio, pending_doctor_requests.photo_url, pending_doctor_requests.documents, pending_doctor_requests.status, pending_doctor_requests.rejected_reason, pending_doctor_requests.doctor_id, pending_doctor_requests.submitted_at, pending_doctor_requests.reviewed_at 
FROM pending_doctor_requests 
WHERE pending_doctor_requests.clerk_id = $1::VARCHAR
2026-08-31 15:51:12,081 INFO sqlalchemy.engine.Engine [cached since 521.1s ago] ('user_3Idz3lR4nUx32RQ08fmzLywvcaV',)
2026-08-31 15:51:12,084 INFO sqlalchemy.engine.Engine COMMIT
INFO:     127.0.0.1:55335 - "GET /api/v1/doctor-applications/me HTTP/1.1" 200 OK
2026-08-31 15:51:21,037 INFO sqlalchemy.engine.Engine BEGIN (implicit)
2026-08-31 15:51:21,038 INFO sqlalchemy.engine.Engine SELECT users.id, users.practice_id, users.clerk_id, users.email, users.name, users.role, users.phone, users.is_active, users.permissions, users.is_platform_admin, users.created_at, users.updated_at 
FROM users 
WHERE users.clerk_id = $1::VARCHAR
2026-08-31 15:51:21,038 INFO sqlalchemy.engine.Engine [cached since 530.1s ago] ('user_3Idz3lR4nUx32RQ08fmzLywvcaV',)
2026-08-31 15:51:21,040 INFO sqlalchemy.engine.Engine SELECT pending_doctor_requests.id, pending_doctor_requests.practice_id, pending_doctor_requests.clerk_id, pending_doctor_requests.name, pending_doctor_requests.email, pending_doctor_requests.phone, pending_doctor_requests.specialty, pending_doctor_requests.license_number, pending_doctor_requests.bio, pending_doctor_requests.photo_url, pending_doctor_requests.documents, pending_doctor_requests.status, pending_doctor_requests.rejected_reason, pending_doctor_requests.doctor_id, pending_doctor_requests.submitted_at, pending_doctor_requests.reviewed_at 
FROM pending_doctor_requests 
WHERE pending_doctor_requests.clerk_id = $1::VARCHAR
2026-08-31 15:51:21,041 INFO sqlalchemy.engine.Engine [cached since 530.1s ago] ('user_3Idz3lR4nUx32RQ08fmzLywvcaV',)
2026-08-31 15:51:21,042 INFO sqlalchemy.engine.Engine COMMIT
INFO:     127.0.0.1:55344 - "GET /api/v1/doctor-applications/me HTTP/1.1" 200 OK
2026-08-31 15:51:30,496 INFO sqlalchemy.engine.Engine BEGIN (implicit)
2026-08-31 15:51:30,497 INFO sqlalchemy.engine.Engine SELECT users.id, users.practice_id, users.clerk_id, users.email, users.name, users.role, users.phone, users.is_active, users.permissions, users.is_platform_admin, users.created_at, users.updated_at 
FROM users 
WHERE users.clerk_id = $1::VARCHAR
2026-08-31 15:51:30,498 INFO sqlalchemy.engine.Engine [cached since 539.6s ago] ('user_3Idz3lR4nUx32RQ08fmzLywvcaV',)
2026-08-31 15:51:30,504 INFO sqlalchemy.engine.Engine SELECT pending_doctor_requests.id, pending_doctor_requests.practice_id, pending_doctor_requests.clerk_id, pending_doctor_requests.name, pending_doctor_requests.email, pending_doctor_requests.phone, pending_doctor_requests.specialty, pending_doctor_requests.license_number, pending_doctor_requests.bio, pending_doctor_requests.photo_url, pending_doctor_requests.documents, pending_doctor_requests.status, pending_doctor_requests.rejected_reason, pending_doctor_requests.doctor_id, pending_doctor_requests.submitted_at, pending_doctor_requests.reviewed_at 
FROM pending_doctor_requests 
WHERE pending_doctor_requests.clerk_id = $1::VARCHAR
2026-08-31 15:51:30,505 INFO sqlalchemy.engine.Engine [cached since 539.5s ago] ('user_3Idz3lR4nUx32RQ08fmzLywvcaV',)
2026-08-31 15:51:30,509 INFO sqlalchemy.engine.Engine COMMIT
INFO:     127.0.0.1:55350 - "GET /api/v1/doctor-applications/me HTTP/1.1" 200 OK
2026-08-31 15:51:39,821 INFO sqlalchemy.engine.Engine BEGIN (implicit)
2026-08-31 15:51:39,823 INFO sqlalchemy.engine.Engine SELECT users.id, users.practice_id, users.clerk_id, users.email, users.name, users.role, users.phone, users.is_active, users.permissions, users.is_platform_admin, users.created_at, users.updated_at 
FROM users 
WHERE users.clerk_id = $1::VARCHAR
2026-08-31 15:51:39,824 INFO sqlalchemy.engine.Engine [cached since 548.9s ago] ('user_3Idz3lR4nUx32RQ08fmzLywvcaV',)
2026-08-31 15:51:39,834 INFO sqlalchemy.engine.Engine SELECT pending_doctor_requests.id, pending_doctor_requests.practice_id, pending_doctor_requests.clerk_id, pending_doctor_requests.name, pending_doctor_requests.email, pending_doctor_requests.phone, pending_doctor_requests.specialty, pending_doctor_requests.license_number, pending_doctor_requests.bio, pending_doctor_requests.photo_url, pending_doctor_requests.documents, pending_doctor_requests.status, pending_doctor_requests.rejected_reason, pending_doctor_requests.doctor_id, pending_doctor_requests.submitted_at, pending_doctor_requests.reviewed_at 
FROM pending_doctor_requests 
WHERE pending_doctor_requests.clerk_id = $1::VARCHAR
2026-08-31 15:51:39,836 INFO sqlalchemy.engine.Engine [cached since 548.9s ago] ('user_3Idz3lR4nUx32RQ08fmzLywvcaV',)
2026-08-31 15:51:39,842 INFO sqlalchemy.engine.Engine COMMIT
INFO:     127.0.0.1:55355 - "GET /api/v1/doctor-applications/me HTTP/1.1" 200 OK
2026-08-31 15:51:48,422 INFO sqlalchemy.engine.Engine BEGIN (implicit)
2026-08-31 15:51:48,424 INFO sqlalchemy.engine.Engine SELECT users.id, users.practice_id, users.clerk_id, users.email, users.name, users.role, users.phone, users.is_active, users.permissions, users.is_platform_admin, users.created_at, users.updated_at 
FROM users 
WHERE users.clerk_id = $1::VARCHAR
2026-08-31 15:51:48,424 INFO sqlalchemy.engine.Engine [cached since 557.5s ago] ('user_3Idz3lR4nUx32RQ08fmzLywvcaV',)
2026-08-31 15:51:48,429 INFO sqlalchemy.engine.Engine SELECT pending_doctor_requests.id, pending_doctor_requests.practice_id, pending_doctor_requests.clerk_id, pending_doctor_requests.name, pending_doctor_requests.email, pending_doctor_requests.phone, pending_doctor_requests.specialty, pending_doctor_requests.license_number, pending_doctor_requests.bio, pending_doctor_requests.photo_url, pending_doctor_requests.documents, pending_doctor_requests.status, pending_doctor_requests.rejected_reason, pending_doctor_requests.doctor_id, pending_doctor_requests.submitted_at, pending_doctor_requests.reviewed_at 
FROM pending_doctor_requests 
WHERE pending_doctor_requests.clerk_id = $1::VARCHAR
2026-08-31 15:51:48,430 INFO sqlalchemy.engine.Engine [cached since 557.5s ago] ('user_3Idz3lR4nUx32RQ08fmzLywvcaV',)
2026-08-31 15:51:48,434 INFO sqlalchemy.engine.Engine COMMIT
INFO:     127.0.0.1:55361 - "GET /api/v1/doctor-applications/me HTTP/1.1" 200 OK
2026-08-31 15:51:57,063 INFO sqlalchemy.engine.Engine BEGIN (implicit)
2026-08-31 15:51:57,064 INFO sqlalchemy.engine.Engine SELECT users.id, users.practice_id, users.clerk_id, users.email, users.name, users.role, users.phone, users.is_active, users.permissions, users.is_platform_admin, users.created_at, users.updated_at 
FROM users 
WHERE users.clerk_id = $1::VARCHAR
2026-08-31 15:51:57,065 INFO sqlalchemy.engine.Engine [cached since 566.1s ago] ('user_3Idz3lR4nUx32RQ08fmzLywvcaV',)
2026-08-31 15:51:57,071 INFO sqlalchemy.engine.Engine SELECT pending_doctor_requests.id, pending_doctor_requests.practice_id, pending_doctor_requests.clerk_id, pending_doctor_requests.name, pending_doctor_requests.email, pending_doctor_requests.phone, pending_doctor_requests.specialty, pending_doctor_requests.license_number, pending_doctor_requests.bio, pending_doctor_requests.photo_url, pending_doctor_requests.documents, pending_doctor_requests.status, pending_doctor_requests.rejected_reason, pending_doctor_requests.doctor_id, pending_doctor_requests.submitted_at, pending_doctor_requests.reviewed_at 
FROM pending_doctor_requests 
WHERE pending_doctor_requests.clerk_id = $1::VARCHAR
2026-08-31 15:51:57,072 INFO sqlalchemy.engine.Engine [cached since 566.1s ago] ('user_3Idz3lR4nUx32RQ08fmzLywvcaV',)
2026-08-31 15:51:57,075 INFO sqlalchemy.engine.Engine COMMIT
INFO:     127.0.0.1:55365 - "GET /api/v1/doctor-applications/me HTTP/1.1" 200 OK
2026-08-31 15:52:06,956 INFO sqlalchemy.engine.Engine BEGIN (implicit)
2026-08-31 15:52:06,957 INFO sqlalchemy.engine.Engine SELECT users.id, users.practice_id, users.clerk_id, users.email, users.name, users.role, users.phone, users.is_active, users.permissions, users.is_platform_admin, users.created_at, users.updated_at 
FROM users 
WHERE users.clerk_id = $1::VARCHAR
2026-08-31 15:52:06,958 INFO sqlalchemy.engine.Engine [cached since 576s ago] ('user_3Idz3lR4nUx32RQ08fmzLywvcaV',)
2026-08-31 15:52:06,964 INFO sqlalchemy.engine.Engine SELECT pending_doctor_requests.id, pending_doctor_requests.practice_id, pending_doctor_requests.clerk_id, pending_doctor_requests.name, pending_doctor_requests.email, pending_doctor_requests.phone, pending_doctor_requests.specialty, pending_doctor_requests.license_number, pending_doctor_requests.bio, pending_doctor_requests.photo_url, pending_doctor_requests.documents, pending_doctor_requests.status, pending_doctor_requests.rejected_reason, pending_doctor_requests.doctor_id, pending_doctor_requests.submitted_at, pending_doctor_requests.reviewed_at 
FROM pending_doctor_requests 
WHERE pending_doctor_requests.clerk_id = $1::VARCHAR
2026-08-31 15:52:06,965 INFO sqlalchemy.engine.Engine [cached since 576s ago] ('user_3Idz3lR4nUx32RQ08fmzLywvcaV',)
2026-08-31 15:52:06,969 INFO sqlalchemy.engine.Engine COMMIT
INFO:     127.0.0.1:55376 - "GET /api/v1/doctor-applications/me HTTP/1.1" 200 OK
2026-08-31 15:52:16,479 INFO sqlalchemy.engine.Engine BEGIN (implicit)
2026-08-31 15:52:16,480 INFO sqlalchemy.engine.Engine SELECT users.id, users.practice_id, users.clerk_id, users.email, users.name, users.role, users.phone, users.is_active, users.permissions, users.is_platform_admin, users.created_at, users.updated_at 
FROM users 
WHERE users.clerk_id = $1::VARCHAR
2026-08-31 15:52:16,480 INFO sqlalchemy.engine.Engine [cached since 585.5s ago] ('user_3Idz3lR4nUx32RQ08fmzLywvcaV',)
2026-08-31 15:52:16,485 INFO sqlalchemy.engine.Engine SELECT pending_doctor_requests.id, pending_doctor_requests.practice_id, pending_doctor_requests.clerk_id, pending_doctor_requests.name, pending_doctor_requests.email, pending_doctor_requests.phone, pending_doctor_requests.specialty, pending_doctor_requests.license_number, pending_doctor_requests.bio, pending_doctor_requests.photo_url, pending_doctor_requests.documents, pending_doctor_requests.status, pending_doctor_requests.rejected_reason, pending_doctor_requests.doctor_id, pending_doctor_requests.submitted_at, pending_doctor_requests.reviewed_at 
FROM pending_doctor_requests 
WHERE pending_doctor_requests.clerk_id = $1::VARCHAR
2026-08-31 15:52:16,486 INFO sqlalchemy.engine.Engine [cached since 585.5s ago] ('user_3Idz3lR4nUx32RQ08fmzLywvcaV',)
2026-08-31 15:52:16,489 INFO sqlalchemy.engine.Engine COMMIT
INFO:     127.0.0.1:55385 - "GET /api/v1/doctor-applications/me HTTP/1.1" 200 OK
2026-08-31 15:52:25,076 INFO sqlalchemy.engine.Engine BEGIN (implicit)
2026-08-31 15:52:25,077 INFO sqlalchemy.engine.Engine SELECT users.id, users.practice_id, users.clerk_id, users.email, users.name, users.role, users.phone, users.is_active, users.permissions, users.is_platform_admin, users.created_at, users.updated_at 
FROM users 
WHERE users.clerk_id = $1::VARCHAR
2026-08-31 15:52:25,078 INFO sqlalchemy.engine.Engine [cached since 594.1s ago] ('user_3Idz3lR4nUx32RQ08fmzLywvcaV',)
2026-08-31 15:52:25,083 INFO sqlalchemy.engine.Engine SELECT pending_doctor_requests.id, pending_doctor_requests.practice_id, pending_doctor_requests.clerk_id, pending_doctor_requests.name, pending_doctor_requests.email, pending_doctor_requests.phone, pending_doctor_requests.specialty, pending_doctor_requests.license_number, pending_doctor_requests.bio, pending_doctor_requests.photo_url, pending_doctor_requests.documents, pending_doctor_requests.status, pending_doctor_requests.rejected_reason, pending_doctor_requests.doctor_id, pending_doctor_requests.submitted_at, pending_doctor_requests.reviewed_at 
FROM pending_doctor_requests 
WHERE pending_doctor_requests.clerk_id = $1::VARCHAR
2026-08-31 15:52:25,084 INFO sqlalchemy.engine.Engine [cached since 594.1s ago] ('user_3Idz3lR4nUx32RQ08fmzLywvcaV',)
2026-08-31 15:52:25,087 INFO sqlalchemy.engine.Engine COMMIT
INFO:     127.0.0.1:55388 - "GET /api/v1/doctor-applications/me HTTP/1.1" 200 OK
2026-08-31 15:52:34,038 INFO sqlalchemy.engine.Engine BEGIN (implicit)
2026-08-31 15:52:34,039 INFO sqlalchemy.engine.Engine SELECT users.id, users.practice_id, users.clerk_id, users.email, users.name, users.role, users.phone, users.is_active, users.permissions, users.is_platform_admin, users.created_at, users.updated_at 
FROM users 
WHERE users.clerk_id = $1::VARCHAR
2026-08-31 15:52:34,040 INFO sqlalchemy.engine.Engine [cached since 603.1s ago] ('user_3Idz3lR4nUx32RQ08fmzLywvcaV',)
2026-08-31 15:52:34,046 INFO sqlalchemy.engine.Engine SELECT pending_doctor_requests.id, pending_doctor_requests.practice_id, pending_doctor_requests.clerk_id, pending_doctor_requests.name, pending_doctor_requests.email, pending_doctor_requests.phone, pending_doctor_requests.specialty, pending_doctor_requests.license_number, pending_doctor_requests.bio, pending_doctor_requests.photo_url, pending_doctor_requests.documents, pending_doctor_requests.status, pending_doctor_requests.rejected_reason, pending_doctor_requests.doctor_id, pending_doctor_requests.submitted_at, pending_doctor_requests.reviewed_at 
FROM pending_doctor_requests 
WHERE pending_doctor_requests.clerk_id = $1::VARCHAR
2026-08-31 15:52:34,047 INFO sqlalchemy.engine.Engine [cached since 603.1s ago] ('user_3Idz3lR4nUx32RQ08fmzLywvcaV',)
2026-08-31 15:52:34,051 INFO sqlalchemy.engine.Engine COMMIT
INFO:     127.0.0.1:55391 - "GET /api/v1/doctor-applications/me HTTP/1.1" 200 OK
2026-08-31 15:52:45,670 INFO sqlalchemy.engine.Engine BEGIN (implicit)
2026-08-31 15:52:45,672 INFO sqlalchemy.engine.Engine SELECT users.id, users.practice_id, users.clerk_id, users.email, users.name, users.role, users.phone, users.is_active, users.permissions, users.is_platform_admin, users.created_at, users.updated_at 
FROM users 
WHERE users.clerk_id = $1::VARCHAR
2026-08-31 15:52:45,673 INFO sqlalchemy.engine.Engine [cached since 614.7s ago] ('user_3Idz3lR4nUx32RQ08fmzLywvcaV',)
2026-08-31 15:52:45,680 INFO sqlalchemy.engine.Engine SELECT pending_doctor_requests.id, pending_doctor_requests.practice_id, pending_doctor_requests.clerk_id, pending_doctor_requests.name, pending_doctor_requests.email, pending_doctor_requests.phone, pending_doctor_requests.specialty, pending_doctor_requests.license_number, pending_doctor_requests.bio, pending_doctor_requests.photo_url, pending_doctor_requests.documents, pending_doctor_requests.status, pending_doctor_requests.rejected_reason, pending_doctor_requests.doctor_id, pending_doctor_requests.submitted_at, pending_doctor_requests.reviewed_at 
FROM pending_doctor_requests 
WHERE pending_doctor_requests.clerk_id = $1::VARCHAR
2026-08-31 15:52:45,680 INFO sqlalchemy.engine.Engine [cached since 614.7s ago] ('user_3Idz3lR4nUx32RQ08fmzLywvcaV',)
2026-08-31 15:52:45,684 INFO sqlalchemy.engine.Engine COMMIT
INFO:     127.0.0.1:55397 - "GET /api/v1/doctor-applications/me HTTP/1.1" 200 OK
2026-08-31 15:52:54,097 INFO sqlalchemy.engine.Engine BEGIN (implicit)
2026-08-31 15:52:54,098 INFO sqlalchemy.engine.Engine SELECT users.id, users.practice_id, users.clerk_id, users.email, users.name, users.role, users.phone, users.is_active, users.permissions, users.is_platform_admin, users.created_at, users.updated_at 
FROM users 
WHERE users.clerk_id = $1::VARCHAR
2026-08-31 15:52:54,098 INFO sqlalchemy.engine.Engine [cached since 623.2s ago] ('user_3Idz3lR4nUx32RQ08fmzLywvcaV',)
2026-08-31 15:52:54,102 INFO sqlalchemy.engine.Engine SELECT pending_doctor_requests.id, pending_doctor_requests.practice_id, pending_doctor_requests.clerk_id, pending_doctor_requests.name, pending_doctor_requests.email, pending_doctor_requests.phone, pending_doctor_requests.specialty, pending_doctor_requests.license_number, pending_doctor_requests.bio, pending_doctor_requests.photo_url, pending_doctor_requests.documents, pending_doctor_requests.status, pending_doctor_requests.rejected_reason, pending_doctor_requests.doctor_id, pending_doctor_requests.submitted_at, pending_doctor_requests.reviewed_at 
FROM pending_doctor_requests 
WHERE pending_doctor_requests.clerk_id = $1::VARCHAR
2026-08-31 15:52:54,103 INFO sqlalchemy.engine.Engine [cached since 623.1s ago] ('user_3Idz3lR4nUx32RQ08fmzLywvcaV',)
2026-08-31 15:52:54,105 INFO sqlalchemy.engine.Engine COMMIT
INFO:     127.0.0.1:55403 - "GET /api/v1/doctor-applications/me HTTP/1.1" 200 OK
2026-08-31 15:53:04,184 INFO sqlalchemy.engine.Engine BEGIN (implicit)
2026-08-31 15:53:04,186 INFO sqlalchemy.engine.Engine SELECT users.id, users.practice_id, users.clerk_id, users.email, users.name, users.role, users.phone, users.is_active, users.permissions, users.is_platform_admin, users.created_at, users.updated_at 
FROM users 
WHERE users.clerk_id = $1::VARCHAR
2026-08-31 15:53:04,186 INFO sqlalchemy.engine.Engine [cached since 633.3s ago] ('user_3Idz3lR4nUx32RQ08fmzLywvcaV',)
2026-08-31 15:53:04,193 INFO sqlalchemy.engine.Engine SELECT pending_doctor_requests.id, pending_doctor_requests.practice_id, pending_doctor_requests.clerk_id, pending_doctor_requests.name, pending_doctor_requests.email, pending_doctor_requests.phone, pending_doctor_requests.specialty, pending_doctor_requests.license_number, pending_doctor_requests.bio, pending_doctor_requests.photo_url, pending_doctor_requests.documents, pending_doctor_requests.status, pending_doctor_requests.rejected_reason, pending_doctor_requests.doctor_id, pending_doctor_requests.submitted_at, pending_doctor_requests.reviewed_at 
FROM pending_doctor_requests 
WHERE pending_doctor_requests.clerk_id = $1::VARCHAR
2026-08-31 15:53:04,193 INFO sqlalchemy.engine.Engine [cached since 633.2s ago] ('user_3Idz3lR4nUx32RQ08fmzLywvcaV',)
2026-08-31 15:53:04,197 INFO sqlalchemy.engine.Engine COMMIT
INFO:     127.0.0.1:55409 - "GET /api/v1/doctor-applications/me HTTP/1.1" 200 OK
2026-08-31 15:53:13,017 INFO sqlalchemy.engine.Engine BEGIN (implicit)
2026-08-31 15:53:13,018 INFO sqlalchemy.engine.Engine SELECT users.id, users.practice_id, users.clerk_id, users.email, users.name, users.role, users.phone, users.is_active, users.permissions, users.is_platform_admin, users.created_at, users.updated_at 
FROM users 
WHERE users.clerk_id = $1::VARCHAR
2026-08-31 15:53:13,019 INFO sqlalchemy.engine.Engine [cached since 642.1s ago] ('user_3Idz3lR4nUx32RQ08fmzLywvcaV',)
2026-08-31 15:53:13,025 INFO sqlalchemy.engine.Engine SELECT pending_doctor_requests.id, pending_doctor_requests.practice_id, pending_doctor_requests.clerk_id, pending_doctor_requests.name, pending_doctor_requests.email, pending_doctor_requests.phone, pending_doctor_requests.specialty, pending_doctor_requests.license_number, pending_doctor_requests.bio, pending_doctor_requests.photo_url, pending_doctor_requests.documents, pending_doctor_requests.status, pending_doctor_requests.rejected_reason, pending_doctor_requests.doctor_id, pending_doctor_requests.submitted_at, pending_doctor_requests.reviewed_at 
FROM pending_doctor_requests 
WHERE pending_doctor_requests.clerk_id = $1::VARCHAR
2026-08-31 15:53:13,026 INFO sqlalchemy.engine.Engine [cached since 642.1s ago] ('user_3Idz3lR4nUx32RQ08fmzLywvcaV',)
2026-08-31 15:53:13,030 INFO sqlalchemy.engine.Engine COMMIT
INFO:     127.0.0.1:55418 - "GET /api/v1/doctor-applications/me HTTP/1.1" 200 OK
2026-08-31 15:53:22,057 INFO sqlalchemy.engine.Engine BEGIN (implicit)
2026-08-31 15:53:22,058 INFO sqlalchemy.engine.Engine SELECT users.id, users.practice_id, users.clerk_id, users.email, users.name, users.role, users.phone, users.is_active, users.permissions, users.is_platform_admin, users.created_at, users.updated_at 
FROM users 
WHERE users.clerk_id = $1::VARCHAR
2026-08-31 15:53:22,059 INFO sqlalchemy.engine.Engine [cached since 651.1s ago] ('user_3Idz3lR4nUx32RQ08fmzLywvcaV',)
2026-08-31 15:53:22,065 INFO sqlalchemy.engine.Engine SELECT pending_doctor_requests.id, pending_doctor_requests.practice_id, pending_doctor_requests.clerk_id, pending_doctor_requests.name, pending_doctor_requests.email, pending_doctor_requests.phone, pending_doctor_requests.specialty, pending_doctor_requests.license_number, pending_doctor_requests.bio, pending_doctor_requests.photo_url, pending_doctor_requests.documents, pending_doctor_requests.status, pending_doctor_requests.rejected_reason, pending_doctor_requests.doctor_id, pending_doctor_requests.submitted_at, pending_doctor_requests.reviewed_at 
FROM pending_doctor_requests 
WHERE pending_doctor_requests.clerk_id = $1::VARCHAR
2026-08-31 15:53:22,066 INFO sqlalchemy.engine.Engine [cached since 651.1s ago] ('user_3Idz3lR4nUx32RQ08fmzLywvcaV',)
2026-08-31 15:53:22,070 INFO sqlalchemy.engine.Engine COMMIT
INFO:     127.0.0.1:55425 - "GET /api/v1/doctor-applications/me HTTP/1.1" 200 OK
2026-08-31 15:53:31,098 INFO sqlalchemy.engine.Engine BEGIN (implicit)
2026-08-31 15:53:31,099 INFO sqlalchemy.engine.Engine SELECT users.id, users.practice_id, users.clerk_id, users.email, users.name, users.role, users.phone, users.is_active, users.permissions, users.is_platform_admin, users.created_at, users.updated_at 
FROM users 
WHERE users.clerk_id = $1::VARCHAR
2026-08-31 15:53:31,100 INFO sqlalchemy.engine.Engine [cached since 660.2s ago] ('user_3Idz3lR4nUx32RQ08fmzLywvcaV',)
2026-08-31 15:53:31,106 INFO sqlalchemy.engine.Engine SELECT pending_doctor_requests.id, pending_doctor_requests.practice_id, pending_doctor_requests.clerk_id, pending_doctor_requests.name, pending_doctor_requests.email, pending_doctor_requests.phone, pending_doctor_requests.specialty, pending_doctor_requests.license_number, pending_doctor_requests.bio, pending_doctor_requests.photo_url, pending_doctor_requests.documents, pending_doctor_requests.status, pending_doctor_requests.rejected_reason, pending_doctor_requests.doctor_id, pending_doctor_requests.submitted_at, pending_doctor_requests.reviewed_at 
FROM pending_doctor_requests 
WHERE pending_doctor_requests.clerk_id = $1::VARCHAR
2026-08-31 15:53:31,107 INFO sqlalchemy.engine.Engine [cached since 660.1s ago] ('user_3Idz3lR4nUx32RQ08fmzLywvcaV',)
2026-08-31 15:53:31,111 INFO sqlalchemy.engine.Engine COMMIT
INFO:     127.0.0.1:55428 - "GET /api/v1/doctor-applications/me HTTP/1.1" 200 OK
2026-08-31 15:53:40,952 INFO sqlalchemy.engine.Engine BEGIN (implicit)
2026-08-31 15:53:40,953 INFO sqlalchemy.engine.Engine SELECT users.id, users.practice_id, users.clerk_id, users.email, users.name, users.role, users.phone, users.is_active, users.permissions, users.is_platform_admin, users.created_at, users.updated_at 
FROM users 
WHERE users.clerk_id = $1::VARCHAR
2026-08-31 15:53:40,953 INFO sqlalchemy.engine.Engine [cached since 670s ago] ('user_3Idz3lR4nUx32RQ08fmzLywvcaV',)
2026-08-31 15:53:40,955 INFO sqlalchemy.engine.Engine SELECT pending_doctor_requests.id, pending_doctor_requests.practice_id, pending_doctor_requests.clerk_id, pending_doctor_requests.name, pending_doctor_requests.email, pending_doctor_requests.phone, pending_doctor_requests.specialty, pending_doctor_requests.license_number, pending_doctor_requests.bio, pending_doctor_requests.photo_url, pending_doctor_requests.documents, pending_doctor_requests.status, pending_doctor_requests.rejected_reason, pending_doctor_requests.doctor_id, pending_doctor_requests.submitted_at, pending_doctor_requests.reviewed_at 
FROM pending_doctor_requests 
WHERE pending_doctor_requests.clerk_id = $1::VARCHAR
2026-08-31 15:53:40,956 INFO sqlalchemy.engine.Engine [cached since 670s ago] ('user_3Idz3lR4nUx32RQ08fmzLywvcaV',)
2026-08-31 15:53:40,957 INFO sqlalchemy.engine.Engine COMMIT
INFO:     127.0.0.1:55431 - "GET /api/v1/doctor-applications/me HTTP/1.1" 200 OK
2026-08-31 15:53:51,514 INFO sqlalchemy.engine.Engine BEGIN (implicit)
2026-08-31 15:53:51,515 INFO sqlalchemy.engine.Engine SELECT users.id, users.practice_id, users.clerk_id, users.email, users.name, users.role, users.phone, users.is_active, users.permissions, users.is_platform_admin, users.created_at, users.updated_at 
FROM users 
WHERE users.clerk_id = $1::VARCHAR
2026-08-31 15:53:51,516 INFO sqlalchemy.engine.Engine [cached since 680.6s ago] ('user_3Idz3lR4nUx32RQ08fmzLywvcaV',)
2026-08-31 15:53:51,522 INFO sqlalchemy.engine.Engine SELECT pending_doctor_requests.id, pending_doctor_requests.practice_id, pending_doctor_requests.clerk_id, pending_doctor_requests.name, pending_doctor_requests.email, pending_doctor_requests.phone, pending_doctor_requests.specialty, pending_doctor_requests.license_number, pending_doctor_requests.bio, pending_doctor_requests.photo_url, pending_doctor_requests.documents, pending_doctor_requests.status, pending_doctor_requests.rejected_reason, pending_doctor_requests.doctor_id, pending_doctor_requests.submitted_at, pending_doctor_requests.reviewed_at 
FROM pending_doctor_requests 
WHERE pending_doctor_requests.clerk_id = $1::VARCHAR
2026-08-31 15:53:51,523 INFO sqlalchemy.engine.Engine [cached since 680.5s ago] ('user_3Idz3lR4nUx32RQ08fmzLywvcaV',)
2026-08-31 15:53:51,527 INFO sqlalchemy.engine.Engine COMMIT
INFO:     127.0.0.1:55434 - "GET /api/v1/doctor-applications/me HTTP/1.1" 200 OK
2026-08-31 15:54:00,084 INFO sqlalchemy.engine.Engine BEGIN (implicit)
2026-08-31 15:54:00,084 INFO sqlalchemy.engine.Engine SELECT users.id, users.practice_id, users.clerk_id, users.email, users.name, users.role, users.phone, users.is_active, users.permissions, users.is_platform_admin, users.created_at, users.updated_at 
FROM users 
WHERE users.clerk_id = $1::VARCHAR
2026-08-31 15:54:00,084 INFO sqlalchemy.engine.Engine [cached since 689.2s ago] ('user_3Idz3lR4nUx32RQ08fmzLywvcaV',)
2026-08-31 15:54:00,086 INFO sqlalchemy.engine.Engine SELECT pending_doctor_requests.id, pending_doctor_requests.practice_id, pending_doctor_requests.clerk_id, pending_doctor_requests.name, pending_doctor_requests.email, pending_doctor_requests.phone, pending_doctor_requests.specialty, pending_doctor_requests.license_number, pending_doctor_requests.bio, pending_doctor_requests.photo_url, pending_doctor_requests.documents, pending_doctor_requests.status, pending_doctor_requests.rejected_reason, pending_doctor_requests.doctor_id, pending_doctor_requests.submitted_at, pending_doctor_requests.reviewed_at 
FROM pending_doctor_requests 
WHERE pending_doctor_requests.clerk_id = $1::VARCHAR
2026-08-31 15:54:00,087 INFO sqlalchemy.engine.Engine [cached since 689.1s ago] ('user_3Idz3lR4nUx32RQ08fmzLywvcaV',)
2026-08-31 15:54:00,088 INFO sqlalchemy.engine.Engine COMMIT
INFO:     127.0.0.1:55440 - "GET /api/v1/doctor-applications/me HTTP/1.1" 200 OK
2026-08-31 15:54:09,401 INFO sqlalchemy.engine.Engine BEGIN (implicit)
2026-08-31 15:54:09,402 INFO sqlalchemy.engine.Engine SELECT users.id, users.practice_id, users.clerk_id, users.email, users.name, users.role, users.phone, users.is_active, users.permissions, users.is_platform_admin, users.created_at, users.updated_at 
FROM users 
WHERE users.clerk_id = $1::VARCHAR
2026-08-31 15:54:09,403 INFO sqlalchemy.engine.Engine [cached since 698.5s ago] ('user_3Idz3lR4nUx32RQ08fmzLywvcaV',)
2026-08-31 15:54:09,410 INFO sqlalchemy.engine.Engine SELECT pending_doctor_requests.id, pending_doctor_requests.practice_id, pending_doctor_requests.clerk_id, pending_doctor_requests.name, pending_doctor_requests.email, pending_doctor_requests.phone, pending_doctor_requests.specialty, pending_doctor_requests.license_number, pending_doctor_requests.bio, pending_doctor_requests.photo_url, pending_doctor_requests.documents, pending_doctor_requests.status, pending_doctor_requests.rejected_reason, pending_doctor_requests.doctor_id, pending_doctor_requests.submitted_at, pending_doctor_requests.reviewed_at 
FROM pending_doctor_requests 
WHERE pending_doctor_requests.clerk_id = $1::VARCHAR
2026-08-31 15:54:09,411 INFO sqlalchemy.engine.Engine [cached since 698.4s ago] ('user_3Idz3lR4nUx32RQ08fmzLywvcaV',)
2026-08-31 15:54:09,415 INFO sqlalchemy.engine.Engine COMMIT
INFO:     127.0.0.1:55449 - "GET /api/v1/doctor-applications/me HTTP/1.1" 200 OK
2026-08-31 15:54:18,433 INFO sqlalchemy.engine.Engine BEGIN (implicit)
2026-08-31 15:54:18,434 INFO sqlalchemy.engine.Engine SELECT users.id, users.practice_id, users.clerk_id, users.email, users.name, users.role, users.phone, users.is_active, users.permissions, users.is_platform_admin, users.created_at, users.updated_at 
FROM users 
WHERE users.clerk_id = $1::VARCHAR
2026-08-31 15:54:18,435 INFO sqlalchemy.engine.Engine [cached since 707.5s ago] ('user_3Idz3lR4nUx32RQ08fmzLywvcaV',)
2026-08-31 15:54:18,441 INFO sqlalchemy.engine.Engine SELECT pending_doctor_requests.id, pending_doctor_requests.practice_id, pending_doctor_requests.clerk_id, pending_doctor_requests.name, pending_doctor_requests.email, pending_doctor_requests.phone, pending_doctor_requests.specialty, pending_doctor_requests.license_number, pending_doctor_requests.bio, pending_doctor_requests.photo_url, pending_doctor_requests.documents, pending_doctor_requests.status, pending_doctor_requests.rejected_reason, pending_doctor_requests.doctor_id, pending_doctor_requests.submitted_at, pending_doctor_requests.reviewed_at 
FROM pending_doctor_requests 
WHERE pending_doctor_requests.clerk_id = $1::VARCHAR
2026-08-31 15:54:18,442 INFO sqlalchemy.engine.Engine [cached since 707.5s ago] ('user_3Idz3lR4nUx32RQ08fmzLywvcaV',)
2026-08-31 15:54:18,446 INFO sqlalchemy.engine.Engine COMMIT
INFO:     127.0.0.1:55470 - "GET /api/v1/doctor-applications/me HTTP/1.1" 200 OK
INFO:     127.0.0.1:55475 - "OPTIONS /api/v1/doctor-applications/me HTTP/1.1" 200 OK
2026-08-31 15:54:27,056 INFO sqlalchemy.engine.Engine BEGIN (implicit)
2026-08-31 15:54:27,057 INFO sqlalchemy.engine.Engine SELECT users.id, users.practice_id, users.clerk_id, users.email, users.name, users.role, users.phone, users.is_active, users.permissions, users.is_platform_admin, users.created_at, users.updated_at 
FROM users 
WHERE users.clerk_id = $1::VARCHAR
2026-08-31 15:54:27,057 INFO sqlalchemy.engine.Engine [cached since 716.1s ago] ('user_3Idz3lR4nUx32RQ08fmzLywvcaV',)
2026-08-31 15:54:27,061 INFO sqlalchemy.engine.Engine SELECT pending_doctor_requests.id, pending_doctor_requests.practice_id, pending_doctor_requests.clerk_id, pending_doctor_requests.name, pending_doctor_requests.email, pending_doctor_requests.phone, pending_doctor_requests.specialty, pending_doctor_requests.license_number, pending_doctor_requests.bio, pending_doctor_requests.photo_url, pending_doctor_requests.documents, pending_doctor_requests.status, pending_doctor_requests.rejected_reason, pending_doctor_requests.doctor_id, pending_doctor_requests.submitted_at, pending_doctor_requests.reviewed_at 
FROM pending_doctor_requests 
WHERE pending_doctor_requests.clerk_id = $1::VARCHAR
2026-08-31 15:54:27,061 INFO sqlalchemy.engine.Engine [cached since 716.1s ago] ('user_3Idz3lR4nUx32RQ08fmzLywvcaV',)
2026-08-31 15:54:27,063 INFO sqlalchemy.engine.Engine COMMIT
INFO:     127.0.0.1:55475 - "GET /api/v1/doctor-applications/me HTTP/1.1" 200 OK
2026-08-31 15:54:36,029 INFO sqlalchemy.engine.Engine BEGIN (implicit)
2026-08-31 15:54:36,030 INFO sqlalchemy.engine.Engine SELECT users.id, users.practice_id, users.clerk_id, users.email, users.name, users.role, users.phone, users.is_active, users.permissions, users.is_platform_admin, users.created_at, users.updated_at 
FROM users 
WHERE users.clerk_id = $1::VARCHAR
2026-08-31 15:54:36,031 INFO sqlalchemy.engine.Engine [cached since 725.1s ago] ('user_3Idz3lR4nUx32RQ08fmzLywvcaV',)
2026-08-31 15:54:36,038 INFO sqlalchemy.engine.Engine SELECT pending_doctor_requests.id, pending_doctor_requests.practice_id, pending_doctor_requests.clerk_id, pending_doctor_requests.name, pending_doctor_requests.email, pending_doctor_requests.phone, pending_doctor_requests.specialty, pending_doctor_requests.license_number, pending_doctor_requests.bio, pending_doctor_requests.photo_url, pending_doctor_requests.documents, pending_doctor_requests.status, pending_doctor_requests.rejected_reason, pending_doctor_requests.doctor_id, pending_doctor_requests.submitted_at, pending_doctor_requests.reviewed_at 
FROM pending_doctor_requests 
WHERE pending_doctor_requests.clerk_id = $1::VARCHAR
2026-08-31 15:54:36,039 INFO sqlalchemy.engine.Engine [cached since 725.1s ago] ('user_3Idz3lR4nUx32RQ08fmzLywvcaV',)
2026-08-31 15:54:36,043 INFO sqlalchemy.engine.Engine COMMIT
INFO:     127.0.0.1:55481 - "GET /api/v1/doctor-applications/me HTTP/1.1" 200 OK
2026-08-31 15:54:45,042 INFO sqlalchemy.engine.Engine BEGIN (implicit)
2026-08-31 15:54:45,043 INFO sqlalchemy.engine.Engine SELECT users.id, users.practice_id, users.clerk_id, users.email, users.name, users.role, users.phone, users.is_active, users.permissions, users.is_platform_admin, users.created_at, users.updated_at 
FROM users 
WHERE users.clerk_id = $1::VARCHAR
2026-08-31 15:54:45,044 INFO sqlalchemy.engine.Engine [cached since 734.1s ago] ('user_3Idz3lR4nUx32RQ08fmzLywvcaV',)
2026-08-31 15:54:45,050 INFO sqlalchemy.engine.Engine SELECT pending_doctor_requests.id, pending_doctor_requests.practice_id, pending_doctor_requests.clerk_id, pending_doctor_requests.name, pending_doctor_requests.email, pending_doctor_requests.phone, pending_doctor_requests.specialty, pending_doctor_requests.license_number, pending_doctor_requests.bio, pending_doctor_requests.photo_url, pending_doctor_requests.documents, pending_doctor_requests.status, pending_doctor_requests.rejected_reason, pending_doctor_requests.doctor_id, pending_doctor_requests.submitted_at, pending_doctor_requests.reviewed_at 
FROM pending_doctor_requests 
WHERE pending_doctor_requests.clerk_id = $1::VARCHAR
2026-08-31 15:54:45,051 INFO sqlalchemy.engine.Engine [cached since 734.1s ago] ('user_3Idz3lR4nUx32RQ08fmzLywvcaV',)
2026-08-31 15:54:45,055 INFO sqlalchemy.engine.Engine COMMIT
INFO:     127.0.0.1:55486 - "GET /api/v1/doctor-applications/me HTTP/1.1" 200 OK
2026-08-31 15:54:55,811 INFO sqlalchemy.engine.Engine BEGIN (implicit)
2026-08-31 15:54:55,812 INFO sqlalchemy.engine.Engine SELECT users.id, users.practice_id, users.clerk_id, users.email, users.name, users.role, users.phone, users.is_active, users.permissions, users.is_platform_admin, users.created_at, users.updated_at 
FROM users 
WHERE users.clerk_id = $1::VARCHAR
2026-08-31 15:54:55,813 INFO sqlalchemy.engine.Engine [cached since 744.9s ago] ('user_3Idz3lR4nUx32RQ08fmzLywvcaV',)
2026-08-31 15:54:55,820 INFO sqlalchemy.engine.Engine SELECT pending_doctor_requests.id, pending_doctor_requests.practice_id, pending_doctor_requests.clerk_id, pending_doctor_requests.name, pending_doctor_requests.email, pending_doctor_requests.phone, pending_doctor_requests.specialty, pending_doctor_requests.license_number, pending_doctor_requests.bio, pending_doctor_requests.photo_url, pending_doctor_requests.documents, pending_doctor_requests.status, pending_doctor_requests.rejected_reason, pending_doctor_requests.doctor_id, pending_doctor_requests.submitted_at, pending_doctor_requests.reviewed_at 
FROM pending_doctor_requests 
WHERE pending_doctor_requests.clerk_id = $1::VARCHAR
2026-08-31 15:54:55,820 INFO sqlalchemy.engine.Engine [cached since 744.8s ago] ('user_3Idz3lR4nUx32RQ08fmzLywvcaV',)
2026-08-31 15:54:55,825 INFO sqlalchemy.engine.Engine COMMIT
INFO:     127.0.0.1:55489 - "GET /api/v1/doctor-applications/me HTTP/1.1" 200 OK
2026-08-31 15:55:04,036 INFO sqlalchemy.engine.Engine BEGIN (implicit)
2026-08-31 15:55:04,037 INFO sqlalchemy.engine.Engine SELECT users.id, users.practice_id, users.clerk_id, users.email, users.name, users.role, users.phone, users.is_active, users.permissions, users.is_platform_admin, users.created_at, users.updated_at 
FROM users 
WHERE users.clerk_id = $1::VARCHAR
2026-08-31 15:55:04,038 INFO sqlalchemy.engine.Engine [cached since 753.1s ago] ('user_3Idz3lR4nUx32RQ08fmzLywvcaV',)
2026-08-31 15:55:04,044 INFO sqlalchemy.engine.Engine SELECT pending_doctor_requests.id, pending_doctor_requests.practice_id, pending_doctor_requests.clerk_id, pending_doctor_requests.name, pending_doctor_requests.email, pending_doctor_requests.phone, pending_doctor_requests.specialty, pending_doctor_requests.license_number, pending_doctor_requests.bio, pending_doctor_requests.photo_url, pending_doctor_requests.documents, pending_doctor_requests.status, pending_doctor_requests.rejected_reason, pending_doctor_requests.doctor_id, pending_doctor_requests.submitted_at, pending_doctor_requests.reviewed_at 
FROM pending_doctor_requests 
WHERE pending_doctor_requests.clerk_id = $1::VARCHAR
2026-08-31 15:55:04,045 INFO sqlalchemy.engine.Engine [cached since 753.1s ago] ('user_3Idz3lR4nUx32RQ08fmzLywvcaV',)
2026-08-31 15:55:04,049 INFO sqlalchemy.engine.Engine COMMIT
INFO:     127.0.0.1:55492 - "GET /api/v1/doctor-applications/me HTTP/1.1" 200 OK
2026-08-31 15:55:13,522 INFO sqlalchemy.engine.Engine BEGIN (implicit)
2026-08-31 15:55:13,523 INFO sqlalchemy.engine.Engine SELECT users.id, users.practice_id, users.clerk_id, users.email, users.name, users.role, users.phone, users.is_active, users.permissions, users.is_platform_admin, users.created_at, users.updated_at 
FROM users 
WHERE users.clerk_id = $1::VARCHAR
2026-08-31 15:55:13,523 INFO sqlalchemy.engine.Engine [cached since 762.6s ago] ('user_3Idz3lR4nUx32RQ08fmzLywvcaV',)
2026-08-31 15:55:13,527 INFO sqlalchemy.engine.Engine SELECT pending_doctor_requests.id, pending_doctor_requests.practice_id, pending_doctor_requests.clerk_id, pending_doctor_requests.name, pending_doctor_requests.email, pending_doctor_requests.phone, pending_doctor_requests.specialty, pending_doctor_requests.license_number, pending_doctor_requests.bio, pending_doctor_requests.photo_url, pending_doctor_requests.documents, pending_doctor_requests.status, pending_doctor_requests.rejected_reason, pending_doctor_requests.doctor_id, pending_doctor_requests.submitted_at, pending_doctor_requests.reviewed_at 
FROM pending_doctor_requests 
WHERE pending_doctor_requests.clerk_id = $1::VARCHAR
2026-08-31 15:55:13,528 INFO sqlalchemy.engine.Engine [cached since 762.6s ago] ('user_3Idz3lR4nUx32RQ08fmzLywvcaV',)
2026-08-31 15:55:13,530 INFO sqlalchemy.engine.Engine COMMIT
INFO:     127.0.0.1:55502 - "GET /api/v1/doctor-applications/me HTTP/1.1" 200 OK
2026-08-31 15:55:23,984 INFO sqlalchemy.engine.Engine BEGIN (implicit)
2026-08-31 15:55:23,985 INFO sqlalchemy.engine.Engine SELECT users.id, users.practice_id, users.clerk_id, users.email, users.name, users.role, users.phone, users.is_active, users.permissions, users.is_platform_admin, users.created_at, users.updated_at 
FROM users 
WHERE users.clerk_id = $1::VARCHAR
2026-08-31 15:55:23,986 INFO sqlalchemy.engine.Engine [cached since 773.1s ago] ('user_3Idz3lR4nUx32RQ08fmzLywvcaV',)
2026-08-31 15:55:23,991 INFO sqlalchemy.engine.Engine SELECT pending_doctor_requests.id, pending_doctor_requests.practice_id, pending_doctor_requests.clerk_id, pending_doctor_requests.name, pending_doctor_requests.email, pending_doctor_requests.phone, pending_doctor_requests.specialty, pending_doctor_requests.license_number, pending_doctor_requests.bio, pending_doctor_requests.photo_url, pending_doctor_requests.documents, pending_doctor_requests.status, pending_doctor_requests.rejected_reason, pending_doctor_requests.doctor_id, pending_doctor_requests.submitted_at, pending_doctor_requests.reviewed_at 
FROM pending_doctor_requests 
WHERE pending_doctor_requests.clerk_id = $1::VARCHAR
2026-08-31 15:55:23,992 INFO sqlalchemy.engine.Engine [cached since 773s ago] ('user_3Idz3lR4nUx32RQ08fmzLywvcaV',)
2026-08-31 15:55:23,995 INFO sqlalchemy.engine.Engine COMMIT
INFO:     127.0.0.1:55508 - "GET /api/v1/doctor-applications/me HTTP/1.1" 200 OK
2026-08-31 15:55:33,593 INFO sqlalchemy.engine.Engine BEGIN (implicit)
2026-08-31 15:55:33,594 INFO sqlalchemy.engine.Engine SELECT users.id, users.practice_id, users.clerk_id, users.email, users.name, users.role, users.phone, users.is_active, users.permissions, users.is_platform_admin, users.created_at, users.updated_at 
FROM users 
WHERE users.clerk_id = $1::VARCHAR
2026-08-31 15:55:33,595 INFO sqlalchemy.engine.Engine [cached since 782.7s ago] ('user_3Idz3lR4nUx32RQ08fmzLywvcaV',)
2026-08-31 15:55:33,601 INFO sqlalchemy.engine.Engine SELECT pending_doctor_requests.id, pending_doctor_requests.practice_id, pending_doctor_requests.clerk_id, pending_doctor_requests.name, pending_doctor_requests.email, pending_doctor_requests.phone, pending_doctor_requests.specialty, pending_doctor_requests.license_number, pending_doctor_requests.bio, pending_doctor_requests.photo_url, pending_doctor_requests.documents, pending_doctor_requests.status, pending_doctor_requests.rejected_reason, pending_doctor_requests.doctor_id, pending_doctor_requests.submitted_at, pending_doctor_requests.reviewed_at 
FROM pending_doctor_requests 
WHERE pending_doctor_requests.clerk_id = $1::VARCHAR
2026-08-31 15:55:33,602 INFO sqlalchemy.engine.Engine [cached since 782.6s ago] ('user_3Idz3lR4nUx32RQ08fmzLywvcaV',)
2026-08-31 15:55:33,606 INFO sqlalchemy.engine.Engine COMMIT
INFO:     127.0.0.1:55511 - "GET /api/v1/doctor-applications/me HTTP/1.1" 200 OK
2026-08-31 15:55:42,706 INFO sqlalchemy.engine.Engine BEGIN (implicit)
2026-08-31 15:55:42,707 INFO sqlalchemy.engine.Engine SELECT users.id, users.practice_id, users.clerk_id, users.email, users.name, users.role, users.phone, users.is_active, users.permissions, users.is_platform_admin, users.created_at, users.updated_at 
FROM users 
WHERE users.clerk_id = $1::VARCHAR
2026-08-31 15:55:42,707 INFO sqlalchemy.engine.Engine [cached since 791.8s ago] ('user_3Idz3lR4nUx32RQ08fmzLywvcaV',)
2026-08-31 15:55:42,709 INFO sqlalchemy.engine.Engine SELECT pending_doctor_requests.id, pending_doctor_requests.practice_id, pending_doctor_requests.clerk_id, pending_doctor_requests.name, pending_doctor_requests.email, pending_doctor_requests.phone, pending_doctor_requests.specialty, pending_doctor_requests.license_number, pending_doctor_requests.bio, pending_doctor_requests.photo_url, pending_doctor_requests.documents, pending_doctor_requests.status, pending_doctor_requests.rejected_reason, pending_doctor_requests.doctor_id, pending_doctor_requests.submitted_at, pending_doctor_requests.reviewed_at 
FROM pending_doctor_requests 
WHERE pending_doctor_requests.clerk_id = $1::VARCHAR
2026-08-31 15:55:42,709 INFO sqlalchemy.engine.Engine [cached since 791.7s ago] ('user_3Idz3lR4nUx32RQ08fmzLywvcaV',)
2026-08-31 15:55:42,711 INFO sqlalchemy.engine.Engine COMMIT
INFO:     127.0.0.1:55517 - "GET /api/v1/doctor-applications/me HTTP/1.1" 200 OK
2026-08-31 15:55:51,512 INFO sqlalchemy.engine.Engine BEGIN (implicit)
2026-08-31 15:55:51,514 INFO sqlalchemy.engine.Engine SELECT users.id, users.practice_id, users.clerk_id, users.email, users.name, users.role, users.phone, users.is_active, users.permissions, users.is_platform_admin, users.created_at, users.updated_at 
FROM users 
WHERE users.clerk_id = $1::VARCHAR
2026-08-31 15:55:51,514 INFO sqlalchemy.engine.Engine [cached since 800.6s ago] ('user_3Idz3lR4nUx32RQ08fmzLywvcaV',)
2026-08-31 15:55:51,520 INFO sqlalchemy.engine.Engine SELECT pending_doctor_requests.id, pending_doctor_requests.practice_id, pending_doctor_requests.clerk_id, pending_doctor_requests.name, pending_doctor_requests.email, pending_doctor_requests.phone, pending_doctor_requests.specialty, pending_doctor_requests.license_number, pending_doctor_requests.bio, pending_doctor_requests.photo_url, pending_doctor_requests.documents, pending_doctor_requests.status, pending_doctor_requests.rejected_reason, pending_doctor_requests.doctor_id, pending_doctor_requests.submitted_at, pending_doctor_requests.reviewed_at 
FROM pending_doctor_requests 
WHERE pending_doctor_requests.clerk_id = $1::VARCHAR
2026-08-31 15:55:51,521 INFO sqlalchemy.engine.Engine [cached since 800.5s ago] ('user_3Idz3lR4nUx32RQ08fmzLywvcaV',)
2026-08-31 15:55:51,525 INFO sqlalchemy.engine.Engine COMMIT
INFO:     127.0.0.1:55520 - "GET /api/v1/doctor-applications/me HTTP/1.1" 200 OK
2026-08-31 15:56:02,118 INFO sqlalchemy.engine.Engine BEGIN (implicit)
2026-08-31 15:56:02,119 INFO sqlalchemy.engine.Engine SELECT users.id, users.practice_id, users.clerk_id, users.email, users.name, users.role, users.phone, users.is_active, users.permissions, users.is_platform_admin, users.created_at, users.updated_at 
FROM users 
WHERE users.clerk_id = $1::VARCHAR
2026-08-31 15:56:02,119 INFO sqlalchemy.engine.Engine [cached since 811.2s ago] ('user_3Idz3lR4nUx32RQ08fmzLywvcaV',)
2026-08-31 15:56:02,124 INFO sqlalchemy.engine.Engine SELECT pending_doctor_requests.id, pending_doctor_requests.practice_id, pending_doctor_requests.clerk_id, pending_doctor_requests.name, pending_doctor_requests.email, pending_doctor_requests.phone, pending_doctor_requests.specialty, pending_doctor_requests.license_number, pending_doctor_requests.bio, pending_doctor_requests.photo_url, pending_doctor_requests.documents, pending_doctor_requests.status, pending_doctor_requests.rejected_reason, pending_doctor_requests.doctor_id, pending_doctor_requests.submitted_at, pending_doctor_requests.reviewed_at 
FROM pending_doctor_requests 
WHERE pending_doctor_requests.clerk_id = $1::VARCHAR
2026-08-31 15:56:02,124 INFO sqlalchemy.engine.Engine [cached since 811.1s ago] ('user_3Idz3lR4nUx32RQ08fmzLywvcaV',)
2026-08-31 15:56:02,127 INFO sqlalchemy.engine.Engine COMMIT
INFO:     127.0.0.1:55529 - "GET /api/v1/doctor-applications/me HTTP/1.1" 200 OK
2026-08-31 15:56:11,579 INFO sqlalchemy.engine.Engine BEGIN (implicit)
2026-08-31 15:56:11,580 INFO sqlalchemy.engine.Engine SELECT users.id, users.practice_id, users.clerk_id, users.email, users.name, users.role, users.phone, users.is_active, users.permissions, users.is_platform_admin, users.created_at, users.updated_at 
FROM users 
WHERE users.clerk_id = $1::VARCHAR
2026-08-31 15:56:11,580 INFO sqlalchemy.engine.Engine [cached since 820.6s ago] ('user_3Idz3lR4nUx32RQ08fmzLywvcaV',)
2026-08-31 15:56:11,583 INFO sqlalchemy.engine.Engine SELECT pending_doctor_requests.id, pending_doctor_requests.practice_id, pending_doctor_requests.clerk_id, pending_doctor_requests.name, pending_doctor_requests.email, pending_doctor_requests.phone, pending_doctor_requests.specialty, pending_doctor_requests.license_number, pending_doctor_requests.bio, pending_doctor_requests.photo_url, pending_doctor_requests.documents, pending_doctor_requests.status, pending_doctor_requests.rejected_reason, pending_doctor_requests.doctor_id, pending_doctor_requests.submitted_at, pending_doctor_requests.reviewed_at 
FROM pending_doctor_requests 
WHERE pending_doctor_requests.clerk_id = $1::VARCHAR
2026-08-31 15:56:11,583 INFO sqlalchemy.engine.Engine [cached since 820.6s ago] ('user_3Idz3lR4nUx32RQ08fmzLywvcaV',)
2026-08-31 15:56:11,585 INFO sqlalchemy.engine.Engine COMMIT
INFO:     127.0.0.1:55541 - "GET /api/v1/doctor-applications/me HTTP/1.1" 200 OK
2026-08-31 15:56:20,491 INFO sqlalchemy.engine.Engine BEGIN (implicit)
2026-08-31 15:56:20,492 INFO sqlalchemy.engine.Engine SELECT users.id, users.practice_id, users.clerk_id, users.email, users.name, users.role, users.phone, users.is_active, users.permissions, users.is_platform_admin, users.created_at, users.updated_at 
FROM users 
WHERE users.clerk_id = $1::VARCHAR
2026-08-31 15:56:20,493 INFO sqlalchemy.engine.Engine [cached since 829.6s ago] ('user_3Idz3lR4nUx32RQ08fmzLywvcaV',)
2026-08-31 15:56:20,499 INFO sqlalchemy.engine.Engine SELECT pending_doctor_requests.id, pending_doctor_requests.practice_id, pending_doctor_requests.clerk_id, pending_doctor_requests.name, pending_doctor_requests.email, pending_doctor_requests.phone, pending_doctor_requests.specialty, pending_doctor_requests.license_number, pending_doctor_requests.bio, pending_doctor_requests.photo_url, pending_doctor_requests.documents, pending_doctor_requests.status, pending_doctor_requests.rejected_reason, pending_doctor_requests.doctor_id, pending_doctor_requests.submitted_at, pending_doctor_requests.reviewed_at 
FROM pending_doctor_requests 
WHERE pending_doctor_requests.clerk_id = $1::VARCHAR
2026-08-31 15:56:20,500 INFO sqlalchemy.engine.Engine [cached since 829.5s ago] ('user_3Idz3lR4nUx32RQ08fmzLywvcaV',)
2026-08-31 15:56:20,504 INFO sqlalchemy.engine.Engine COMMIT
INFO:     127.0.0.1:55550 - "GET /api/v1/doctor-applications/me HTTP/1.1" 200 OK
2026-08-31 15:56:29,051 INFO sqlalchemy.engine.Engine BEGIN (implicit)
2026-08-31 15:56:29,052 INFO sqlalchemy.engine.Engine SELECT users.id, users.practice_id, users.clerk_id, users.email, users.name, users.role, users.phone, users.is_active, users.permissions, users.is_platform_admin, users.created_at, users.updated_at 
FROM users 
WHERE users.clerk_id = $1::VARCHAR
2026-08-31 15:56:29,052 INFO sqlalchemy.engine.Engine [cached since 838.1s ago] ('user_3Idz3lR4nUx32RQ08fmzLywvcaV',)
2026-08-31 15:56:29,058 INFO sqlalchemy.engine.Engine SELECT pending_doctor_requests.id, pending_doctor_requests.practice_id, pending_doctor_requests.clerk_id, pending_doctor_requests.name, pending_doctor_requests.email, pending_doctor_requests.phone, pending_doctor_requests.specialty, pending_doctor_requests.license_number, pending_doctor_requests.bio, pending_doctor_requests.photo_url, pending_doctor_requests.documents, pending_doctor_requests.status, pending_doctor_requests.rejected_reason, pending_doctor_requests.doctor_id, pending_doctor_requests.submitted_at, pending_doctor_requests.reviewed_at 
FROM pending_doctor_requests 
WHERE pending_doctor_requests.clerk_id = $1::VARCHAR
2026-08-31 15:56:29,058 INFO sqlalchemy.engine.Engine [cached since 838.1s ago] ('user_3Idz3lR4nUx32RQ08fmzLywvcaV',)
2026-08-31 15:56:29,061 INFO sqlalchemy.engine.Engine COMMIT
INFO:     127.0.0.1:55553 - "GET /api/v1/doctor-applications/me HTTP/1.1" 200 OK
2026-08-31 15:56:38,060 INFO sqlalchemy.engine.Engine BEGIN (implicit)
2026-08-31 15:56:38,062 INFO sqlalchemy.engine.Engine SELECT users.id, users.practice_id, users.clerk_id, users.email, users.name, users.role, users.phone, users.is_active, users.permissions, users.is_platform_admin, users.created_at, users.updated_at 
FROM users 
WHERE users.clerk_id = $1::VARCHAR
2026-08-31 15:56:38,062 INFO sqlalchemy.engine.Engine [cached since 847.1s ago] ('user_3Idz3lR4nUx32RQ08fmzLywvcaV',)
2026-08-31 15:56:38,069 INFO sqlalchemy.engine.Engine SELECT pending_doctor_requests.id, pending_doctor_requests.practice_id, pending_doctor_requests.clerk_id, pending_doctor_requests.name, pending_doctor_requests.email, pending_doctor_requests.phone, pending_doctor_requests.specialty, pending_doctor_requests.license_number, pending_doctor_requests.bio, pending_doctor_requests.photo_url, pending_doctor_requests.documents, pending_doctor_requests.status, pending_doctor_requests.rejected_reason, pending_doctor_requests.doctor_id, pending_doctor_requests.submitted_at, pending_doctor_requests.reviewed_at 
FROM pending_doctor_requests 
WHERE pending_doctor_requests.clerk_id = $1::VARCHAR
2026-08-31 15:56:38,069 INFO sqlalchemy.engine.Engine [cached since 847.1s ago] ('user_3Idz3lR4nUx32RQ08fmzLywvcaV',)
2026-08-31 15:56:38,073 INFO sqlalchemy.engine.Engine COMMIT
INFO:     127.0.0.1:55556 - "GET /api/v1/doctor-applications/me HTTP/1.1" 200 OK
2026-08-31 15:56:48,408 INFO sqlalchemy.engine.Engine BEGIN (implicit)
2026-08-31 15:56:48,410 INFO sqlalchemy.engine.Engine SELECT users.id, users.practice_id, users.clerk_id, users.email, users.name, users.role, users.phone, users.is_active, users.permissions, users.is_platform_admin, users.created_at, users.updated_at 
FROM users 
WHERE users.clerk_id = $1::VARCHAR
2026-08-31 15:56:48,411 INFO sqlalchemy.engine.Engine [cached since 857.5s ago] ('user_3Idz3lR4nUx32RQ08fmzLywvcaV',)
2026-08-31 15:56:48,417 INFO sqlalchemy.engine.Engine SELECT pending_doctor_requests.id, pending_doctor_requests.practice_id, pending_doctor_requests.clerk_id, pending_doctor_requests.name, pending_doctor_requests.email, pending_doctor_requests.phone, pending_doctor_requests.specialty, pending_doctor_requests.license_number, pending_doctor_requests.bio, pending_doctor_requests.photo_url, pending_doctor_requests.documents, pending_doctor_requests.status, pending_doctor_requests.rejected_reason, pending_doctor_requests.doctor_id, pending_doctor_requests.submitted_at, pending_doctor_requests.reviewed_at 
FROM pending_doctor_requests 
WHERE pending_doctor_requests.clerk_id = $1::VARCHAR
2026-08-31 15:56:48,418 INFO sqlalchemy.engine.Engine [cached since 857.4s ago] ('user_3Idz3lR4nUx32RQ08fmzLywvcaV',)
2026-08-31 15:56:48,423 INFO sqlalchemy.engine.Engine COMMIT
INFO:     127.0.0.1:55559 - "GET /api/v1/doctor-applications/me HTTP/1.1" 200 OK
2026-08-31 15:56:57,041 INFO sqlalchemy.engine.Engine BEGIN (implicit)
2026-08-31 15:56:57,043 INFO sqlalchemy.engine.Engine SELECT users.id, users.practice_id, users.clerk_id, users.email, users.name, users.role, users.phone, users.is_active, users.permissions, users.is_platform_admin, users.created_at, users.updated_at 
FROM users 
WHERE users.clerk_id = $1::VARCHAR
2026-08-31 15:56:57,044 INFO sqlalchemy.engine.Engine [cached since 866.1s ago] ('user_3Idz3lR4nUx32RQ08fmzLywvcaV',)
2026-08-31 15:56:57,051 INFO sqlalchemy.engine.Engine SELECT pending_doctor_requests.id, pending_doctor_requests.practice_id, pending_doctor_requests.clerk_id, pending_doctor_requests.name, pending_doctor_requests.email, pending_doctor_requests.phone, pending_doctor_requests.specialty, pending_doctor_requests.license_number, pending_doctor_requests.bio, pending_doctor_requests.photo_url, pending_doctor_requests.documents, pending_doctor_requests.status, pending_doctor_requests.rejected_reason, pending_doctor_requests.doctor_id, pending_doctor_requests.submitted_at, pending_doctor_requests.reviewed_at 
FROM pending_doctor_requests 
WHERE pending_doctor_requests.clerk_id = $1::VARCHAR
2026-08-31 15:56:57,051 INFO sqlalchemy.engine.Engine [cached since 866.1s ago] ('user_3Idz3lR4nUx32RQ08fmzLywvcaV',)
2026-08-31 15:56:57,055 INFO sqlalchemy.engine.Engine COMMIT
INFO:     127.0.0.1:55562 - "GET /api/v1/doctor-applications/me HTTP/1.1" 200 OK
2026-08-31 15:57:07,184 INFO sqlalchemy.engine.Engine BEGIN (implicit)
2026-08-31 15:57:07,186 INFO sqlalchemy.engine.Engine SELECT users.id, users.practice_id, users.clerk_id, users.email, users.name, users.role, users.phone, users.is_active, users.permissions, users.is_platform_admin, users.created_at, users.updated_at 
FROM users 
WHERE users.clerk_id = $1::VARCHAR
2026-08-31 15:57:07,186 INFO sqlalchemy.engine.Engine [cached since 876.3s ago] ('user_3Idz3lR4nUx32RQ08fmzLywvcaV',)
2026-08-31 15:57:07,192 INFO sqlalchemy.engine.Engine SELECT pending_doctor_requests.id, pending_doctor_requests.practice_id, pending_doctor_requests.clerk_id, pending_doctor_requests.name, pending_doctor_requests.email, pending_doctor_requests.phone, pending_doctor_requests.specialty, pending_doctor_requests.license_number, pending_doctor_requests.bio, pending_doctor_requests.photo_url, pending_doctor_requests.documents, pending_doctor_requests.status, pending_doctor_requests.rejected_reason, pending_doctor_requests.doctor_id, pending_doctor_requests.submitted_at, pending_doctor_requests.reviewed_at 
FROM pending_doctor_requests 
WHERE pending_doctor_requests.clerk_id = $1::VARCHAR
2026-08-31 15:57:07,193 INFO sqlalchemy.engine.Engine [cached since 876.2s ago] ('user_3Idz3lR4nUx32RQ08fmzLywvcaV',)
2026-08-31 15:57:07,197 INFO sqlalchemy.engine.Engine COMMIT
INFO:     127.0.0.1:55565 - "GET /api/v1/doctor-applications/me HTTP/1.1" 200 OK
2026-08-31 15:57:16,033 INFO sqlalchemy.engine.Engine BEGIN (implicit)
2026-08-31 15:57:16,035 INFO sqlalchemy.engine.Engine SELECT users.id, users.practice_id, users.clerk_id, users.email, users.name, users.role, users.phone, users.is_active, users.permissions, users.is_platform_admin, users.created_at, users.updated_at 
FROM users 
WHERE users.clerk_id = $1::VARCHAR
2026-08-31 15:57:16,036 INFO sqlalchemy.engine.Engine [cached since 885.1s ago] ('user_3Idz3lR4nUx32RQ08fmzLywvcaV',)
2026-08-31 15:57:16,042 INFO sqlalchemy.engine.Engine SELECT pending_doctor_requests.id, pending_doctor_requests.practice_id, pending_doctor_requests.clerk_id, pending_doctor_requests.name, pending_doctor_requests.email, pending_doctor_requests.phone, pending_doctor_requests.specialty, pending_doctor_requests.license_number, pending_doctor_requests.bio, pending_doctor_requests.photo_url, pending_doctor_requests.documents, pending_doctor_requests.status, pending_doctor_requests.rejected_reason, pending_doctor_requests.doctor_id, pending_doctor_requests.submitted_at, pending_doctor_requests.reviewed_at 
FROM pending_doctor_requests 
WHERE pending_doctor_requests.clerk_id = $1::VARCHAR
2026-08-31 15:57:16,043 INFO sqlalchemy.engine.Engine [cached since 885.1s ago] ('user_3Idz3lR4nUx32RQ08fmzLywvcaV',)
2026-08-31 15:57:16,046 INFO sqlalchemy.engine.Engine COMMIT
INFO:     127.0.0.1:55580 - "GET /api/v1/doctor-applications/me HTTP/1.1" 200 OK
2026-08-31 15:57:25,020 INFO sqlalchemy.engine.Engine BEGIN (implicit)
2026-08-31 15:57:25,021 INFO sqlalchemy.engine.Engine SELECT users.id, users.practice_id, users.clerk_id, users.email, users.name, users.role, users.phone, users.is_active, users.permissions, users.is_platform_admin, users.created_at, users.updated_at 
FROM users 
WHERE users.clerk_id = $1::VARCHAR
2026-08-31 15:57:25,021 INFO sqlalchemy.engine.Engine [cached since 894.1s ago] ('user_3Idz3lR4nUx32RQ08fmzLywvcaV',)
2026-08-31 15:57:25,024 INFO sqlalchemy.engine.Engine SELECT pending_doctor_requests.id, pending_doctor_requests.practice_id, pending_doctor_requests.clerk_id, pending_doctor_requests.name, pending_doctor_requests.email, pending_doctor_requests.phone, pending_doctor_requests.specialty, pending_doctor_requests.license_number, pending_doctor_requests.bio, pending_doctor_requests.photo_url, pending_doctor_requests.documents, pending_doctor_requests.status, pending_doctor_requests.rejected_reason, pending_doctor_requests.doctor_id, pending_doctor_requests.submitted_at, pending_doctor_requests.reviewed_at 
FROM pending_doctor_requests 
WHERE pending_doctor_requests.clerk_id = $1::VARCHAR
2026-08-31 15:57:25,025 INFO sqlalchemy.engine.Engine [cached since 894.1s ago] ('user_3Idz3lR4nUx32RQ08fmzLywvcaV',)
2026-08-31 15:57:25,026 INFO sqlalchemy.engine.Engine COMMIT
INFO:     127.0.0.1:55584 - "GET /api/v1/doctor-applications/me HTTP/1.1" 200 OK
2026-08-31 15:57:34,938 INFO sqlalchemy.engine.Engine BEGIN (implicit)
2026-08-31 15:57:34,940 INFO sqlalchemy.engine.Engine SELECT users.id, users.practice_id, users.clerk_id, users.email, users.name, users.role, users.phone, users.is_active, users.permissions, users.is_platform_admin, users.created_at, users.updated_at 
FROM users 
WHERE users.clerk_id = $1::VARCHAR
2026-08-31 15:57:34,940 INFO sqlalchemy.engine.Engine [cached since 904s ago] ('user_3Idz3lR4nUx32RQ08fmzLywvcaV',)
2026-08-31 15:57:34,947 INFO sqlalchemy.engine.Engine SELECT pending_doctor_requests.id, pending_doctor_requests.practice_id, pending_doctor_requests.clerk_id, pending_doctor_requests.name, pending_doctor_requests.email, pending_doctor_requests.phone, pending_doctor_requests.specialty, pending_doctor_requests.license_number, pending_doctor_requests.bio, pending_doctor_requests.photo_url, pending_doctor_requests.documents, pending_doctor_requests.status, pending_doctor_requests.rejected_reason, pending_doctor_requests.doctor_id, pending_doctor_requests.submitted_at, pending_doctor_requests.reviewed_at 
FROM pending_doctor_requests 
WHERE pending_doctor_requests.clerk_id = $1::VARCHAR
2026-08-31 15:57:34,947 INFO sqlalchemy.engine.Engine [cached since 904s ago] ('user_3Idz3lR4nUx32RQ08fmzLywvcaV',)
2026-08-31 15:57:34,952 INFO sqlalchemy.engine.Engine COMMIT
INFO:     127.0.0.1:55593 - "GET /api/v1/doctor-applications/me HTTP/1.1" 200 OK
2026-08-31 15:57:44,559 INFO sqlalchemy.engine.Engine BEGIN (implicit)
2026-08-31 15:57:44,560 INFO sqlalchemy.engine.Engine SELECT users.id, users.practice_id, users.clerk_id, users.email, users.name, users.role, users.phone, users.is_active, users.permissions, users.is_platform_admin, users.created_at, users.updated_at 
FROM users 
WHERE users.clerk_id = $1::VARCHAR
2026-08-31 15:57:44,560 INFO sqlalchemy.engine.Engine [cached since 913.6s ago] ('user_3Idz3lR4nUx32RQ08fmzLywvcaV',)
2026-08-31 15:57:44,562 INFO sqlalchemy.engine.Engine SELECT pending_doctor_requests.id, pending_doctor_requests.practice_id, pending_doctor_requests.clerk_id, pending_doctor_requests.name, pending_doctor_requests.email, pending_doctor_requests.phone, pending_doctor_requests.specialty, pending_doctor_requests.license_number, pending_doctor_requests.bio, pending_doctor_requests.photo_url, pending_doctor_requests.documents, pending_doctor_requests.status, pending_doctor_requests.rejected_reason, pending_doctor_requests.doctor_id, pending_doctor_requests.submitted_at, pending_doctor_requests.reviewed_at 
FROM pending_doctor_requests 
WHERE pending_doctor_requests.clerk_id = $1::VARCHAR
2026-08-31 15:57:44,563 INFO sqlalchemy.engine.Engine [cached since 913.6s ago] ('user_3Idz3lR4nUx32RQ08fmzLywvcaV',)
2026-08-31 15:57:44,564 INFO sqlalchemy.engine.Engine COMMIT
INFO:     127.0.0.1:55596 - "GET /api/v1/doctor-applications/me HTTP/1.1" 200 OK
2026-08-31 15:57:53,496 INFO sqlalchemy.engine.Engine BEGIN (implicit)
2026-08-31 15:57:53,497 INFO sqlalchemy.engine.Engine SELECT users.id, users.practice_id, users.clerk_id, users.email, users.name, users.role, users.phone, users.is_active, users.permissions, users.is_platform_admin, users.created_at, users.updated_at 
FROM users 
WHERE users.clerk_id = $1::VARCHAR
2026-08-31 15:57:53,498 INFO sqlalchemy.engine.Engine [cached since 922.6s ago] ('user_3Idz3lR4nUx32RQ08fmzLywvcaV',)
2026-08-31 15:57:53,504 INFO sqlalchemy.engine.Engine SELECT pending_doctor_requests.id, pending_doctor_requests.practice_id, pending_doctor_requests.clerk_id, pending_doctor_requests.name, pending_doctor_requests.email, pending_doctor_requests.phone, pending_doctor_requests.specialty, pending_doctor_requests.license_number, pending_doctor_requests.bio, pending_doctor_requests.photo_url, pending_doctor_requests.documents, pending_doctor_requests.status, pending_doctor_requests.rejected_reason, pending_doctor_requests.doctor_id, pending_doctor_requests.submitted_at, pending_doctor_requests.reviewed_at 
FROM pending_doctor_requests 
WHERE pending_doctor_requests.clerk_id = $1::VARCHAR
2026-08-31 15:57:53,504 INFO sqlalchemy.engine.Engine [cached since 922.5s ago] ('user_3Idz3lR4nUx32RQ08fmzLywvcaV',)
2026-08-31 15:57:53,508 INFO sqlalchemy.engine.Engine COMMIT
INFO:     127.0.0.1:55599 - "GET /api/v1/doctor-applications/me HTTP/1.1" 200 OK
2026-08-31 15:58:02,048 INFO sqlalchemy.engine.Engine BEGIN (implicit)
2026-08-31 15:58:02,049 INFO sqlalchemy.engine.Engine SELECT users.id, users.practice_id, users.clerk_id, users.email, users.name, users.role, users.phone, users.is_active, users.permissions, users.is_platform_admin, users.created_at, users.updated_at 
FROM users 
WHERE users.clerk_id = $1::VARCHAR
2026-08-31 15:58:02,050 INFO sqlalchemy.engine.Engine [cached since 931.1s ago] ('user_3Idz3lR4nUx32RQ08fmzLywvcaV',)
2026-08-31 15:58:02,055 INFO sqlalchemy.engine.Engine SELECT pending_doctor_requests.id, pending_doctor_requests.practice_id, pending_doctor_requests.clerk_id, pending_doctor_requests.name, pending_doctor_requests.email, pending_doctor_requests.phone, pending_doctor_requests.specialty, pending_doctor_requests.license_number, pending_doctor_requests.bio, pending_doctor_requests.photo_url, pending_doctor_requests.documents, pending_doctor_requests.status, pending_doctor_requests.rejected_reason, pending_doctor_requests.doctor_id, pending_doctor_requests.submitted_at, pending_doctor_requests.reviewed_at 
FROM pending_doctor_requests 
WHERE pending_doctor_requests.clerk_id = $1::VARCHAR
2026-08-31 15:58:02,056 INFO sqlalchemy.engine.Engine [cached since 931.1s ago] ('user_3Idz3lR4nUx32RQ08fmzLywvcaV',)
2026-08-31 15:58:02,060 INFO sqlalchemy.engine.Engine COMMIT
INFO:     127.0.0.1:55602 - "GET /api/v1/doctor-applications/me HTTP/1.1" 200 OK
2026-08-31 15:58:12,618 INFO sqlalchemy.engine.Engine BEGIN (implicit)
2026-08-31 15:58:12,620 INFO sqlalchemy.engine.Engine SELECT users.id, users.practice_id, users.clerk_id, users.email, users.name, users.role, users.phone, users.is_active, users.permissions, users.is_platform_admin, users.created_at, users.updated_at 
FROM users 
WHERE users.clerk_id = $1::VARCHAR
2026-08-31 15:58:12,620 INFO sqlalchemy.engine.Engine [cached since 941.7s ago] ('user_3Idz3lR4nUx32RQ08fmzLywvcaV',)
2026-08-31 15:58:12,626 INFO sqlalchemy.engine.Engine SELECT pending_doctor_requests.id, pending_doctor_requests.practice_id, pending_doctor_requests.clerk_id, pending_doctor_requests.name, pending_doctor_requests.email, pending_doctor_requests.phone, pending_doctor_requests.specialty, pending_doctor_requests.license_number, pending_doctor_requests.bio, pending_doctor_requests.photo_url, pending_doctor_requests.documents, pending_doctor_requests.status, pending_doctor_requests.rejected_reason, pending_doctor_requests.doctor_id, pending_doctor_requests.submitted_at, pending_doctor_requests.reviewed_at 
FROM pending_doctor_requests 
WHERE pending_doctor_requests.clerk_id = $1::VARCHAR
2026-08-31 15:58:12,627 INFO sqlalchemy.engine.Engine [cached since 941.7s ago] ('user_3Idz3lR4nUx32RQ08fmzLywvcaV',)
2026-08-31 15:58:12,632 INFO sqlalchemy.engine.Engine COMMIT
INFO:     127.0.0.1:55608 - "GET /api/v1/doctor-applications/me HTTP/1.1" 200 OK
2026-08-31 15:58:21,524 INFO sqlalchemy.engine.Engine BEGIN (implicit)
2026-08-31 15:58:21,524 INFO sqlalchemy.engine.Engine SELECT users.id, users.practice_id, users.clerk_id, users.email, users.name, users.role, users.phone, users.is_active, users.permissions, users.is_platform_admin, users.created_at, users.updated_at 
FROM users 
WHERE users.clerk_id = $1::VARCHAR
2026-08-31 15:58:21,524 INFO sqlalchemy.engine.Engine [cached since 950.6s ago] ('user_3Idz3lR4nUx32RQ08fmzLywvcaV',)
2026-08-31 15:58:21,527 INFO sqlalchemy.engine.Engine SELECT pending_doctor_requests.id, pending_doctor_requests.practice_id, pending_doctor_requests.clerk_id, pending_doctor_requests.name, pending_doctor_requests.email, pending_doctor_requests.phone, pending_doctor_requests.specialty, pending_doctor_requests.license_number, pending_doctor_requests.bio, pending_doctor_requests.photo_url, pending_doctor_requests.documents, pending_doctor_requests.status, pending_doctor_requests.rejected_reason, pending_doctor_requests.doctor_id, pending_doctor_requests.submitted_at, pending_doctor_requests.reviewed_at 
FROM pending_doctor_requests 
WHERE pending_doctor_requests.clerk_id = $1::VARCHAR
2026-08-31 15:58:21,527 INFO sqlalchemy.engine.Engine [cached since 950.6s ago] ('user_3Idz3lR4nUx32RQ08fmzLywvcaV',)
2026-08-31 15:58:21,528 INFO sqlalchemy.engine.Engine COMMIT
INFO:     127.0.0.1:55620 - "GET /api/v1/doctor-applications/me HTTP/1.1" 200 OK
2026-08-31 15:58:30,619 INFO sqlalchemy.engine.Engine BEGIN (implicit)
2026-08-31 15:58:30,621 INFO sqlalchemy.engine.Engine SELECT users.id, users.practice_id, users.clerk_id, users.email, users.name, users.role, users.phone, users.is_active, users.permissions, users.is_platform_admin, users.created_at, users.updated_at 
FROM users 
WHERE users.clerk_id = $1::VARCHAR
2026-08-31 15:58:30,622 INFO sqlalchemy.engine.Engine [cached since 959.7s ago] ('user_3Idz3lR4nUx32RQ08fmzLywvcaV',)
2026-08-31 15:58:30,628 INFO sqlalchemy.engine.Engine SELECT pending_doctor_requests.id, pending_doctor_requests.practice_id, pending_doctor_requests.clerk_id, pending_doctor_requests.name, pending_doctor_requests.email, pending_doctor_requests.phone, pending_doctor_requests.specialty, pending_doctor_requests.license_number, pending_doctor_requests.bio, pending_doctor_requests.photo_url, pending_doctor_requests.documents, pending_doctor_requests.status, pending_doctor_requests.rejected_reason, pending_doctor_requests.doctor_id, pending_doctor_requests.submitted_at, pending_doctor_requests.reviewed_at 
FROM pending_doctor_requests 
WHERE pending_doctor_requests.clerk_id = $1::VARCHAR
2026-08-31 15:58:30,629 INFO sqlalchemy.engine.Engine [cached since 959.7s ago] ('user_3Idz3lR4nUx32RQ08fmzLywvcaV',)
2026-08-31 15:58:30,637 INFO sqlalchemy.engine.Engine COMMIT
INFO:     127.0.0.1:55627 - "GET /api/v1/doctor-applications/me HTTP/1.1" 200 OK
2026-08-31 15:58:39,243 INFO sqlalchemy.engine.Engine BEGIN (implicit)
2026-08-31 15:58:39,245 INFO sqlalchemy.engine.Engine SELECT users.id, users.practice_id, users.clerk_id, users.email, users.name, users.role, users.phone, users.is_active, users.permissions, users.is_platform_admin, users.created_at, users.updated_at 
FROM users 
WHERE users.clerk_id = $1::VARCHAR
2026-08-31 15:58:39,246 INFO sqlalchemy.engine.Engine [cached since 968.3s ago] ('user_3Idz3lR4nUx32RQ08fmzLywvcaV',)
2026-08-31 15:58:39,254 INFO sqlalchemy.engine.Engine SELECT pending_doctor_requests.id, pending_doctor_requests.practice_id, pending_doctor_requests.clerk_id, pending_doctor_requests.name, pending_doctor_requests.email, pending_doctor_requests.phone, pending_doctor_requests.specialty, pending_doctor_requests.license_number, pending_doctor_requests.bio, pending_doctor_requests.photo_url, pending_doctor_requests.documents, pending_doctor_requests.status, pending_doctor_requests.rejected_reason, pending_doctor_requests.doctor_id, pending_doctor_requests.submitted_at, pending_doctor_requests.reviewed_at 
FROM pending_doctor_requests 
WHERE pending_doctor_requests.clerk_id = $1::VARCHAR
2026-08-31 15:58:39,255 INFO sqlalchemy.engine.Engine [cached since 968.3s ago] ('user_3Idz3lR4nUx32RQ08fmzLywvcaV',)
2026-08-31 15:58:39,259 INFO sqlalchemy.engine.Engine COMMIT
INFO:     127.0.0.1:55630 - "GET /api/v1/doctor-applications/me HTTP/1.1" 200 OK
2026-08-31 15:58:48,454 INFO sqlalchemy.engine.Engine BEGIN (implicit)
2026-08-31 15:58:48,455 INFO sqlalchemy.engine.Engine SELECT users.id, users.practice_id, users.clerk_id, users.email, users.name, users.role, users.phone, users.is_active, users.permissions, users.is_platform_admin, users.created_at, users.updated_at 
FROM users 
WHERE users.clerk_id = $1::VARCHAR
2026-08-31 15:58:48,456 INFO sqlalchemy.engine.Engine [cached since 977.5s ago] ('user_3Idz3lR4nUx32RQ08fmzLywvcaV',)
2026-08-31 15:58:48,462 INFO sqlalchemy.engine.Engine SELECT pending_doctor_requests.id, pending_doctor_requests.practice_id, pending_doctor_requests.clerk_id, pending_doctor_requests.name, pending_doctor_requests.email, pending_doctor_requests.phone, pending_doctor_requests.specialty, pending_doctor_requests.license_number, pending_doctor_requests.bio, pending_doctor_requests.photo_url, pending_doctor_requests.documents, pending_doctor_requests.status, pending_doctor_requests.rejected_reason, pending_doctor_requests.doctor_id, pending_doctor_requests.submitted_at, pending_doctor_requests.reviewed_at 
FROM pending_doctor_requests 
WHERE pending_doctor_requests.clerk_id = $1::VARCHAR
2026-08-31 15:58:48,463 INFO sqlalchemy.engine.Engine [cached since 977.5s ago] ('user_3Idz3lR4nUx32RQ08fmzLywvcaV',)
2026-08-31 15:58:48,467 INFO sqlalchemy.engine.Engine COMMIT
INFO:     127.0.0.1:55636 - "GET /api/v1/doctor-applications/me HTTP/1.1" 200 OK
2026-08-31 15:58:57,670 INFO sqlalchemy.engine.Engine BEGIN (implicit)
2026-08-31 15:58:57,671 INFO sqlalchemy.engine.Engine SELECT users.id, users.practice_id, users.clerk_id, users.email, users.name, users.role, users.phone, users.is_active, users.permissions, users.is_platform_admin, users.created_at, users.updated_at 
FROM users 
WHERE users.clerk_id = $1::VARCHAR
2026-08-31 15:58:57,671 INFO sqlalchemy.engine.Engine [cached since 986.7s ago] ('user_3Idz3lR4nUx32RQ08fmzLywvcaV',)
2026-08-31 15:58:57,673 INFO sqlalchemy.engine.Engine SELECT pending_doctor_requests.id, pending_doctor_requests.practice_id, pending_doctor_requests.clerk_id, pending_doctor_requests.name, pending_doctor_requests.email, pending_doctor_requests.phone, pending_doctor_requests.specialty, pending_doctor_requests.license_number, pending_doctor_requests.bio, pending_doctor_requests.photo_url, pending_doctor_requests.documents, pending_doctor_requests.status, pending_doctor_requests.rejected_reason, pending_doctor_requests.doctor_id, pending_doctor_requests.submitted_at, pending_doctor_requests.reviewed_at 
FROM pending_doctor_requests 
WHERE pending_doctor_requests.clerk_id = $1::VARCHAR
2026-08-31 15:58:57,674 INFO sqlalchemy.engine.Engine [cached since 986.7s ago] ('user_3Idz3lR4nUx32RQ08fmzLywvcaV',)
2026-08-31 15:58:57,675 INFO sqlalchemy.engine.Engine COMMIT
INFO:     127.0.0.1:55638 - "GET /api/v1/doctor-applications/me HTTP/1.1" 200 OK
2026-08-31 15:59:07,003 INFO sqlalchemy.engine.Engine BEGIN (implicit)
2026-08-31 15:59:07,005 INFO sqlalchemy.engine.Engine SELECT users.id, users.practice_id, users.clerk_id, users.email, users.name, users.role, users.phone, users.is_active, users.permissions, users.is_platform_admin, users.created_at, users.updated_at 
FROM users 
WHERE users.clerk_id = $1::VARCHAR
2026-08-31 15:59:07,006 INFO sqlalchemy.engine.Engine [cached since 996.1s ago] ('user_3Idz3lR4nUx32RQ08fmzLywvcaV',)
2026-08-31 15:59:07,013 INFO sqlalchemy.engine.Engine SELECT pending_doctor_requests.id, pending_doctor_requests.practice_id, pending_doctor_requests.clerk_id, pending_doctor_requests.name, pending_doctor_requests.email, pending_doctor_requests.phone, pending_doctor_requests.specialty, pending_doctor_requests.license_number, pending_doctor_requests.bio, pending_doctor_requests.photo_url, pending_doctor_requests.documents, pending_doctor_requests.status, pending_doctor_requests.rejected_reason, pending_doctor_requests.doctor_id, pending_doctor_requests.submitted_at, pending_doctor_requests.reviewed_at 
FROM pending_doctor_requests 
WHERE pending_doctor_requests.clerk_id = $1::VARCHAR
2026-08-31 15:59:07,014 INFO sqlalchemy.engine.Engine [cached since 996s ago] ('user_3Idz3lR4nUx32RQ08fmzLywvcaV',)
2026-08-31 15:59:07,018 INFO sqlalchemy.engine.Engine COMMIT
INFO:     127.0.0.1:55644 - "GET /api/v1/doctor-applications/me HTTP/1.1" 200 OK
2026-08-31 15:59:17,685 INFO sqlalchemy.engine.Engine BEGIN (implicit)
2026-08-31 15:59:17,687 INFO sqlalchemy.engine.Engine SELECT users.id, users.practice_id, users.clerk_id, users.email, users.name, users.role, users.phone, users.is_active, users.permissions, users.is_platform_admin, users.created_at, users.updated_at 
FROM users 
WHERE users.clerk_id = $1::VARCHAR
2026-08-31 15:59:17,687 INFO sqlalchemy.engine.Engine [cached since 1007s ago] ('user_3Idz3lR4nUx32RQ08fmzLywvcaV',)
2026-08-31 15:59:17,694 INFO sqlalchemy.engine.Engine SELECT pending_doctor_requests.id, pending_doctor_requests.practice_id, pending_doctor_requests.clerk_id, pending_doctor_requests.name, pending_doctor_requests.email, pending_doctor_requests.phone, pending_doctor_requests.specialty, pending_doctor_requests.license_number, pending_doctor_requests.bio, pending_doctor_requests.photo_url, pending_doctor_requests.documents, pending_doctor_requests.status, pending_doctor_requests.rejected_reason, pending_doctor_requests.doctor_id, pending_doctor_requests.submitted_at, pending_doctor_requests.reviewed_at 
FROM pending_doctor_requests 
WHERE pending_doctor_requests.clerk_id = $1::VARCHAR
2026-08-31 15:59:17,694 INFO sqlalchemy.engine.Engine [cached since 1007s ago] ('user_3Idz3lR4nUx32RQ08fmzLywvcaV',)
2026-08-31 15:59:17,698 INFO sqlalchemy.engine.Engine COMMIT
INFO:     127.0.0.1:55653 - "GET /api/v1/doctor-applications/me HTTP/1.1" 200 OK
2026-08-31 15:59:26,066 INFO sqlalchemy.engine.Engine BEGIN (implicit)
2026-08-31 15:59:26,068 INFO sqlalchemy.engine.Engine SELECT users.id, users.practice_id, users.clerk_id, users.email, users.name, users.role, users.phone, users.is_active, users.permissions, users.is_platform_admin, users.created_at, users.updated_at 
FROM users 
WHERE users.clerk_id = $1::VARCHAR
2026-08-31 15:59:26,068 INFO sqlalchemy.engine.Engine [cached since 1015s ago] ('user_3Idz3lR4nUx32RQ08fmzLywvcaV',)
2026-08-31 15:59:26,072 INFO sqlalchemy.engine.Engine SELECT pending_doctor_requests.id, pending_doctor_requests.practice_id, pending_doctor_requests.clerk_id, pending_doctor_requests.name, pending_doctor_requests.email, pending_doctor_requests.phone, pending_doctor_requests.specialty, pending_doctor_requests.license_number, pending_doctor_requests.bio, pending_doctor_requests.photo_url, pending_doctor_requests.documents, pending_doctor_requests.status, pending_doctor_requests.rejected_reason, pending_doctor_requests.doctor_id, pending_doctor_requests.submitted_at, pending_doctor_requests.reviewed_at 
FROM pending_doctor_requests 
WHERE pending_doctor_requests.clerk_id = $1::VARCHAR
2026-08-31 15:59:26,073 INFO sqlalchemy.engine.Engine [cached since 1015s ago] ('user_3Idz3lR4nUx32RQ08fmzLywvcaV',)
2026-08-31 15:59:26,074 INFO sqlalchemy.engine.Engine COMMIT
INFO:     127.0.0.1:55660 - "GET /api/v1/doctor-applications/me HTTP/1.1" 200 OK
2026-08-31 15:59:35,559 INFO sqlalchemy.engine.Engine BEGIN (implicit)
2026-08-31 15:59:35,560 INFO sqlalchemy.engine.Engine SELECT users.id, users.practice_id, users.clerk_id, users.email, users.name, users.role, users.phone, users.is_active, users.permissions, users.is_platform_admin, users.created_at, users.updated_at 
FROM users 
WHERE users.clerk_id = $1::VARCHAR
2026-08-31 15:59:35,560 INFO sqlalchemy.engine.Engine [cached since 1025s ago] ('user_3Idz3lR4nUx32RQ08fmzLywvcaV',)
2026-08-31 15:59:35,562 INFO sqlalchemy.engine.Engine SELECT pending_doctor_requests.id, pending_doctor_requests.practice_id, pending_doctor_requests.clerk_id, pending_doctor_requests.name, pending_doctor_requests.email, pending_doctor_requests.phone, pending_doctor_requests.specialty, pending_doctor_requests.license_number, pending_doctor_requests.bio, pending_doctor_requests.photo_url, pending_doctor_requests.documents, pending_doctor_requests.status, pending_doctor_requests.rejected_reason, pending_doctor_requests.doctor_id, pending_doctor_requests.submitted_at, pending_doctor_requests.reviewed_at 
FROM pending_doctor_requests 
WHERE pending_doctor_requests.clerk_id = $1::VARCHAR
2026-08-31 15:59:35,562 INFO sqlalchemy.engine.Engine [cached since 1025s ago] ('user_3Idz3lR4nUx32RQ08fmzLywvcaV',)
2026-08-31 15:59:35,564 INFO sqlalchemy.engine.Engine COMMIT
INFO:     127.0.0.1:55663 - "GET /api/v1/doctor-applications/me HTTP/1.1" 200 OK
2026-08-31 15:59:44,078 INFO sqlalchemy.engine.Engine BEGIN (implicit)
2026-08-31 15:59:44,079 INFO sqlalchemy.engine.Engine SELECT users.id, users.practice_id, users.clerk_id, users.email, users.name, users.role, users.phone, users.is_active, users.permissions, users.is_platform_admin, users.created_at, users.updated_at 
FROM users 
WHERE users.clerk_id = $1::VARCHAR
2026-08-31 15:59:44,080 INFO sqlalchemy.engine.Engine [cached since 1033s ago] ('user_3Idz3lR4nUx32RQ08fmzLywvcaV',)
2026-08-31 15:59:44,086 INFO sqlalchemy.engine.Engine SELECT pending_doctor_requests.id, pending_doctor_requests.practice_id, pending_doctor_requests.clerk_id, pending_doctor_requests.name, pending_doctor_requests.email, pending_doctor_requests.phone, pending_doctor_requests.specialty, pending_doctor_requests.license_number, pending_doctor_requests.bio, pending_doctor_requests.photo_url, pending_doctor_requests.documents, pending_doctor_requests.status, pending_doctor_requests.rejected_reason, pending_doctor_requests.doctor_id, pending_doctor_requests.submitted_at, pending_doctor_requests.reviewed_at 
FROM pending_doctor_requests 
WHERE pending_doctor_requests.clerk_id = $1::VARCHAR
2026-08-31 15:59:44,087 INFO sqlalchemy.engine.Engine [cached since 1033s ago] ('user_3Idz3lR4nUx32RQ08fmzLywvcaV',)
2026-08-31 15:59:44,091 INFO sqlalchemy.engine.Engine COMMIT
INFO:     127.0.0.1:55666 - "GET /api/v1/doctor-applications/me HTTP/1.1" 200 OK
2026-08-31 15:59:54,717 INFO sqlalchemy.engine.Engine BEGIN (implicit)
2026-08-31 15:59:54,718 INFO sqlalchemy.engine.Engine SELECT users.id, users.practice_id, users.clerk_id, users.email, users.name, users.role, users.phone, users.is_active, users.permissions, users.is_platform_admin, users.created_at, users.updated_at 
FROM users 
WHERE users.clerk_id = $1::VARCHAR
2026-08-31 15:59:54,719 INFO sqlalchemy.engine.Engine [cached since 1044s ago] ('user_3Idz3lR4nUx32RQ08fmzLywvcaV',)
2026-08-31 15:59:54,725 INFO sqlalchemy.engine.Engine SELECT pending_doctor_requests.id, pending_doctor_requests.practice_id, pending_doctor_requests.clerk_id, pending_doctor_requests.name, pending_doctor_requests.email, pending_doctor_requests.phone, pending_doctor_requests.specialty, pending_doctor_requests.license_number, pending_doctor_requests.bio, pending_doctor_requests.photo_url, pending_doctor_requests.documents, pending_doctor_requests.status, pending_doctor_requests.rejected_reason, pending_doctor_requests.doctor_id, pending_doctor_requests.submitted_at, pending_doctor_requests.reviewed_at 
FROM pending_doctor_requests 
WHERE pending_doctor_requests.clerk_id = $1::VARCHAR
2026-08-31 15:59:54,726 INFO sqlalchemy.engine.Engine [cached since 1044s ago] ('user_3Idz3lR4nUx32RQ08fmzLywvcaV',)
2026-08-31 15:59:54,730 INFO sqlalchemy.engine.Engine COMMIT
INFO:     127.0.0.1:55669 - "GET /api/v1/doctor-applications/me HTTP/1.1" 200 OK
2026-08-31 16:00:03,073 INFO sqlalchemy.engine.Engine BEGIN (implicit)
2026-08-31 16:00:03,074 INFO sqlalchemy.engine.Engine SELECT users.id, users.practice_id, users.clerk_id, users.email, users.name, users.role, users.phone, users.is_active, users.permissions, users.is_platform_admin, users.created_at, users.updated_at 
FROM users 
WHERE users.clerk_id = $1::VARCHAR
2026-08-31 16:00:03,075 INFO sqlalchemy.engine.Engine [cached since 1052s ago] ('user_3Idz3lR4nUx32RQ08fmzLywvcaV',)
2026-08-31 16:00:03,081 INFO sqlalchemy.engine.Engine SELECT pending_doctor_requests.id, pending_doctor_requests.practice_id, pending_doctor_requests.clerk_id, pending_doctor_requests.name, pending_doctor_requests.email, pending_doctor_requests.phone, pending_doctor_requests.specialty, pending_doctor_requests.license_number, pending_doctor_requests.bio, pending_doctor_requests.photo_url, pending_doctor_requests.documents, pending_doctor_requests.status, pending_doctor_requests.rejected_reason, pending_doctor_requests.doctor_id, pending_doctor_requests.submitted_at, pending_doctor_requests.reviewed_at 
FROM pending_doctor_requests 
WHERE pending_doctor_requests.clerk_id = $1::VARCHAR
2026-08-31 16:00:03,081 INFO sqlalchemy.engine.Engine [cached since 1052s ago] ('user_3Idz3lR4nUx32RQ08fmzLywvcaV',)
2026-08-31 16:00:03,084 INFO sqlalchemy.engine.Engine COMMIT
INFO:     127.0.0.1:55676 - "GET /api/v1/doctor-applications/me HTTP/1.1" 200 OK
2026-08-31 16:00:12,010 INFO sqlalchemy.engine.Engine BEGIN (implicit)
2026-08-31 16:00:12,011 INFO sqlalchemy.engine.Engine SELECT users.id, users.practice_id, users.clerk_id, users.email, users.name, users.role, users.phone, users.is_active, users.permissions, users.is_platform_admin, users.created_at, users.updated_at 
FROM users 
WHERE users.clerk_id = $1::VARCHAR
2026-08-31 16:00:12,011 INFO sqlalchemy.engine.Engine [cached since 1061s ago] ('user_3Idz3lR4nUx32RQ08fmzLywvcaV',)
2026-08-31 16:00:12,014 INFO sqlalchemy.engine.Engine SELECT pending_doctor_requests.id, pending_doctor_requests.practice_id, pending_doctor_requests.clerk_id, pending_doctor_requests.name, pending_doctor_requests.email, pending_doctor_requests.phone, pending_doctor_requests.specialty, pending_doctor_requests.license_number, pending_doctor_requests.bio, pending_doctor_requests.photo_url, pending_doctor_requests.documents, pending_doctor_requests.status, pending_doctor_requests.rejected_reason, pending_doctor_requests.doctor_id, pending_doctor_requests.submitted_at, pending_doctor_requests.reviewed_at 
FROM pending_doctor_requests 
WHERE pending_doctor_requests.clerk_id = $1::VARCHAR
2026-08-31 16:00:12,015 INFO sqlalchemy.engine.Engine [cached since 1061s ago] ('user_3Idz3lR4nUx32RQ08fmzLywvcaV',)
2026-08-31 16:00:12,017 INFO sqlalchemy.engine.Engine COMMIT
INFO:     127.0.0.1:55691 - "GET /api/v1/doctor-applications/me HTTP/1.1" 200 OK
2026-08-31 16:00:21,531 INFO sqlalchemy.engine.Engine BEGIN (implicit)
2026-08-31 16:00:21,533 INFO sqlalchemy.engine.Engine SELECT users.id, users.practice_id, users.clerk_id, users.email, users.name, users.role, users.phone, users.is_active, users.permissions, users.is_platform_admin, users.created_at, users.updated_at 
FROM users 
WHERE users.clerk_id = $1::VARCHAR
2026-08-31 16:00:21,534 INFO sqlalchemy.engine.Engine [cached since 1071s ago] ('user_3Idz3lR4nUx32RQ08fmzLywvcaV',)
2026-08-31 16:00:21,542 INFO sqlalchemy.engine.Engine SELECT pending_doctor_requests.id, pending_doctor_requests.practice_id, pending_doctor_requests.clerk_id, pending_doctor_requests.name, pending_doctor_requests.email, pending_doctor_requests.phone, pending_doctor_requests.specialty, pending_doctor_requests.license_number, pending_doctor_requests.bio, pending_doctor_requests.photo_url, pending_doctor_requests.documents, pending_doctor_requests.status, pending_doctor_requests.rejected_reason, pending_doctor_requests.doctor_id, pending_doctor_requests.submitted_at, pending_doctor_requests.reviewed_at 
FROM pending_doctor_requests 
WHERE pending_doctor_requests.clerk_id = $1::VARCHAR
2026-08-31 16:00:21,542 INFO sqlalchemy.engine.Engine [cached since 1071s ago] ('user_3Idz3lR4nUx32RQ08fmzLywvcaV',)
2026-08-31 16:00:21,547 INFO sqlalchemy.engine.Engine COMMIT
INFO:     127.0.0.1:55706 - "GET /api/v1/doctor-applications/me HTTP/1.1" 200 OK
2026-08-31 16:00:30,573 INFO sqlalchemy.engine.Engine BEGIN (implicit)
2026-08-31 16:00:30,573 INFO sqlalchemy.engine.Engine SELECT users.id, users.practice_id, users.clerk_id, users.email, users.name, users.role, users.phone, users.is_active, users.permissions, users.is_platform_admin, users.created_at, users.updated_at 
FROM users 
WHERE users.clerk_id = $1::VARCHAR
2026-08-31 16:00:30,574 INFO sqlalchemy.engine.Engine [cached since 1080s ago] ('user_3Idz3lR4nUx32RQ08fmzLywvcaV',)
2026-08-31 16:00:30,576 INFO sqlalchemy.engine.Engine SELECT pending_doctor_requests.id, pending_doctor_requests.practice_id, pending_doctor_requests.clerk_id, pending_doctor_requests.name, pending_doctor_requests.email, pending_doctor_requests.phone, pending_doctor_requests.specialty, pending_doctor_requests.license_number, pending_doctor_requests.bio, pending_doctor_requests.photo_url, pending_doctor_requests.documents, pending_doctor_requests.status, pending_doctor_requests.rejected_reason, pending_doctor_requests.doctor_id, pending_doctor_requests.submitted_at, pending_doctor_requests.reviewed_at 
FROM pending_doctor_requests 
WHERE pending_doctor_requests.clerk_id = $1::VARCHAR
2026-08-31 16:00:30,576 INFO sqlalchemy.engine.Engine [cached since 1080s ago] ('user_3Idz3lR4nUx32RQ08fmzLywvcaV',)
2026-08-31 16:00:30,578 INFO sqlalchemy.engine.Engine COMMIT
INFO:     127.0.0.1:55709 - "GET /api/v1/doctor-applications/me HTTP/1.1" 200 OK
2026-08-31 16:00:40,506 INFO sqlalchemy.engine.Engine BEGIN (implicit)
2026-08-31 16:00:40,507 INFO sqlalchemy.engine.Engine SELECT users.id, users.practice_id, users.clerk_id, users.email, users.name, users.role, users.phone, users.is_active, users.permissions, users.is_platform_admin, users.created_at, users.updated_at 
FROM users 
WHERE users.clerk_id = $1::VARCHAR
2026-08-31 16:00:40,508 INFO sqlalchemy.engine.Engine [cached since 1090s ago] ('user_3Idz3lR4nUx32RQ08fmzLywvcaV',)
2026-08-31 16:00:40,513 INFO sqlalchemy.engine.Engine SELECT pending_doctor_requests.id, pending_doctor_requests.practice_id, pending_doctor_requests.clerk_id, pending_doctor_requests.name, pending_doctor_requests.email, pending_doctor_requests.phone, pending_doctor_requests.specialty, pending_doctor_requests.license_number, pending_doctor_requests.bio, pending_doctor_requests.photo_url, pending_doctor_requests.documents, pending_doctor_requests.status, pending_doctor_requests.rejected_reason, pending_doctor_requests.doctor_id, pending_doctor_requests.submitted_at, pending_doctor_requests.reviewed_at 
FROM pending_doctor_requests 
WHERE pending_doctor_requests.clerk_id = $1::VARCHAR
2026-08-31 16:00:40,514 INFO sqlalchemy.engine.Engine [cached since 1090s ago] ('user_3Idz3lR4nUx32RQ08fmzLywvcaV',)
2026-08-31 16:00:40,517 INFO sqlalchemy.engine.Engine COMMIT
INFO:     127.0.0.1:55719 - "GET /api/v1/doctor-applications/me HTTP/1.1" 200 OK
2026-08-31 16:00:49,053 INFO sqlalchemy.engine.Engine BEGIN (implicit)
2026-08-31 16:00:49,054 INFO sqlalchemy.engine.Engine SELECT users.id, users.practice_id, users.clerk_id, users.email, users.name, users.role, users.phone, users.is_active, users.permissions, users.is_platform_admin, users.created_at, users.updated_at 
FROM users 
WHERE users.clerk_id = $1::VARCHAR
2026-08-31 16:00:49,055 INFO sqlalchemy.engine.Engine [cached since 1098s ago] ('user_3Idz3lR4nUx32RQ08fmzLywvcaV',)
2026-08-31 16:00:49,061 INFO sqlalchemy.engine.Engine SELECT pending_doctor_requests.id, pending_doctor_requests.practice_id, pending_doctor_requests.clerk_id, pending_doctor_requests.name, pending_doctor_requests.email, pending_doctor_requests.phone, pending_doctor_requests.specialty, pending_doctor_requests.license_number, pending_doctor_requests.bio, pending_doctor_requests.photo_url, pending_doctor_requests.documents, pending_doctor_requests.status, pending_doctor_requests.rejected_reason, pending_doctor_requests.doctor_id, pending_doctor_requests.submitted_at, pending_doctor_requests.reviewed_at 
FROM pending_doctor_requests 
WHERE pending_doctor_requests.clerk_id = $1::VARCHAR
2026-08-31 16:00:49,062 INFO sqlalchemy.engine.Engine [cached since 1098s ago] ('user_3Idz3lR4nUx32RQ08fmzLywvcaV',)
2026-08-31 16:00:49,065 INFO sqlalchemy.engine.Engine COMMIT
INFO:     127.0.0.1:55723 - "GET /api/v1/doctor-applications/me HTTP/1.1" 200 OK
2026-08-31 16:01:02,424 INFO sqlalchemy.engine.Engine BEGIN (implicit)
2026-08-31 16:01:02,426 INFO sqlalchemy.engine.Engine SELECT users.id, users.practice_id, users.clerk_id, users.email, users.name, users.role, users.phone, users.is_active, users.permissions, users.is_platform_admin, users.created_at, users.updated_at 
FROM users 
WHERE users.clerk_id = $1::VARCHAR
2026-08-31 16:01:02,426 INFO sqlalchemy.engine.Engine [cached since 1111s ago] ('user_3Idz3lR4nUx32RQ08fmzLywvcaV',)
2026-08-31 16:01:02,433 INFO sqlalchemy.engine.Engine SELECT pending_doctor_requests.id, pending_doctor_requests.practice_id, pending_doctor_requests.clerk_id, pending_doctor_requests.name, pending_doctor_requests.email, pending_doctor_requests.phone, pending_doctor_requests.specialty, pending_doctor_requests.license_number, pending_doctor_requests.bio, pending_doctor_requests.photo_url, pending_doctor_requests.documents, pending_doctor_requests.status, pending_doctor_requests.rejected_reason, pending_doctor_requests.doctor_id, pending_doctor_requests.submitted_at, pending_doctor_requests.reviewed_at 
FROM pending_doctor_requests 
WHERE pending_doctor_requests.clerk_id = $1::VARCHAR
2026-08-31 16:01:02,433 INFO sqlalchemy.engine.Engine [cached since 1111s ago] ('user_3Idz3lR4nUx32RQ08fmzLywvcaV',)
2026-08-31 16:01:02,437 INFO sqlalchemy.engine.Engine COMMIT
INFO:     127.0.0.1:55725 - "GET /api/v1/doctor-applications/me HTTP/1.1" 200 OK
2026-08-31 16:01:11,032 INFO sqlalchemy.engine.Engine BEGIN (implicit)
2026-08-31 16:01:11,033 INFO sqlalchemy.engine.Engine SELECT users.id, users.practice_id, users.clerk_id, users.email, users.name, users.role, users.phone, users.is_active, users.permissions, users.is_platform_admin, users.created_at, users.updated_at 
FROM users 
WHERE users.clerk_id = $1::VARCHAR
2026-08-31 16:01:11,033 INFO sqlalchemy.engine.Engine [cached since 1120s ago] ('user_3Idz3lR4nUx32RQ08fmzLywvcaV',)
2026-08-31 16:01:11,035 INFO sqlalchemy.engine.Engine SELECT pending_doctor_requests.id, pending_doctor_requests.practice_id, pending_doctor_requests.clerk_id, pending_doctor_requests.name, pending_doctor_requests.email, pending_doctor_requests.phone, pending_doctor_requests.specialty, pending_doctor_requests.license_number, pending_doctor_requests.bio, pending_doctor_requests.photo_url, pending_doctor_requests.documents, pending_doctor_requests.status, pending_doctor_requests.rejected_reason, pending_doctor_requests.doctor_id, pending_doctor_requests.submitted_at, pending_doctor_requests.reviewed_at 
FROM pending_doctor_requests 
WHERE pending_doctor_requests.clerk_id = $1::VARCHAR
2026-08-31 16:01:11,036 INFO sqlalchemy.engine.Engine [cached since 1120s ago] ('user_3Idz3lR4nUx32RQ08fmzLywvcaV',)
2026-08-31 16:01:11,037 INFO sqlalchemy.engine.Engine COMMIT
INFO:     127.0.0.1:55732 - "GET /api/v1/doctor-applications/me HTTP/1.1" 200 OK
2026-08-31 16:01:20,044 INFO sqlalchemy.engine.Engine BEGIN (implicit)
2026-08-31 16:01:20,045 INFO sqlalchemy.engine.Engine SELECT users.id, users.practice_id, users.clerk_id, users.email, users.name, users.role, users.phone, users.is_active, users.permissions, users.is_platform_admin, users.created_at, users.updated_at 
FROM users 
WHERE users.clerk_id = $1::VARCHAR
2026-08-31 16:01:20,046 INFO sqlalchemy.engine.Engine [cached since 1129s ago] ('user_3Idz3lR4nUx32RQ08fmzLywvcaV',)
2026-08-31 16:01:20,052 INFO sqlalchemy.engine.Engine SELECT pending_doctor_requests.id, pending_doctor_requests.practice_id, pending_doctor_requests.clerk_id, pending_doctor_requests.name, pending_doctor_requests.email, pending_doctor_requests.phone, pending_doctor_requests.specialty, pending_doctor_requests.license_number, pending_doctor_requests.bio, pending_doctor_requests.photo_url, pending_doctor_requests.documents, pending_doctor_requests.status, pending_doctor_requests.rejected_reason, pending_doctor_requests.doctor_id, pending_doctor_requests.submitted_at, pending_doctor_requests.reviewed_at 
FROM pending_doctor_requests 
WHERE pending_doctor_requests.clerk_id = $1::VARCHAR
2026-08-31 16:01:20,052 INFO sqlalchemy.engine.Engine [cached since 1129s ago] ('user_3Idz3lR4nUx32RQ08fmzLywvcaV',)
2026-08-31 16:01:20,057 INFO sqlalchemy.engine.Engine COMMIT
INFO:     127.0.0.1:55741 - "GET /api/v1/doctor-applications/me HTTP/1.1" 200 OK
2026-08-31 16:01:29,042 INFO sqlalchemy.engine.Engine BEGIN (implicit)
2026-08-31 16:01:29,044 INFO sqlalchemy.engine.Engine SELECT users.id, users.practice_id, users.clerk_id, users.email, users.name, users.role, users.phone, users.is_active, users.permissions, users.is_platform_admin, users.created_at, users.updated_at 
FROM users 
WHERE users.clerk_id = $1::VARCHAR
2026-08-31 16:01:29,044 INFO sqlalchemy.engine.Engine [cached since 1138s ago] ('user_3Idz3lR4nUx32RQ08fmzLywvcaV',)
2026-08-31 16:01:29,050 INFO sqlalchemy.engine.Engine SELECT pending_doctor_requests.id, pending_doctor_requests.practice_id, pending_doctor_requests.clerk_id, pending_doctor_requests.name, pending_doctor_requests.email, pending_doctor_requests.phone, pending_doctor_requests.specialty, pending_doctor_requests.license_number, pending_doctor_requests.bio, pending_doctor_requests.photo_url, pending_doctor_requests.documents, pending_doctor_requests.status, pending_doctor_requests.rejected_reason, pending_doctor_requests.doctor_id, pending_doctor_requests.submitted_at, pending_doctor_requests.reviewed_at 
FROM pending_doctor_requests 
WHERE pending_doctor_requests.clerk_id = $1::VARCHAR
2026-08-31 16:01:29,051 INFO sqlalchemy.engine.Engine [cached since 1138s ago] ('user_3Idz3lR4nUx32RQ08fmzLywvcaV',)
2026-08-31 16:01:29,055 INFO sqlalchemy.engine.Engine COMMIT
INFO:     127.0.0.1:55744 - "GET /api/v1/doctor-applications/me HTTP/1.1" 200 OK
2026-08-31 16:01:38,370 INFO sqlalchemy.engine.Engine BEGIN (implicit)
2026-08-31 16:01:38,372 INFO sqlalchemy.engine.Engine SELECT users.id, users.practice_id, users.clerk_id, users.email, users.name, users.role, users.phone, users.is_active, users.permissions, users.is_platform_admin, users.created_at, users.updated_at 
FROM users 
WHERE users.clerk_id = $1::VARCHAR
2026-08-31 16:01:38,373 INFO sqlalchemy.engine.Engine [cached since 1147s ago] ('user_3Idz3lR4nUx32RQ08fmzLywvcaV',)
2026-08-31 16:01:38,380 INFO sqlalchemy.engine.Engine SELECT pending_doctor_requests.id, pending_doctor_requests.practice_id, pending_doctor_requests.clerk_id, pending_doctor_requests.name, pending_doctor_requests.email, pending_doctor_requests.phone, pending_doctor_requests.specialty, pending_doctor_requests.license_number, pending_doctor_requests.bio, pending_doctor_requests.photo_url, pending_doctor_requests.documents, pending_doctor_requests.status, pending_doctor_requests.rejected_reason, pending_doctor_requests.doctor_id, pending_doctor_requests.submitted_at, pending_doctor_requests.reviewed_at 
FROM pending_doctor_requests 
WHERE pending_doctor_requests.clerk_id = $1::VARCHAR
2026-08-31 16:01:38,381 INFO sqlalchemy.engine.Engine [cached since 1147s ago] ('user_3Idz3lR4nUx32RQ08fmzLywvcaV',)
2026-08-31 16:01:38,383 INFO sqlalchemy.engine.Engine COMMIT
INFO:     127.0.0.1:55746 - "GET /api/v1/doctor-applications/me HTTP/1.1" 200 OK
2026-08-31 16:01:47,647 INFO sqlalchemy.engine.Engine BEGIN (implicit)
2026-08-31 16:01:47,648 INFO sqlalchemy.engine.Engine SELECT users.id, users.practice_id, users.clerk_id, users.email, users.name, users.role, users.phone, users.is_active, users.permissions, users.is_platform_admin, users.created_at, users.updated_at 
FROM users 
WHERE users.clerk_id = $1::VARCHAR
2026-08-31 16:01:47,649 INFO sqlalchemy.engine.Engine [cached since 1157s ago] ('user_3Idz3lR4nUx32RQ08fmzLywvcaV',)
2026-08-31 16:01:47,651 INFO sqlalchemy.engine.Engine SELECT pending_doctor_requests.id, pending_doctor_requests.practice_id, pending_doctor_requests.clerk_id, pending_doctor_requests.name, pending_doctor_requests.email, pending_doctor_requests.phone, pending_doctor_requests.specialty, pending_doctor_requests.license_number, pending_doctor_requests.bio, pending_doctor_requests.photo_url, pending_doctor_requests.documents, pending_doctor_requests.status, pending_doctor_requests.rejected_reason, pending_doctor_requests.doctor_id, pending_doctor_requests.submitted_at, pending_doctor_requests.reviewed_at 
FROM pending_doctor_requests 
WHERE pending_doctor_requests.clerk_id = $1::VARCHAR
2026-08-31 16:01:47,652 INFO sqlalchemy.engine.Engine [cached since 1157s ago] ('user_3Idz3lR4nUx32RQ08fmzLywvcaV',)
2026-08-31 16:01:47,653 INFO sqlalchemy.engine.Engine COMMIT
INFO:     127.0.0.1:55749 - "GET /api/v1/doctor-applications/me HTTP/1.1" 200 OK
2026-08-31 16:01:57,043 INFO sqlalchemy.engine.Engine BEGIN (implicit)
2026-08-31 16:01:57,044 INFO sqlalchemy.engine.Engine SELECT users.id, users.practice_id, users.clerk_id, users.email, users.name, users.role, users.phone, users.is_active, users.permissions, users.is_platform_admin, users.created_at, users.updated_at 
FROM users 
WHERE users.clerk_id = $1::VARCHAR
2026-08-31 16:01:57,045 INFO sqlalchemy.engine.Engine [cached since 1166s ago] ('user_3Idz3lR4nUx32RQ08fmzLywvcaV',)
2026-08-31 16:01:57,051 INFO sqlalchemy.engine.Engine SELECT pending_doctor_requests.id, pending_doctor_requests.practice_id, pending_doctor_requests.clerk_id, pending_doctor_requests.name, pending_doctor_requests.email, pending_doctor_requests.phone, pending_doctor_requests.specialty, pending_doctor_requests.license_number, pending_doctor_requests.bio, pending_doctor_requests.photo_url, pending_doctor_requests.documents, pending_doctor_requests.status, pending_doctor_requests.rejected_reason, pending_doctor_requests.doctor_id, pending_doctor_requests.submitted_at, pending_doctor_requests.reviewed_at 
FROM pending_doctor_requests 
WHERE pending_doctor_requests.clerk_id = $1::VARCHAR
2026-08-31 16:01:57,052 INFO sqlalchemy.engine.Engine [cached since 1166s ago] ('user_3Idz3lR4nUx32RQ08fmzLywvcaV',)
2026-08-31 16:01:57,055 INFO sqlalchemy.engine.Engine COMMIT
INFO:     127.0.0.1:55756 - "GET /api/v1/doctor-applications/me HTTP/1.1" 200 OK
2026-08-31 16:02:07,145 INFO sqlalchemy.engine.Engine BEGIN (implicit)
2026-08-31 16:02:07,147 INFO sqlalchemy.engine.Engine SELECT users.id, users.practice_id, users.clerk_id, users.email, users.name, users.role, users.phone, users.is_active, users.permissions, users.is_platform_admin, users.created_at, users.updated_at 
FROM users 
WHERE users.clerk_id = $1::VARCHAR
2026-08-31 16:02:07,147 INFO sqlalchemy.engine.Engine [cached since 1176s ago] ('user_3Idz3lR4nUx32RQ08fmzLywvcaV',)
2026-08-31 16:02:07,153 INFO sqlalchemy.engine.Engine SELECT pending_doctor_requests.id, pending_doctor_requests.practice_id, pending_doctor_requests.clerk_id, pending_doctor_requests.name, pending_doctor_requests.email, pending_doctor_requests.phone, pending_doctor_requests.specialty, pending_doctor_requests.license_number, pending_doctor_requests.bio, pending_doctor_requests.photo_url, pending_doctor_requests.documents, pending_doctor_requests.status, pending_doctor_requests.rejected_reason, pending_doctor_requests.doctor_id, pending_doctor_requests.submitted_at, pending_doctor_requests.reviewed_at 
FROM pending_doctor_requests 
WHERE pending_doctor_requests.clerk_id = $1::VARCHAR
2026-08-31 16:02:07,154 INFO sqlalchemy.engine.Engine [cached since 1176s ago] ('user_3Idz3lR4nUx32RQ08fmzLywvcaV',)
2026-08-31 16:02:07,158 INFO sqlalchemy.engine.Engine COMMIT
INFO:     127.0.0.1:55762 - "GET /api/v1/doctor-applications/me HTTP/1.1" 200 OK
2026-08-31 16:02:16,529 INFO sqlalchemy.engine.Engine BEGIN (implicit)
2026-08-31 16:02:16,530 INFO sqlalchemy.engine.Engine SELECT users.id, users.practice_id, users.clerk_id, users.email, users.name, users.role, users.phone, users.is_active, users.permissions, users.is_platform_admin, users.created_at, users.updated_at 
FROM users 
WHERE users.clerk_id = $1::VARCHAR
2026-08-31 16:02:16,530 INFO sqlalchemy.engine.Engine [cached since 1186s ago] ('user_3Idz3lR4nUx32RQ08fmzLywvcaV',)
2026-08-31 16:02:16,532 INFO sqlalchemy.engine.Engine SELECT pending_doctor_requests.id, pending_doctor_requests.practice_id, pending_doctor_requests.clerk_id, pending_doctor_requests.name, pending_doctor_requests.email, pending_doctor_requests.phone, pending_doctor_requests.specialty, pending_doctor_requests.license_number, pending_doctor_requests.bio, pending_doctor_requests.photo_url, pending_doctor_requests.documents, pending_doctor_requests.status, pending_doctor_requests.rejected_reason, pending_doctor_requests.doctor_id, pending_doctor_requests.submitted_at, pending_doctor_requests.reviewed_at 
FROM pending_doctor_requests 
WHERE pending_doctor_requests.clerk_id = $1::VARCHAR
2026-08-31 16:02:16,532 INFO sqlalchemy.engine.Engine [cached since 1186s ago] ('user_3Idz3lR4nUx32RQ08fmzLywvcaV',)
2026-08-31 16:02:16,534 INFO sqlalchemy.engine.Engine COMMIT
INFO:     127.0.0.1:55786 - "GET /api/v1/doctor-applications/me HTTP/1.1" 200 OK
2026-08-31 16:03:16,063 INFO sqlalchemy.engine.Engine BEGIN (implicit)
2026-08-31 16:03:16,064 INFO sqlalchemy.engine.Engine SELECT users.id, users.practice_id, users.clerk_id, users.email, users.name, users.role, users.phone, users.is_active, users.permissions, users.is_platform_admin, users.created_at, users.updated_at 
FROM users 
WHERE users.clerk_id = $1::VARCHAR
2026-08-31 16:03:16,064 INFO sqlalchemy.engine.Engine [cached since 1245s ago] ('user_3Idz3lR4nUx32RQ08fmzLywvcaV',)
INFO:     127.0.0.1:55841 - "OPTIONS /api/v1/practice/me HTTP/1.1" 200 OK
2026-08-31 16:03:16,067 INFO sqlalchemy.engine.Engine SELECT pending_doctor_requests.id, pending_doctor_requests.practice_id, pending_doctor_requests.clerk_id, pending_doctor_requests.name, pending_doctor_requests.email, pending_doctor_requests.phone, pending_doctor_requests.specialty, pending_doctor_requests.license_number, pending_doctor_requests.bio, pending_doctor_requests.photo_url, pending_doctor_requests.documents, pending_doctor_requests.status, pending_doctor_requests.rejected_reason, pending_doctor_requests.doctor_id, pending_doctor_requests.submitted_at, pending_doctor_requests.reviewed_at 
FROM pending_doctor_requests 
WHERE pending_doctor_requests.clerk_id = $1::VARCHAR
2026-08-31 16:03:16,068 INFO sqlalchemy.engine.Engine [cached since 1245s ago] ('user_3Idz3lR4nUx32RQ08fmzLywvcaV',)
2026-08-31 16:03:16,472 INFO sqlalchemy.engine.Engine BEGIN (implicit)
2026-08-31 16:03:16,472 INFO sqlalchemy.engine.Engine SELECT users.id, users.practice_id, users.clerk_id, users.email, users.name, users.role, users.phone, users.is_active, users.permissions, users.is_platform_admin, users.created_at, users.updated_at 
FROM users 
WHERE users.clerk_id = $1::VARCHAR
2026-08-31 16:03:16,472 INFO sqlalchemy.engine.Engine [cached since 1246s ago] ('user_3IJjXjFLcG4qaagJWxQnHqHoXEr',)
2026-08-31 16:03:16,474 INFO sqlalchemy.engine.Engine COMMIT
2026-08-31 16:03:16,476 INFO sqlalchemy.engine.Engine SELECT practices.id, practices.name, practices.email, practices.phone, practices.address, practices.timezone, practices.settings, practices.created_at, practices.updated_at 
FROM practices 
WHERE practices.id = $1::UUID
2026-08-31 16:03:16,476 INFO sqlalchemy.engine.Engine [cached since 1222s ago] (UUID('4d1123f3-3ba2-42f3-b584-a5009c7b3e39'),)
INFO:     127.0.0.1:55840 - "GET /api/v1/doctor-applications/me HTTP/1.1" 200 OK
2026-08-31 16:03:16,479 INFO sqlalchemy.engine.Engine SELECT subscriptions.id, subscriptions.practice_id, subscriptions.stripe_subscription_id, subscriptions.tier, subscriptions.status, subscriptions.price, subscriptions.start_date, subscriptions.end_date, subscriptions.auto_renew, subscriptions.created_at, subscriptions.updated_at 
FROM subscriptions 
WHERE subscriptions.practice_id = $1::UUID AND subscriptions.status IN ($2::subscriptionstatus, $3::subscriptionstatus) ORDER BY subscriptions.created_at DESC
2026-08-31 16:03:16,479 INFO sqlalchemy.engine.Engine [cached since 1222s ago] (UUID('4d1123f3-3ba2-42f3-b584-a5009c7b3e39'), 'ACTIVE', 'TRIAL')
2026-08-31 16:03:16,481 INFO sqlalchemy.engine.Engine SELECT subscriptions.id, subscriptions.practice_id, subscriptions.stripe_subscription_id, subscriptions.tier, subscriptions.status, subscriptions.price, subscriptions.start_date, subscriptions.end_date, subscriptions.auto_renew, subscriptions.created_at, subscriptions.updated_at 
FROM subscriptions 
WHERE subscriptions.practice_id = $1::UUID AND subscriptions.status IN ($2::subscriptionstatus, $3::subscriptionstatus) ORDER BY subscriptions.created_at DESC
2026-08-31 16:03:16,481 INFO sqlalchemy.engine.Engine [cached since 1222s ago] (UUID('4d1123f3-3ba2-42f3-b584-a5009c7b3e39'), 'ACTIVE', 'TRIAL')
2026-08-31 16:03:16,483 INFO sqlalchemy.engine.Engine COMMIT
INFO:     127.0.0.1:55841 - "GET /api/v1/practice/me HTTP/1.1" 200 OK
INFO:     127.0.0.1:55841 - "OPTIONS /api/v1/patients HTTP/1.1" 200 OK
2026-08-31 16:03:17,038 INFO sqlalchemy.engine.Engine BEGIN (implicit)
2026-08-31 16:03:17,038 INFO sqlalchemy.engine.Engine SELECT users.id, users.practice_id, users.clerk_id, users.email, users.name, users.role, users.phone, users.is_active, users.permissions, users.is_platform_admin, users.created_at, users.updated_at 
FROM users 
WHERE users.clerk_id = $1::VARCHAR
2026-08-31 16:03:17,038 INFO sqlalchemy.engine.Engine [cached since 1246s ago] ('user_3IJjXjFLcG4qaagJWxQnHqHoXEr',)
2026-08-31 16:03:17,427 INFO sqlalchemy.engine.Engine BEGIN (implicit)
2026-08-31 16:03:17,427 INFO sqlalchemy.engine.Engine SELECT users.id, users.practice_id, users.clerk_id, users.email, users.name, users.role, users.phone, users.is_active, users.permissions, users.is_platform_admin, users.created_at, users.updated_at 
FROM users 
WHERE users.clerk_id = $1::VARCHAR
2026-08-31 16:03:17,427 INFO sqlalchemy.engine.Engine [cached since 1247s ago] ('user_3IJjXjFLcG4qaagJWxQnHqHoXEr',)
2026-08-31 16:03:17,428 INFO sqlalchemy.engine.Engine SELECT practices.id, practices.name, practices.email, practices.phone, practices.address, practices.timezone, practices.settings, practices.created_at, practices.updated_at 
FROM practices 
WHERE practices.id = $1::UUID
2026-08-31 16:03:17,428 INFO sqlalchemy.engine.Engine [cached since 1223s ago] (UUID('4d1123f3-3ba2-42f3-b584-a5009c7b3e39'),)
2026-08-31 16:03:17,430 INFO sqlalchemy.engine.Engine SELECT patients.id, patients.practice_id, patients.first_name, patients.last_name, patients.email, patients.phone, patients.date_of_birth, patients.medical_history, patients.consent_status, patients.plan_type, patients.chief_complaint, patients.needs_surgery, patients.ai_agent_assigned, patients.agent_status, patients.agent_cost, patients.lifecycle_stage, patients.lost_reason, patients.source, patients.created_at, patients.updated_at 
FROM patients 
WHERE patients.practice_id = $1::UUID ORDER BY patients.created_at DESC
2026-08-31 16:03:17,430 INFO sqlalchemy.engine.Engine [cached since 1223s ago] (UUID('4d1123f3-3ba2-42f3-b584-a5009c7b3e39'),)
2026-08-31 16:03:17,432 INFO sqlalchemy.engine.Engine SELECT DISTINCT appointments.patient_id 
FROM appointments 
WHERE appointments.practice_id = $1::UUID AND appointments.patient_id IN ($4::UUID) AND appointments.start_time >= $2::TIMESTAMP WITH TIME ZONE AND appointments.status != $3::appointmentstatus
2026-08-31 16:03:17,432 INFO sqlalchemy.engine.Engine [cached since 1223s ago] (UUID('4d1123f3-3ba2-42f3-b584-a5009c7b3e39'), datetime.datetime(2026, 8, 31, 11, 3, 17, 431811, tzinfo=datetime.timezone.utc), 'CANCELLED', UUID('c4a9ef0d-7c8d-4da9-aaf7-e9e94a6fdc44'))
2026-08-31 16:03:17,434 INFO sqlalchemy.engine.Engine SELECT DISTINCT appointments.patient_id 
FROM appointments 
WHERE appointments.practice_id = $1::UUID AND appointments.patient_id IN ($3::UUID) AND appointments.status = $2::appointmentstatus
2026-08-31 16:03:17,434 INFO sqlalchemy.engine.Engine [cached since 1223s ago] (UUID('4d1123f3-3ba2-42f3-b584-a5009c7b3e39'), 'COMPLETED', UUID('c4a9ef0d-7c8d-4da9-aaf7-e9e94a6fdc44'))
2026-08-31 16:03:17,435 INFO sqlalchemy.engine.Engine COMMIT
2026-08-31 16:03:17,437 INFO sqlalchemy.engine.Engine SELECT subscriptions.id, subscriptions.practice_id, subscriptions.stripe_subscription_id, subscriptions.tier, subscriptions.status, subscriptions.price, subscriptions.start_date, subscriptions.end_date, subscriptions.auto_renew, subscriptions.created_at, subscriptions.updated_at 
FROM subscriptions 
WHERE subscriptions.practice_id = $1::UUID AND subscriptions.status IN ($2::subscriptionstatus, $3::subscriptionstatus) ORDER BY subscriptions.created_at DESC
2026-08-31 16:03:17,437 INFO sqlalchemy.engine.Engine [cached since 1223s ago] (UUID('4d1123f3-3ba2-42f3-b584-a5009c7b3e39'), 'ACTIVE', 'TRIAL')
INFO:     127.0.0.1:55845 - "GET /api/v1/patients HTTP/1.1" 200 OK
2026-08-31 16:03:17,459 INFO sqlalchemy.engine.Engine SELECT subscriptions.id, subscriptions.practice_id, subscriptions.stripe_subscription_id, subscriptions.tier, subscriptions.status, subscriptions.price, subscriptions.start_date, subscriptions.end_date, subscriptions.auto_renew, subscriptions.created_at, subscriptions.updated_at 
FROM subscriptions 
WHERE subscriptions.practice_id = $1::UUID AND subscriptions.status IN ($2::subscriptionstatus, $3::subscriptionstatus) ORDER BY subscriptions.created_at DESC
2026-08-31 16:03:17,460 INFO sqlalchemy.engine.Engine [cached since 1223s ago] (UUID('4d1123f3-3ba2-42f3-b584-a5009c7b3e39'), 'ACTIVE', 'TRIAL')
2026-08-31 16:03:17,462 INFO sqlalchemy.engine.Engine COMMIT
INFO:     127.0.0.1:55841 - "GET /api/v1/practice/me HTTP/1.1" 200 OK
2026-08-31 16:03:24,981 INFO sqlalchemy.engine.Engine BEGIN (implicit)
2026-08-31 16:03:24,981 INFO sqlalchemy.engine.Engine SELECT users.id, users.practice_id, users.clerk_id, users.email, users.name, users.role, users.phone, users.is_active, users.permissions, users.is_platform_admin, users.created_at, users.updated_at 
FROM users 
WHERE users.clerk_id = $1::VARCHAR
2026-08-31 16:03:24,981 INFO sqlalchemy.engine.Engine [cached since 1254s ago] ('user_3Idz3lR4nUx32RQ08fmzLywvcaV',)
2026-08-31 16:03:24,983 INFO sqlalchemy.engine.Engine SELECT pending_doctor_requests.id, pending_doctor_requests.practice_id, pending_doctor_requests.clerk_id, pending_doctor_requests.name, pending_doctor_requests.email, pending_doctor_requests.phone, pending_doctor_requests.specialty, pending_doctor_requests.license_number, pending_doctor_requests.bio, pending_doctor_requests.photo_url, pending_doctor_requests.documents, pending_doctor_requests.status, pending_doctor_requests.rejected_reason, pending_doctor_requests.doctor_id, pending_doctor_requests.submitted_at, pending_doctor_requests.reviewed_at 
FROM pending_doctor_requests 
WHERE pending_doctor_requests.clerk_id = $1::VARCHAR
2026-08-31 16:03:24,983 INFO sqlalchemy.engine.Engine [cached since 1254s ago] ('user_3Idz3lR4nUx32RQ08fmzLywvcaV',)
2026-08-31 16:03:24,984 INFO sqlalchemy.engine.Engine COMMIT
INFO:     127.0.0.1:55851 - "GET /api/v1/doctor-applications/me HTTP/1.1" 200 OK
2026-08-31 16:03:33,995 INFO sqlalchemy.engine.Engine BEGIN (implicit)
2026-08-31 16:03:33,996 INFO sqlalchemy.engine.Engine SELECT users.id, users.practice_id, users.clerk_id, users.email, users.name, users.role, users.phone, users.is_active, users.permissions, users.is_platform_admin, users.created_at, users.updated_at 
FROM users 
WHERE users.clerk_id = $1::VARCHAR
2026-08-31 16:03:33,996 INFO sqlalchemy.engine.Engine [cached since 1263s ago] ('user_3Idz3lR4nUx32RQ08fmzLywvcaV',)
2026-08-31 16:03:33,997 INFO sqlalchemy.engine.Engine SELECT pending_doctor_requests.id, pending_doctor_requests.practice_id, pending_doctor_requests.clerk_id, pending_doctor_requests.name, pending_doctor_requests.email, pending_doctor_requests.phone, pending_doctor_requests.specialty, pending_doctor_requests.license_number, pending_doctor_requests.bio, pending_doctor_requests.photo_url, pending_doctor_requests.documents, pending_doctor_requests.status, pending_doctor_requests.rejected_reason, pending_doctor_requests.doctor_id, pending_doctor_requests.submitted_at, pending_doctor_requests.reviewed_at 
FROM pending_doctor_requests 
WHERE pending_doctor_requests.clerk_id = $1::VARCHAR
2026-08-31 16:03:33,997 INFO sqlalchemy.engine.Engine [cached since 1263s ago] ('user_3Idz3lR4nUx32RQ08fmzLywvcaV',)
2026-08-31 16:03:33,998 INFO sqlalchemy.engine.Engine COMMIT
INFO:     127.0.0.1:55855 - "GET /api/v1/doctor-applications/me HTTP/1.1" 200 OK
2026-08-31 16:03:43,003 INFO sqlalchemy.engine.Engine BEGIN (implicit)
2026-08-31 16:03:43,003 INFO sqlalchemy.engine.Engine SELECT users.id, users.practice_id, users.clerk_id, users.email, users.name, users.role, users.phone, users.is_active, users.permissions, users.is_platform_admin, users.created_at, users.updated_at 
FROM users 
WHERE users.clerk_id = $1::VARCHAR
2026-08-31 16:03:43,003 INFO sqlalchemy.engine.Engine [cached since 1272s ago] ('user_3Idz3lR4nUx32RQ08fmzLywvcaV',)
2026-08-31 16:03:43,004 INFO sqlalchemy.engine.Engine SELECT pending_doctor_requests.id, pending_doctor_requests.practice_id, pending_doctor_requests.clerk_id, pending_doctor_requests.name, pending_doctor_requests.email, pending_doctor_requests.phone, pending_doctor_requests.specialty, pending_doctor_requests.license_number, pending_doctor_requests.bio, pending_doctor_requests.photo_url, pending_doctor_requests.documents, pending_doctor_requests.status, pending_doctor_requests.rejected_reason, pending_doctor_requests.doctor_id, pending_doctor_requests.submitted_at, pending_doctor_requests.reviewed_at 
FROM pending_doctor_requests 
WHERE pending_doctor_requests.clerk_id = $1::VARCHAR
2026-08-31 16:03:43,005 INFO sqlalchemy.engine.Engine [cached since 1272s ago] ('user_3Idz3lR4nUx32RQ08fmzLywvcaV',)
2026-08-31 16:03:43,006 INFO sqlalchemy.engine.Engine COMMIT
INFO:     127.0.0.1:55859 - "GET /api/v1/doctor-applications/me HTTP/1.1" 200 OK
2026-08-31 16:03:52,004 INFO sqlalchemy.engine.Engine BEGIN (implicit)
2026-08-31 16:03:52,005 INFO sqlalchemy.engine.Engine SELECT users.id, users.practice_id, users.clerk_id, users.email, users.name, users.role, users.phone, users.is_active, users.permissions, users.is_platform_admin, users.created_at, users.updated_at 
FROM users 
WHERE users.clerk_id = $1::VARCHAR
2026-08-31 16:03:52,005 INFO sqlalchemy.engine.Engine [cached since 1281s ago] ('user_3Idz3lR4nUx32RQ08fmzLywvcaV',)
2026-08-31 16:03:52,007 INFO sqlalchemy.engine.Engine SELECT pending_doctor_requests.id, pending_doctor_requests.practice_id, pending_doctor_requests.clerk_id, pending_doctor_requests.name, pending_doctor_requests.email, pending_doctor_requests.phone, pending_doctor_requests.specialty, pending_doctor_requests.license_number, pending_doctor_requests.bio, pending_doctor_requests.photo_url, pending_doctor_requests.documents, pending_doctor_requests.status, pending_doctor_requests.rejected_reason, pending_doctor_requests.doctor_id, pending_doctor_requests.submitted_at, pending_doctor_requests.reviewed_at 
FROM pending_doctor_requests 
WHERE pending_doctor_requests.clerk_id = $1::VARCHAR
2026-08-31 16:03:52,007 INFO sqlalchemy.engine.Engine [cached since 1281s ago] ('user_3Idz3lR4nUx32RQ08fmzLywvcaV',)
2026-08-31 16:03:52,008 INFO sqlalchemy.engine.Engine COMMIT
INFO:     127.0.0.1:55865 - "GET /api/v1/doctor-applications/me HTTP/1.1" 200 OK
2026-08-31 16:03:57,979 INFO sqlalchemy.engine.Engine BEGIN (implicit)
2026-08-31 16:03:57,980 INFO sqlalchemy.engine.Engine SELECT users.id, users.practice_id, users.clerk_id, users.email, users.name, users.role, users.phone, users.is_active, users.permissions, users.is_platform_admin, users.created_at, users.updated_at 
FROM users 
WHERE users.clerk_id = $1::VARCHAR
2026-08-31 16:03:57,981 INFO sqlalchemy.engine.Engine [cached since 1287s ago] ('user_3Idz3lR4nUx32RQ08fmzLywvcaV',)
2026-08-31 16:03:57,984 INFO sqlalchemy.engine.Engine SELECT pending_doctor_requests.id, pending_doctor_requests.practice_id, pending_doctor_requests.clerk_id, pending_doctor_requests.name, pending_doctor_requests.email, pending_doctor_requests.phone, pending_doctor_requests.specialty, pending_doctor_requests.license_number, pending_doctor_requests.bio, pending_doctor_requests.photo_url, pending_doctor_requests.documents, pending_doctor_requests.status, pending_doctor_requests.rejected_reason, pending_doctor_requests.doctor_id, pending_doctor_requests.submitted_at, pending_doctor_requests.reviewed_at 
FROM pending_doctor_requests 
WHERE pending_doctor_requests.clerk_id = $1::VARCHAR
2026-08-31 16:03:57,984 INFO sqlalchemy.engine.Engine [cached since 1287s ago] ('user_3Idz3lR4nUx32RQ08fmzLywvcaV',)
2026-08-31 16:03:57,986 INFO sqlalchemy.engine.Engine COMMIT
INFO:     127.0.0.1:55900 - "GET /api/v1/doctor-applications/me HTTP/1.1" 200 OK
INFO:     127.0.0.1:55902 - "OPTIONS /api/v1/practice/me HTTP/1.1" 200 OK
2026-08-31 16:03:58,401 INFO sqlalchemy.engine.Engine BEGIN (implicit)
2026-08-31 16:03:58,401 INFO sqlalchemy.engine.Engine SELECT users.id, users.practice_id, users.clerk_id, users.email, users.name, users.role, users.phone, users.is_active, users.permissions, users.is_platform_admin, users.created_at, users.updated_at 
FROM users 
WHERE users.clerk_id = $1::VARCHAR
2026-08-31 16:03:58,401 INFO sqlalchemy.engine.Engine [cached since 1287s ago] ('user_3Idz3tQrP5vUET2Tr73OtYcK5Vw',)
2026-08-31 16:03:58,403 INFO sqlalchemy.engine.Engine SELECT practices.id, practices.name, practices.email, practices.phone, practices.address, practices.timezone, practices.settings, practices.created_at, practices.updated_at 
FROM practices 
WHERE practices.id = $1::UUID
2026-08-31 16:03:58,403 INFO sqlalchemy.engine.Engine [cached since 1264s ago] (UUID('4d1123f3-3ba2-42f3-b584-a5009c7b3e39'),)
2026-08-31 16:03:58,404 INFO sqlalchemy.engine.Engine SELECT subscriptions.id, subscriptions.practice_id, subscriptions.stripe_subscription_id, subscriptions.tier, subscriptions.status, subscriptions.price, subscriptions.start_date, subscriptions.end_date, subscriptions.auto_renew, subscriptions.created_at, subscriptions.updated_at 
FROM subscriptions 
WHERE subscriptions.practice_id = $1::UUID AND subscriptions.status IN ($2::subscriptionstatus, $3::subscriptionstatus) ORDER BY subscriptions.created_at DESC
2026-08-31 16:03:58,405 INFO sqlalchemy.engine.Engine [cached since 1264s ago] (UUID('4d1123f3-3ba2-42f3-b584-a5009c7b3e39'), 'ACTIVE', 'TRIAL')
2026-08-31 16:03:58,406 INFO sqlalchemy.engine.Engine SELECT subscriptions.id, subscriptions.practice_id, subscriptions.stripe_subscription_id, subscriptions.tier, subscriptions.status, subscriptions.price, subscriptions.start_date, subscriptions.end_date, subscriptions.auto_renew, subscriptions.created_at, subscriptions.updated_at 
FROM subscriptions 
WHERE subscriptions.practice_id = $1::UUID AND subscriptions.status IN ($2::subscriptionstatus, $3::subscriptionstatus) ORDER BY subscriptions.created_at DESC
2026-08-31 16:03:58,406 INFO sqlalchemy.engine.Engine [cached since 1264s ago] (UUID('4d1123f3-3ba2-42f3-b584-a5009c7b3e39'), 'ACTIVE', 'TRIAL')
2026-08-31 16:03:58,407 INFO sqlalchemy.engine.Engine COMMIT
INFO:     127.0.0.1:55902 - "GET /api/v1/practice/me HTTP/1.1" 200 OK
INFO:     127.0.0.1:55902 - "OPTIONS /api/v1/patients HTTP/1.1" 200 OK
INFO:     127.0.0.1:55904 - "OPTIONS /api/v1/doctors HTTP/1.1" 200 OK
2026-08-31 16:03:58,859 INFO sqlalchemy.engine.Engine BEGIN (implicit)
2026-08-31 16:03:58,859 INFO sqlalchemy.engine.Engine SELECT users.id, users.practice_id, users.clerk_id, users.email, users.name, users.role, users.phone, users.is_active, users.permissions, users.is_platform_admin, users.created_at, users.updated_at 
FROM users 
WHERE users.clerk_id = $1::VARCHAR
2026-08-31 16:03:58,859 INFO sqlalchemy.engine.Engine [cached since 1288s ago] ('user_3Idz3tQrP5vUET2Tr73OtYcK5Vw',)
2026-08-31 16:03:59,246 INFO sqlalchemy.engine.Engine BEGIN (implicit)
2026-08-31 16:03:59,246 INFO sqlalchemy.engine.Engine SELECT users.id, users.practice_id, users.clerk_id, users.email, users.name, users.role, users.phone, users.is_active, users.permissions, users.is_platform_admin, users.created_at, users.updated_at 
FROM users 
WHERE users.clerk_id = $1::VARCHAR
2026-08-31 16:03:59,247 INFO sqlalchemy.engine.Engine [cached since 1288s ago] ('user_3Idz3tQrP5vUET2Tr73OtYcK5Vw',)
2026-08-31 16:03:59,638 INFO sqlalchemy.engine.Engine BEGIN (implicit)
2026-08-31 16:03:59,639 INFO sqlalchemy.engine.Engine SELECT users.id, users.practice_id, users.clerk_id, users.email, users.name, users.role, users.phone, users.is_active, users.permissions, users.is_platform_admin, users.created_at, users.updated_at 
FROM users 
WHERE users.clerk_id = $1::VARCHAR
2026-08-31 16:03:59,639 INFO sqlalchemy.engine.Engine [cached since 1289s ago] ('user_3Idz3tQrP5vUET2Tr73OtYcK5Vw',)
2026-08-31 16:03:59,640 INFO sqlalchemy.engine.Engine SELECT practices.id, practices.name, practices.email, practices.phone, practices.address, practices.timezone, practices.settings, practices.created_at, practices.updated_at 
FROM practices 
WHERE practices.id = $1::UUID
2026-08-31 16:03:59,641 INFO sqlalchemy.engine.Engine [cached since 1265s ago] (UUID('4d1123f3-3ba2-42f3-b584-a5009c7b3e39'),)
2026-08-31 16:03:59,641 INFO sqlalchemy.engine.Engine SELECT patients.id, patients.practice_id, patients.first_name, patients.last_name, patients.email, patients.phone, patients.date_of_birth, patients.medical_history, patients.consent_status, patients.plan_type, patients.chief_complaint, patients.needs_surgery, patients.ai_agent_assigned, patients.agent_status, patients.agent_cost, patients.lifecycle_stage, patients.lost_reason, patients.source, patients.created_at, patients.updated_at 
FROM patients 
WHERE patients.practice_id = $1::UUID ORDER BY patients.created_at DESC
2026-08-31 16:03:59,641 INFO sqlalchemy.engine.Engine [cached since 1265s ago] (UUID('4d1123f3-3ba2-42f3-b584-a5009c7b3e39'),)
2026-08-31 16:03:59,642 INFO sqlalchemy.engine.Engine SELECT doctors.id, doctors.practice_id, doctors.user_id, doctors.name, doctors.email, doctors.phone, doctors.specialty, doctors.license_number, doctors.bio, doctors.photo_url, doctors.capabilities, doctors.permissions, doctors.is_active, doctors.created_at, doctors.updated_at 
FROM doctors 
WHERE doctors.practice_id = $1::UUID ORDER BY doctors.created_at DESC
2026-08-31 16:03:59,643 INFO sqlalchemy.engine.Engine [cached since 1265s ago] (UUID('4d1123f3-3ba2-42f3-b584-a5009c7b3e39'),)
2026-08-31 16:03:59,644 INFO sqlalchemy.engine.Engine SELECT subscriptions.id, subscriptions.practice_id, subscriptions.stripe_subscription_id, subscriptions.tier, subscriptions.status, subscriptions.price, subscriptions.start_date, subscriptions.end_date, subscriptions.auto_renew, subscriptions.created_at, subscriptions.updated_at 
FROM subscriptions 
WHERE subscriptions.practice_id = $1::UUID AND subscriptions.status IN ($2::subscriptionstatus, $3::subscriptionstatus) ORDER BY subscriptions.created_at DESC
2026-08-31 16:03:59,644 INFO sqlalchemy.engine.Engine [cached since 1265s ago] (UUID('4d1123f3-3ba2-42f3-b584-a5009c7b3e39'), 'ACTIVE', 'TRIAL')
2026-08-31 16:03:59,645 INFO sqlalchemy.engine.Engine SELECT DISTINCT appointments.patient_id 
FROM appointments 
WHERE appointments.practice_id = $1::UUID AND appointments.patient_id IN ($4::UUID) AND appointments.start_time >= $2::TIMESTAMP WITH TIME ZONE AND appointments.status != $3::appointmentstatus
2026-08-31 16:03:59,645 INFO sqlalchemy.engine.Engine [cached since 1265s ago] (UUID('4d1123f3-3ba2-42f3-b584-a5009c7b3e39'), datetime.datetime(2026, 8, 31, 11, 3, 59, 644752, tzinfo=datetime.timezone.utc), 'CANCELLED', UUID('c4a9ef0d-7c8d-4da9-aaf7-e9e94a6fdc44'))
2026-08-31 16:03:59,647 INFO sqlalchemy.engine.Engine SELECT subscriptions.id, subscriptions.practice_id, subscriptions.stripe_subscription_id, subscriptions.tier, subscriptions.status, subscriptions.price, subscriptions.start_date, subscriptions.end_date, subscriptions.auto_renew, subscriptions.created_at, subscriptions.updated_at 
FROM subscriptions 
WHERE subscriptions.practice_id = $1::UUID AND subscriptions.status IN ($2::subscriptionstatus, $3::subscriptionstatus) ORDER BY subscriptions.created_at DESC
2026-08-31 16:03:59,647 INFO sqlalchemy.engine.Engine [cached since 1265s ago] (UUID('4d1123f3-3ba2-42f3-b584-a5009c7b3e39'), 'ACTIVE', 'TRIAL')
2026-08-31 16:03:59,648 INFO sqlalchemy.engine.Engine SELECT DISTINCT appointments.patient_id 
FROM appointments 
WHERE appointments.practice_id = $1::UUID AND appointments.patient_id IN ($3::UUID) AND appointments.status = $2::appointmentstatus
2026-08-31 16:03:59,648 INFO sqlalchemy.engine.Engine [cached since 1265s ago] (UUID('4d1123f3-3ba2-42f3-b584-a5009c7b3e39'), 'COMPLETED', UUID('c4a9ef0d-7c8d-4da9-aaf7-e9e94a6fdc44'))
2026-08-31 16:03:59,649 INFO sqlalchemy.engine.Engine COMMIT
2026-08-31 16:03:59,649 INFO sqlalchemy.engine.Engine COMMIT
INFO:     127.0.0.1:55905 - "GET /api/v1/practice/me HTTP/1.1" 200 OK
INFO:     127.0.0.1:55904 - "GET /api/v1/patients HTTP/1.1" 200 OK
2026-08-31 16:03:59,653 INFO sqlalchemy.engine.Engine COMMIT
INFO:     127.0.0.1:55902 - "GET /api/v1/doctors HTTP/1.1" 200 OK
2026-08-31 16:04:06,081 INFO sqlalchemy.engine.Engine BEGIN (implicit)
2026-08-31 16:04:06,082 INFO sqlalchemy.engine.Engine SELECT users.id, users.practice_id, users.clerk_id, users.email, users.name, users.role, users.phone, users.is_active, users.permissions, users.is_platform_admin, users.created_at, users.updated_at 
FROM users 
WHERE users.clerk_id = $1::VARCHAR
2026-08-31 16:04:06,082 INFO sqlalchemy.engine.Engine [cached since 1295s ago] ('user_3Idz3lR4nUx32RQ08fmzLywvcaV',)
2026-08-31 16:04:06,083 INFO sqlalchemy.engine.Engine SELECT pending_doctor_requests.id, pending_doctor_requests.practice_id, pending_doctor_requests.clerk_id, pending_doctor_requests.name, pending_doctor_requests.email, pending_doctor_requests.phone, pending_doctor_requests.specialty, pending_doctor_requests.license_number, pending_doctor_requests.bio, pending_doctor_requests.photo_url, pending_doctor_requests.documents, pending_doctor_requests.status, pending_doctor_requests.rejected_reason, pending_doctor_requests.doctor_id, pending_doctor_requests.submitted_at, pending_doctor_requests.reviewed_at 
FROM pending_doctor_requests 
WHERE pending_doctor_requests.clerk_id = $1::VARCHAR
2026-08-31 16:04:06,084 INFO sqlalchemy.engine.Engine [cached since 1295s ago] ('user_3Idz3lR4nUx32RQ08fmzLywvcaV',)
2026-08-31 16:04:06,084 INFO sqlalchemy.engine.Engine COMMIT
INFO:     127.0.0.1:55912 - "GET /api/v1/doctor-applications/me HTTP/1.1" 200 OK
2026-08-31 16:04:16,910 INFO sqlalchemy.engine.Engine BEGIN (implicit)
2026-08-31 16:04:16,910 INFO sqlalchemy.engine.Engine SELECT users.id, users.practice_id, users.clerk_id, users.email, users.name, users.role, users.phone, users.is_active, users.permissions, users.is_platform_admin, users.created_at, users.updated_at 
FROM users 
WHERE users.clerk_id = $1::VARCHAR
2026-08-31 16:04:16,910 INFO sqlalchemy.engine.Engine [cached since 1306s ago] ('user_3Idz3lR4nUx32RQ08fmzLywvcaV',)
2026-08-31 16:04:16,913 INFO sqlalchemy.engine.Engine SELECT pending_doctor_requests.id, pending_doctor_requests.practice_id, pending_doctor_requests.clerk_id, pending_doctor_requests.name, pending_doctor_requests.email, pending_doctor_requests.phone, pending_doctor_requests.specialty, pending_doctor_requests.license_number, pending_doctor_requests.bio, pending_doctor_requests.photo_url, pending_doctor_requests.documents, pending_doctor_requests.status, pending_doctor_requests.rejected_reason, pending_doctor_requests.doctor_id, pending_doctor_requests.submitted_at, pending_doctor_requests.reviewed_at 
FROM pending_doctor_requests 
WHERE pending_doctor_requests.clerk_id = $1::VARCHAR
2026-08-31 16:04:16,913 INFO sqlalchemy.engine.Engine [cached since 1306s ago] ('user_3Idz3lR4nUx32RQ08fmzLywvcaV',)
2026-08-31 16:04:16,914 INFO sqlalchemy.engine.Engine COMMIT
INFO:     127.0.0.1:55916 - "GET /api/v1/doctor-applications/me HTTP/1.1" 200 OK
2026-08-31 16:04:29,384 INFO sqlalchemy.engine.Engine BEGIN (implicit)
2026-08-31 16:04:29,384 INFO sqlalchemy.engine.Engine SELECT users.id, users.practice_id, users.clerk_id, users.email, users.name, users.role, users.phone, users.is_active, users.permissions, users.is_platform_admin, users.created_at, users.updated_at 
FROM users 
WHERE users.clerk_id = $1::VARCHAR
2026-08-31 16:04:29,384 INFO sqlalchemy.engine.Engine [cached since 1318s ago] ('user_3Idz3lR4nUx32RQ08fmzLywvcaV',)
2026-08-31 16:04:29,385 INFO sqlalchemy.engine.Engine SELECT pending_doctor_requests.id, pending_doctor_requests.practice_id, pending_doctor_requests.clerk_id, pending_doctor_requests.name, pending_doctor_requests.email, pending_doctor_requests.phone, pending_doctor_requests.specialty, pending_doctor_requests.license_number, pending_doctor_requests.bio, pending_doctor_requests.photo_url, pending_doctor_requests.documents, pending_doctor_requests.status, pending_doctor_requests.rejected_reason, pending_doctor_requests.doctor_id, pending_doctor_requests.submitted_at, pending_doctor_requests.reviewed_at 
FROM pending_doctor_requests 
WHERE pending_doctor_requests.clerk_id = $1::VARCHAR
2026-08-31 16:04:29,386 INFO sqlalchemy.engine.Engine [cached since 1318s ago] ('user_3Idz3lR4nUx32RQ08fmzLywvcaV',)
2026-08-31 16:04:29,387 INFO sqlalchemy.engine.Engine COMMIT
INFO:     127.0.0.1:55922 - "GET /api/v1/doctor-applications/me HTTP/1.1" 200 OK
INFO:     127.0.0.1:55929 - "OPTIONS /api/v1/doctor-applications/me HTTP/1.1" 200 OK
2026-08-31 16:04:37,480 INFO sqlalchemy.engine.Engine BEGIN (implicit)
2026-08-31 16:04:37,481 INFO sqlalchemy.engine.Engine SELECT users.id, users.practice_id, users.clerk_id, users.email, users.name, users.role, users.phone, users.is_active, users.permissions, users.is_platform_admin, users.created_at, users.updated_at 
FROM users 
WHERE users.clerk_id = $1::VARCHAR
2026-08-31 16:04:37,481 INFO sqlalchemy.engine.Engine [cached since 1327s ago] ('user_3Idz3lR4nUx32RQ08fmzLywvcaV',)
2026-08-31 16:04:37,483 INFO sqlalchemy.engine.Engine SELECT pending_doctor_requests.id, pending_doctor_requests.practice_id, pending_doctor_requests.clerk_id, pending_doctor_requests.name, pending_doctor_requests.email, pending_doctor_requests.phone, pending_doctor_requests.specialty, pending_doctor_requests.license_number, pending_doctor_requests.bio, pending_doctor_requests.photo_url, pending_doctor_requests.documents, pending_doctor_requests.status, pending_doctor_requests.rejected_reason, pending_doctor_requests.doctor_id, pending_doctor_requests.submitted_at, pending_doctor_requests.reviewed_at 
FROM pending_doctor_requests 
WHERE pending_doctor_requests.clerk_id = $1::VARCHAR
2026-08-31 16:04:37,483 INFO sqlalchemy.engine.Engine [cached since 1327s ago] ('user_3Idz3lR4nUx32RQ08fmzLywvcaV',)
2026-08-31 16:04:37,485 INFO sqlalchemy.engine.Engine COMMIT
INFO:     127.0.0.1:55929 - "GET /api/v1/doctor-applications/me HTTP/1.1" 200 OK
2026-08-31 16:04:49,486 INFO sqlalchemy.engine.Engine BEGIN (implicit)
2026-08-31 16:04:49,486 INFO sqlalchemy.engine.Engine SELECT users.id, users.practice_id, users.clerk_id, users.email, users.name, users.role, users.phone, users.is_active, users.permissions, users.is_platform_admin, users.created_at, users.updated_at 
FROM users 
WHERE users.clerk_id = $1::VARCHAR
2026-08-31 16:04:49,486 INFO sqlalchemy.engine.Engine [cached since 1339s ago] ('user_3Idz3lR4nUx32RQ08fmzLywvcaV',)
2026-08-31 16:04:49,488 INFO sqlalchemy.engine.Engine SELECT pending_doctor_requests.id, pending_doctor_requests.practice_id, pending_doctor_requests.clerk_id, pending_doctor_requests.name, pending_doctor_requests.email, pending_doctor_requests.phone, pending_doctor_requests.specialty, pending_doctor_requests.license_number, pending_doctor_requests.bio, pending_doctor_requests.photo_url, pending_doctor_requests.documents, pending_doctor_requests.status, pending_doctor_requests.rejected_reason, pending_doctor_requests.doctor_id, pending_doctor_requests.submitted_at, pending_doctor_requests.reviewed_at 
FROM pending_doctor_requests 
WHERE pending_doctor_requests.clerk_id = $1::VARCHAR
2026-08-31 16:04:49,488 INFO sqlalchemy.engine.Engine [cached since 1339s ago] ('user_3Idz3lR4nUx32RQ08fmzLywvcaV',)
2026-08-31 16:04:49,489 INFO sqlalchemy.engine.Engine COMMIT
INFO:     127.0.0.1:55934 - "GET /api/v1/doctor-applications/me HTTP/1.1" 200 OK
2026-08-31 16:04:59,099 INFO sqlalchemy.engine.Engine BEGIN (implicit)
2026-08-31 16:04:59,100 INFO sqlalchemy.engine.Engine SELECT users.id, users.practice_id, users.clerk_id, users.email, users.name, users.role, users.phone, users.is_active, users.permissions, users.is_platform_admin, users.created_at, users.updated_at 
FROM users 
WHERE users.clerk_id = $1::VARCHAR
2026-08-31 16:04:59,100 INFO sqlalchemy.engine.Engine [cached since 1348s ago] ('user_3Idz3lR4nUx32RQ08fmzLywvcaV',)
2026-08-31 16:04:59,101 INFO sqlalchemy.engine.Engine SELECT pending_doctor_requests.id, pending_doctor_requests.practice_id, pending_doctor_requests.clerk_id, pending_doctor_requests.name, pending_doctor_requests.email, pending_doctor_requests.phone, pending_doctor_requests.specialty, pending_doctor_requests.license_number, pending_doctor_requests.bio, pending_doctor_requests.photo_url, pending_doctor_requests.documents, pending_doctor_requests.status, pending_doctor_requests.rejected_reason, pending_doctor_requests.doctor_id, pending_doctor_requests.submitted_at, pending_doctor_requests.reviewed_at 
FROM pending_doctor_requests 
WHERE pending_doctor_requests.clerk_id = $1::VARCHAR
2026-08-31 16:04:59,101 INFO sqlalchemy.engine.Engine [cached since 1348s ago] ('user_3Idz3lR4nUx32RQ08fmzLywvcaV',)
2026-08-31 16:04:59,102 INFO sqlalchemy.engine.Engine COMMIT
INFO:     127.0.0.1:55939 - "GET /api/v1/doctor-applications/me HTTP/1.1" 200 OK
2026-08-31 16:05:07,213 INFO sqlalchemy.engine.Engine BEGIN (implicit)
2026-08-31 16:05:07,213 INFO sqlalchemy.engine.Engine SELECT users.id, users.practice_id, users.clerk_id, users.email, users.name, users.role, users.phone, users.is_active, users.permissions, users.is_platform_admin, users.created_at, users.updated_at 
FROM users 
WHERE users.clerk_id = $1::VARCHAR
2026-08-31 16:05:07,213 INFO sqlalchemy.engine.Engine [cached since 1356s ago] ('user_3Idz3lR4nUx32RQ08fmzLywvcaV',)
2026-08-31 16:05:07,215 INFO sqlalchemy.engine.Engine SELECT pending_doctor_requests.id, pending_doctor_requests.practice_id, pending_doctor_requests.clerk_id, pending_doctor_requests.name, pending_doctor_requests.email, pending_doctor_requests.phone, pending_doctor_requests.specialty, pending_doctor_requests.license_number, pending_doctor_requests.bio, pending_doctor_requests.photo_url, pending_doctor_requests.documents, pending_doctor_requests.status, pending_doctor_requests.rejected_reason, pending_doctor_requests.doctor_id, pending_doctor_requests.submitted_at, pending_doctor_requests.reviewed_at 
FROM pending_doctor_requests 
WHERE pending_doctor_requests.clerk_id = $1::VARCHAR
2026-08-31 16:05:07,215 INFO sqlalchemy.engine.Engine [cached since 1356s ago] ('user_3Idz3lR4nUx32RQ08fmzLywvcaV',)
2026-08-31 16:05:07,217 INFO sqlalchemy.engine.Engine COMMIT
INFO:     127.0.0.1:55942 - "GET /api/v1/doctor-applications/me HTTP/1.1" 200 OK
2026-08-31 16:05:19,703 INFO sqlalchemy.engine.Engine BEGIN (implicit)
2026-08-31 16:05:19,703 INFO sqlalchemy.engine.Engine SELECT users.id, users.practice_id, users.clerk_id, users.email, users.name, users.role, users.phone, users.is_active, users.permissions, users.is_platform_admin, users.created_at, users.updated_at 
FROM users 
WHERE users.clerk_id = $1::VARCHAR
2026-08-31 16:05:19,703 INFO sqlalchemy.engine.Engine [cached since 1369s ago] ('user_3Idz3lR4nUx32RQ08fmzLywvcaV',)
2026-08-31 16:05:19,705 INFO sqlalchemy.engine.Engine SELECT pending_doctor_requests.id, pending_doctor_requests.practice_id, pending_doctor_requests.clerk_id, pending_doctor_requests.name, pending_doctor_requests.email, pending_doctor_requests.phone, pending_doctor_requests.specialty, pending_doctor_requests.license_number, pending_doctor_requests.bio, pending_doctor_requests.photo_url, pending_doctor_requests.documents, pending_doctor_requests.status, pending_doctor_requests.rejected_reason, pending_doctor_requests.doctor_id, pending_doctor_requests.submitted_at, pending_doctor_requests.reviewed_at 
FROM pending_doctor_requests 
WHERE pending_doctor_requests.clerk_id = $1::VARCHAR
2026-08-31 16:05:19,705 INFO sqlalchemy.engine.Engine [cached since 1369s ago] ('user_3Idz3lR4nUx32RQ08fmzLywvcaV',)
2026-08-31 16:05:19,706 INFO sqlalchemy.engine.Engine COMMIT
INFO:     127.0.0.1:55946 - "GET /api/v1/doctor-applications/me HTTP/1.1" 200 OK
2026-08-31 16:05:27,771 INFO sqlalchemy.engine.Engine BEGIN (implicit)
2026-08-31 16:05:27,771 INFO sqlalchemy.engine.Engine SELECT users.id, users.practice_id, users.clerk_id, users.email, users.name, users.role, users.phone, users.is_active, users.permissions, users.is_platform_admin, users.created_at, users.updated_at 
FROM users 
WHERE users.clerk_id = $1::VARCHAR
2026-08-31 16:05:27,771 INFO sqlalchemy.engine.Engine [cached since 1377s ago] ('user_3Idz3lR4nUx32RQ08fmzLywvcaV',)
2026-08-31 16:05:27,773 INFO sqlalchemy.engine.Engine SELECT pending_doctor_requests.id, pending_doctor_requests.practice_id, pending_doctor_requests.clerk_id, pending_doctor_requests.name, pending_doctor_requests.email, pending_doctor_requests.phone, pending_doctor_requests.specialty, pending_doctor_requests.license_number, pending_doctor_requests.bio, pending_doctor_requests.photo_url, pending_doctor_requests.documents, pending_doctor_requests.status, pending_doctor_requests.rejected_reason, pending_doctor_requests.doctor_id, pending_doctor_requests.submitted_at, pending_doctor_requests.reviewed_at 
FROM pending_doctor_requests 
WHERE pending_doctor_requests.clerk_id = $1::VARCHAR
2026-08-31 16:05:27,773 INFO sqlalchemy.engine.Engine [cached since 1377s ago] ('user_3Idz3lR4nUx32RQ08fmzLywvcaV',)
2026-08-31 16:05:27,774 INFO sqlalchemy.engine.Engine COMMIT
INFO:     127.0.0.1:55950 - "GET /api/v1/doctor-applications/me HTTP/1.1" 200 OK
2026-08-31 16:05:36,556 INFO sqlalchemy.engine.Engine BEGIN (implicit)
2026-08-31 16:05:36,557 INFO sqlalchemy.engine.Engine SELECT users.id, users.practice_id, users.clerk_id, users.email, users.name, users.role, users.phone, users.is_active, users.permissions, users.is_platform_admin, users.created_at, users.updated_at 
FROM users 
WHERE users.clerk_id = $1::VARCHAR
2026-08-31 16:05:36,557 INFO sqlalchemy.engine.Engine [cached since 1386s ago] ('user_3Idz3lR4nUx32RQ08fmzLywvcaV',)
2026-08-31 16:05:36,559 INFO sqlalchemy.engine.Engine SELECT pending_doctor_requests.id, pending_doctor_requests.practice_id, pending_doctor_requests.clerk_id, pending_doctor_requests.name, pending_doctor_requests.email, pending_doctor_requests.phone, pending_doctor_requests.specialty, pending_doctor_requests.license_number, pending_doctor_requests.bio, pending_doctor_requests.photo_url, pending_doctor_requests.documents, pending_doctor_requests.status, pending_doctor_requests.rejected_reason, pending_doctor_requests.doctor_id, pending_doctor_requests.submitted_at, pending_doctor_requests.reviewed_at 
FROM pending_doctor_requests 
WHERE pending_doctor_requests.clerk_id = $1::VARCHAR
2026-08-31 16:05:36,559 INFO sqlalchemy.engine.Engine [cached since 1386s ago] ('user_3Idz3lR4nUx32RQ08fmzLywvcaV',)
2026-08-31 16:05:36,560 INFO sqlalchemy.engine.Engine COMMIT
INFO:     127.0.0.1:55953 - "GET /api/v1/doctor-applications/me HTTP/1.1" 200 OK
2026-08-31 16:05:45,155 INFO sqlalchemy.engine.Engine BEGIN (implicit)
2026-08-31 16:05:45,155 INFO sqlalchemy.engine.Engine SELECT users.id, users.practice_id, users.clerk_id, users.email, users.name, users.role, users.phone, users.is_active, users.permissions, users.is_platform_admin, users.created_at, users.updated_at 
FROM users 
WHERE users.clerk_id = $1::VARCHAR
2026-08-31 16:05:45,156 INFO sqlalchemy.engine.Engine [cached since 1394s ago] ('user_3Idz3lR4nUx32RQ08fmzLywvcaV',)
2026-08-31 16:05:45,160 INFO sqlalchemy.engine.Engine SELECT pending_doctor_requests.id, pending_doctor_requests.practice_id, pending_doctor_requests.clerk_id, pending_doctor_requests.name, pending_doctor_requests.email, pending_doctor_requests.phone, pending_doctor_requests.specialty, pending_doctor_requests.license_number, pending_doctor_requests.bio, pending_doctor_requests.photo_url, pending_doctor_requests.documents, pending_doctor_requests.status, pending_doctor_requests.rejected_reason, pending_doctor_requests.doctor_id, pending_doctor_requests.submitted_at, pending_doctor_requests.reviewed_at 
FROM pending_doctor_requests 
WHERE pending_doctor_requests.clerk_id = $1::VARCHAR
2026-08-31 16:05:45,160 INFO sqlalchemy.engine.Engine [cached since 1394s ago] ('user_3Idz3lR4nUx32RQ08fmzLywvcaV',)
2026-08-31 16:05:45,163 INFO sqlalchemy.engine.Engine COMMIT
INFO:     127.0.0.1:55959 - "GET /api/v1/doctor-applications/me HTTP/1.1" 200 OK
2026-08-31 16:05:53,286 INFO sqlalchemy.engine.Engine BEGIN (implicit)
2026-08-31 16:05:53,287 INFO sqlalchemy.engine.Engine SELECT users.id, users.practice_id, users.clerk_id, users.email, users.name, users.role, users.phone, users.is_active, users.permissions, users.is_platform_admin, users.created_at, users.updated_at 
FROM users 
WHERE users.clerk_id = $1::VARCHAR
2026-08-31 16:05:53,287 INFO sqlalchemy.engine.Engine [cached since 1402s ago] ('user_3Idz3lR4nUx32RQ08fmzLywvcaV',)
2026-08-31 16:05:53,288 INFO sqlalchemy.engine.Engine SELECT pending_doctor_requests.id, pending_doctor_requests.practice_id, pending_doctor_requests.clerk_id, pending_doctor_requests.name, pending_doctor_requests.email, pending_doctor_requests.phone, pending_doctor_requests.specialty, pending_doctor_requests.license_number, pending_doctor_requests.bio, pending_doctor_requests.photo_url, pending_doctor_requests.documents, pending_doctor_requests.status, pending_doctor_requests.rejected_reason, pending_doctor_requests.doctor_id, pending_doctor_requests.submitted_at, pending_doctor_requests.reviewed_at 
FROM pending_doctor_requests 
WHERE pending_doctor_requests.clerk_id = $1::VARCHAR
2026-08-31 16:05:53,288 INFO sqlalchemy.engine.Engine [cached since 1402s ago] ('user_3Idz3lR4nUx32RQ08fmzLywvcaV',)
2026-08-31 16:05:53,289 INFO sqlalchemy.engine.Engine COMMIT
INFO:     127.0.0.1:55961 - "GET /api/v1/doctor-applications/me HTTP/1.1" 200 OK
2026-08-31 16:06:01,399 INFO sqlalchemy.engine.Engine BEGIN (implicit)
2026-08-31 16:06:01,399 INFO sqlalchemy.engine.Engine SELECT users.id, users.practice_id, users.clerk_id, users.email, users.name, users.role, users.phone, users.is_active, users.permissions, users.is_platform_admin, users.created_at, users.updated_at 
FROM users 
WHERE users.clerk_id = $1::VARCHAR
2026-08-31 16:06:01,399 INFO sqlalchemy.engine.Engine [cached since 1410s ago] ('user_3Idz3lR4nUx32RQ08fmzLywvcaV',)
2026-08-31 16:06:01,402 INFO sqlalchemy.engine.Engine SELECT pending_doctor_requests.id, pending_doctor_requests.practice_id, pending_doctor_requests.clerk_id, pending_doctor_requests.name, pending_doctor_requests.email, pending_doctor_requests.phone, pending_doctor_requests.specialty, pending_doctor_requests.license_number, pending_doctor_requests.bio, pending_doctor_requests.photo_url, pending_doctor_requests.documents, pending_doctor_requests.status, pending_doctor_requests.rejected_reason, pending_doctor_requests.doctor_id, pending_doctor_requests.submitted_at, pending_doctor_requests.reviewed_at 
FROM pending_doctor_requests 
WHERE pending_doctor_requests.clerk_id = $1::VARCHAR
2026-08-31 16:06:01,403 INFO sqlalchemy.engine.Engine [cached since 1410s ago] ('user_3Idz3lR4nUx32RQ08fmzLywvcaV',)
2026-08-31 16:06:01,404 INFO sqlalchemy.engine.Engine COMMIT
INFO:     127.0.0.1:55964 - "GET /api/v1/doctor-applications/me HTTP/1.1" 200 OK
2026-08-31 16:06:09,827 INFO sqlalchemy.engine.Engine BEGIN (implicit)
2026-08-31 16:06:09,828 INFO sqlalchemy.engine.Engine SELECT users.id, users.practice_id, users.clerk_id, users.email, users.name, users.role, users.phone, users.is_active, users.permissions, users.is_platform_admin, users.created_at, users.updated_at 
FROM users 
WHERE users.clerk_id = $1::VARCHAR
2026-08-31 16:06:09,828 INFO sqlalchemy.engine.Engine [cached since 1419s ago] ('user_3Idz3lR4nUx32RQ08fmzLywvcaV',)
2026-08-31 16:06:09,829 INFO sqlalchemy.engine.Engine SELECT pending_doctor_requests.id, pending_doctor_requests.practice_id, pending_doctor_requests.clerk_id, pending_doctor_requests.name, pending_doctor_requests.email, pending_doctor_requests.phone, pending_doctor_requests.specialty, pending_doctor_requests.license_number, pending_doctor_requests.bio, pending_doctor_requests.photo_url, pending_doctor_requests.documents, pending_doctor_requests.status, pending_doctor_requests.rejected_reason, pending_doctor_requests.doctor_id, pending_doctor_requests.submitted_at, pending_doctor_requests.reviewed_at 
FROM pending_doctor_requests 
WHERE pending_doctor_requests.clerk_id = $1::VARCHAR
2026-08-31 16:06:09,830 INFO sqlalchemy.engine.Engine [cached since 1419s ago] ('user_3Idz3lR4nUx32RQ08fmzLywvcaV',)
2026-08-31 16:06:09,831 INFO sqlalchemy.engine.Engine COMMIT
INFO:     127.0.0.1:55970 - "GET /api/v1/doctor-applications/me HTTP/1.1" 200 OK
2026-08-31 16:06:21,035 INFO sqlalchemy.engine.Engine BEGIN (implicit)
2026-08-31 16:06:21,036 INFO sqlalchemy.engine.Engine SELECT users.id, users.practice_id, users.clerk_id, users.email, users.name, users.role, users.phone, users.is_active, users.permissions, users.is_platform_admin, users.created_at, users.updated_at 
FROM users 
WHERE users.clerk_id = $1::VARCHAR
2026-08-31 16:06:21,036 INFO sqlalchemy.engine.Engine [cached since 1430s ago] ('user_3Idz3lR4nUx32RQ08fmzLywvcaV',)
2026-08-31 16:06:21,039 INFO sqlalchemy.engine.Engine SELECT pending_doctor_requests.id, pending_doctor_requests.practice_id, pending_doctor_requests.clerk_id, pending_doctor_requests.name, pending_doctor_requests.email, pending_doctor_requests.phone, pending_doctor_requests.specialty, pending_doctor_requests.license_number, pending_doctor_requests.bio, pending_doctor_requests.photo_url, pending_doctor_requests.documents, pending_doctor_requests.status, pending_doctor_requests.rejected_reason, pending_doctor_requests.doctor_id, pending_doctor_requests.submitted_at, pending_doctor_requests.reviewed_at 
FROM pending_doctor_requests 
WHERE pending_doctor_requests.clerk_id = $1::VARCHAR
2026-08-31 16:06:21,039 INFO sqlalchemy.engine.Engine [cached since 1430s ago] ('user_3Idz3lR4nUx32RQ08fmzLywvcaV',)
2026-08-31 16:06:21,040 INFO sqlalchemy.engine.Engine COMMIT
INFO:     127.0.0.1:55974 - "GET /api/v1/doctor-applications/me HTTP/1.1" 200 OK
2026-08-31 16:06:29,619 INFO sqlalchemy.engine.Engine BEGIN (implicit)
2026-08-31 16:06:29,620 INFO sqlalchemy.engine.Engine SELECT users.id, users.practice_id, users.clerk_id, users.email, users.name, users.role, users.phone, users.is_active, users.permissions, users.is_platform_admin, users.created_at, users.updated_at 
FROM users 
WHERE users.clerk_id = $1::VARCHAR
2026-08-31 16:06:29,621 INFO sqlalchemy.engine.Engine [cached since 1439s ago] ('user_3Idz3lR4nUx32RQ08fmzLywvcaV',)
2026-08-31 16:06:29,627 INFO sqlalchemy.engine.Engine SELECT pending_doctor_requests.id, pending_doctor_requests.practice_id, pending_doctor_requests.clerk_id, pending_doctor_requests.name, pending_doctor_requests.email, pending_doctor_requests.phone, pending_doctor_requests.specialty, pending_doctor_requests.license_number, pending_doctor_requests.bio, pending_doctor_requests.photo_url, pending_doctor_requests.documents, pending_doctor_requests.status, pending_doctor_requests.rejected_reason, pending_doctor_requests.doctor_id, pending_doctor_requests.submitted_at, pending_doctor_requests.reviewed_at 
FROM pending_doctor_requests 
WHERE pending_doctor_requests.clerk_id = $1::VARCHAR
2026-08-31 16:06:29,628 INFO sqlalchemy.engine.Engine [cached since 1439s ago] ('user_3Idz3lR4nUx32RQ08fmzLywvcaV',)
2026-08-31 16:06:29,632 INFO sqlalchemy.engine.Engine COMMIT
INFO:     127.0.0.1:55980 - "GET /api/v1/doctor-applications/me HTTP/1.1" 200 OK
2026-08-31 16:06:37,919 INFO sqlalchemy.engine.Engine BEGIN (implicit)
2026-08-31 16:06:37,921 INFO sqlalchemy.engine.Engine SELECT users.id, users.practice_id, users.clerk_id, users.email, users.name, users.role, users.phone, users.is_active, users.permissions, users.is_platform_admin, users.created_at, users.updated_at 
FROM users 
WHERE users.clerk_id = $1::VARCHAR
2026-08-31 16:06:37,922 INFO sqlalchemy.engine.Engine [cached since 1447s ago] ('user_3Idz3lR4nUx32RQ08fmzLywvcaV',)
2026-08-31 16:06:37,927 INFO sqlalchemy.engine.Engine SELECT pending_doctor_requests.id, pending_doctor_requests.practice_id, pending_doctor_requests.clerk_id, pending_doctor_requests.name, pending_doctor_requests.email, pending_doctor_requests.phone, pending_doctor_requests.specialty, pending_doctor_requests.license_number, pending_doctor_requests.bio, pending_doctor_requests.photo_url, pending_doctor_requests.documents, pending_doctor_requests.status, pending_doctor_requests.rejected_reason, pending_doctor_requests.doctor_id, pending_doctor_requests.submitted_at, pending_doctor_requests.reviewed_at 
FROM pending_doctor_requests 
WHERE pending_doctor_requests.clerk_id = $1::VARCHAR
2026-08-31 16:06:37,928 INFO sqlalchemy.engine.Engine [cached since 1447s ago] ('user_3Idz3lR4nUx32RQ08fmzLywvcaV',)
2026-08-31 16:06:37,930 INFO sqlalchemy.engine.Engine COMMIT
INFO:     127.0.0.1:55986 - "GET /api/v1/doctor-applications/me HTTP/1.1" 200 OK
2026-08-31 16:06:46,032 INFO sqlalchemy.engine.Engine BEGIN (implicit)
2026-08-31 16:06:46,032 INFO sqlalchemy.engine.Engine SELECT users.id, users.practice_id, users.clerk_id, users.email, users.name, users.role, users.phone, users.is_active, users.permissions, users.is_platform_admin, users.created_at, users.updated_at 
FROM users 
WHERE users.clerk_id = $1::VARCHAR
2026-08-31 16:06:46,033 INFO sqlalchemy.engine.Engine [cached since 1455s ago] ('user_3Idz3lR4nUx32RQ08fmzLywvcaV',)
2026-08-31 16:06:46,034 INFO sqlalchemy.engine.Engine SELECT pending_doctor_requests.id, pending_doctor_requests.practice_id, pending_doctor_requests.clerk_id, pending_doctor_requests.name, pending_doctor_requests.email, pending_doctor_requests.phone, pending_doctor_requests.specialty, pending_doctor_requests.license_number, pending_doctor_requests.bio, pending_doctor_requests.photo_url, pending_doctor_requests.documents, pending_doctor_requests.status, pending_doctor_requests.rejected_reason, pending_doctor_requests.doctor_id, pending_doctor_requests.submitted_at, pending_doctor_requests.reviewed_at 
FROM pending_doctor_requests 
WHERE pending_doctor_requests.clerk_id = $1::VARCHAR
2026-08-31 16:06:46,034 INFO sqlalchemy.engine.Engine [cached since 1455s ago] ('user_3Idz3lR4nUx32RQ08fmzLywvcaV',)
2026-08-31 16:06:46,035 INFO sqlalchemy.engine.Engine COMMIT
INFO:     127.0.0.1:55993 - "GET /api/v1/doctor-applications/me HTTP/1.1" 200 OK
2026-08-31 16:06:54,197 INFO sqlalchemy.engine.Engine BEGIN (implicit)
2026-08-31 16:06:54,199 INFO sqlalchemy.engine.Engine SELECT users.id, users.practice_id, users.clerk_id, users.email, users.name, users.role, users.phone, users.is_active, users.permissions, users.is_platform_admin, users.created_at, users.updated_at 
FROM users 
WHERE users.clerk_id = $1::VARCHAR
2026-08-31 16:06:54,199 INFO sqlalchemy.engine.Engine [cached since 1463s ago] ('user_3Idz3lR4nUx32RQ08fmzLywvcaV',)
2026-08-31 16:06:54,206 INFO sqlalchemy.engine.Engine SELECT pending_doctor_requests.id, pending_doctor_requests.practice_id, pending_doctor_requests.clerk_id, pending_doctor_requests.name, pending_doctor_requests.email, pending_doctor_requests.phone, pending_doctor_requests.specialty, pending_doctor_requests.license_number, pending_doctor_requests.bio, pending_doctor_requests.photo_url, pending_doctor_requests.documents, pending_doctor_requests.status, pending_doctor_requests.rejected_reason, pending_doctor_requests.doctor_id, pending_doctor_requests.submitted_at, pending_doctor_requests.reviewed_at 
FROM pending_doctor_requests 
WHERE pending_doctor_requests.clerk_id = $1::VARCHAR
2026-08-31 16:06:54,207 INFO sqlalchemy.engine.Engine [cached since 1463s ago] ('user_3Idz3lR4nUx32RQ08fmzLywvcaV',)
2026-08-31 16:06:54,210 INFO sqlalchemy.engine.Engine COMMIT
INFO:     127.0.0.1:55996 - "GET /api/v1/doctor-applications/me HTTP/1.1" 200 OK
2026-08-31 16:07:02,683 INFO sqlalchemy.engine.Engine BEGIN (implicit)
2026-08-31 16:07:02,684 INFO sqlalchemy.engine.Engine SELECT users.id, users.practice_id, users.clerk_id, users.email, users.name, users.role, users.phone, users.is_active, users.permissions, users.is_platform_admin, users.created_at, users.updated_at 
FROM users 
WHERE users.clerk_id = $1::VARCHAR
2026-08-31 16:07:02,684 INFO sqlalchemy.engine.Engine [cached since 1472s ago] ('user_3Idz3lR4nUx32RQ08fmzLywvcaV',)
2026-08-31 16:07:02,686 INFO sqlalchemy.engine.Engine SELECT pending_doctor_requests.id, pending_doctor_requests.practice_id, pending_doctor_requests.clerk_id, pending_doctor_requests.name, pending_doctor_requests.email, pending_doctor_requests.phone, pending_doctor_requests.specialty, pending_doctor_requests.license_number, pending_doctor_requests.bio, pending_doctor_requests.photo_url, pending_doctor_requests.documents, pending_doctor_requests.status, pending_doctor_requests.rejected_reason, pending_doctor_requests.doctor_id, pending_doctor_requests.submitted_at, pending_doctor_requests.reviewed_at 
FROM pending_doctor_requests 
WHERE pending_doctor_requests.clerk_id = $1::VARCHAR
2026-08-31 16:07:02,686 INFO sqlalchemy.engine.Engine [cached since 1472s ago] ('user_3Idz3lR4nUx32RQ08fmzLywvcaV',)
2026-08-31 16:07:02,688 INFO sqlalchemy.engine.Engine COMMIT
INFO:     127.0.0.1:56001 - "GET /api/v1/doctor-applications/me HTTP/1.1" 200 OK
INFO:     127.0.0.1:56005 - "OPTIONS /api/v1/staff-messages/threads HTTP/1.1" 200 OK
2026-08-31 16:07:05,320 INFO sqlalchemy.engine.Engine BEGIN (implicit)
2026-08-31 16:07:05,320 INFO sqlalchemy.engine.Engine SELECT users.id, users.practice_id, users.clerk_id, users.email, users.name, users.role, users.phone, users.is_active, users.permissions, users.is_platform_admin, users.created_at, users.updated_at 
FROM users 
WHERE users.clerk_id = $1::VARCHAR
2026-08-31 16:07:05,320 INFO sqlalchemy.engine.Engine [cached since 1474s ago] ('user_3IJjXjFLcG4qaagJWxQnHqHoXEr',)
2026-08-31 16:07:05,323 INFO sqlalchemy.engine.Engine SELECT users.id, users.practice_id, users.clerk_id, users.email, users.name, users.role, users.phone, users.is_active, users.permissions, users.is_platform_admin, users.created_at, users.updated_at 
FROM users 
WHERE users.practice_id = $1::UUID AND users.role != $2::userrole AND users.is_active = true
2026-08-31 16:07:05,323 INFO sqlalchemy.engine.Engine [cached since 1357s ago] (UUID('4d1123f3-3ba2-42f3-b584-a5009c7b3e39'), 'OWNER')
2026-08-31 16:07:05,326 INFO sqlalchemy.engine.Engine SELECT staff_messages.staff_user_id, count(*) AS count_1 
FROM staff_messages 
WHERE staff_messages.practice_id = $1::UUID AND staff_messages.staff_user_id IN ($2::UUID, $3::UUID) GROUP BY staff_messages.staff_user_id
2026-08-31 16:07:05,327 INFO sqlalchemy.engine.Engine [cached since 1357s ago] (UUID('4d1123f3-3ba2-42f3-b584-a5009c7b3e39'), UUID('52bb08fd-2cc6-4725-b2f0-c8ac8053e350'), UUID('b93c25bd-5371-4223-a5a5-e92b554168b8'))
2026-08-31 16:07:05,331 INFO sqlalchemy.engine.Engine SELECT staff_messages.id, staff_messages.practice_id, staff_messages.staff_user_id, staff_messages.sender_id, staff_messages.body, staff_messages.created_at 
FROM staff_messages 
WHERE staff_messages.practice_id = $1::UUID AND staff_messages.staff_user_id IN ($2::UUID, $3::UUID) ORDER BY staff_messages.staff_user_id, staff_messages.created_at DESC
2026-08-31 16:07:05,331 INFO sqlalchemy.engine.Engine [cached since 1357s ago] (UUID('4d1123f3-3ba2-42f3-b584-a5009c7b3e39'), UUID('52bb08fd-2cc6-4725-b2f0-c8ac8053e350'), UUID('b93c25bd-5371-4223-a5a5-e92b554168b8'))
2026-08-31 16:07:05,335 INFO sqlalchemy.engine.Engine COMMIT
INFO:     127.0.0.1:56005 - "GET /api/v1/staff-messages/threads HTTP/1.1" 200 OK
2026-08-31 16:07:06,241 INFO sqlalchemy.engine.Engine BEGIN (implicit)
2026-08-31 16:07:06,242 INFO sqlalchemy.engine.Engine SELECT users.id, users.practice_id, users.clerk_id, users.email, users.name, users.role, users.phone, users.is_active, users.permissions, users.is_platform_admin, users.created_at, users.updated_at 
FROM users 
WHERE users.clerk_id = $1::VARCHAR
2026-08-31 16:07:06,242 INFO sqlalchemy.engine.Engine [cached since 1475s ago] ('user_3IJjXjFLcG4qaagJWxQnHqHoXEr',)
2026-08-31 16:07:06,246 INFO sqlalchemy.engine.Engine SELECT patients.id, patients.practice_id, patients.first_name, patients.last_name, patients.email, patients.phone, patients.date_of_birth, patients.medical_history, patients.consent_status, patients.plan_type, patients.chief_complaint, patients.needs_surgery, patients.ai_agent_assigned, patients.agent_status, patients.agent_cost, patients.lifecycle_stage, patients.lost_reason, patients.source, patients.created_at, patients.updated_at 
FROM patients 
WHERE patients.practice_id = $1::UUID ORDER BY patients.created_at DESC
2026-08-31 16:07:06,246 INFO sqlalchemy.engine.Engine [cached since 1452s ago] (UUID('4d1123f3-3ba2-42f3-b584-a5009c7b3e39'),)
2026-08-31 16:07:06,247 INFO sqlalchemy.engine.Engine SELECT DISTINCT appointments.patient_id 
FROM appointments 
WHERE appointments.practice_id = $1::UUID AND appointments.patient_id IN ($4::UUID) AND appointments.start_time >= $2::TIMESTAMP WITH TIME ZONE AND appointments.status != $3::appointmentstatus
2026-08-31 16:07:06,248 INFO sqlalchemy.engine.Engine [cached since 1452s ago] (UUID('4d1123f3-3ba2-42f3-b584-a5009c7b3e39'), datetime.datetime(2026, 8, 31, 11, 7, 6, 247415, tzinfo=datetime.timezone.utc), 'CANCELLED', UUID('c4a9ef0d-7c8d-4da9-aaf7-e9e94a6fdc44'))
2026-08-31 16:07:06,250 INFO sqlalchemy.engine.Engine SELECT DISTINCT appointments.patient_id 
FROM appointments 
WHERE appointments.practice_id = $1::UUID AND appointments.patient_id IN ($3::UUID) AND appointments.status = $2::appointmentstatus
2026-08-31 16:07:06,250 INFO sqlalchemy.engine.Engine [cached since 1452s ago] (UUID('4d1123f3-3ba2-42f3-b584-a5009c7b3e39'), 'COMPLETED', UUID('c4a9ef0d-7c8d-4da9-aaf7-e9e94a6fdc44'))
2026-08-31 16:07:06,251 INFO sqlalchemy.engine.Engine COMMIT
INFO:     127.0.0.1:56005 - "GET /api/v1/patients HTTP/1.1" 200 OK
2026-08-31 16:07:08,644 INFO sqlalchemy.engine.Engine BEGIN (implicit)
2026-08-31 16:07:08,645 INFO sqlalchemy.engine.Engine SELECT users.id, users.practice_id, users.clerk_id, users.email, users.name, users.role, users.phone, users.is_active, users.permissions, users.is_platform_admin, users.created_at, users.updated_at 
FROM users 
WHERE users.clerk_id = $1::VARCHAR
2026-08-31 16:07:08,645 INFO sqlalchemy.engine.Engine [cached since 1478s ago] ('user_3IJjXjFLcG4qaagJWxQnHqHoXEr',)
2026-08-31 16:07:08,646 INFO sqlalchemy.engine.Engine SELECT users.id, users.practice_id, users.clerk_id, users.email, users.name, users.role, users.phone, users.is_active, users.permissions, users.is_platform_admin, users.created_at, users.updated_at 
FROM users 
WHERE users.practice_id = $1::UUID AND users.role != $2::userrole AND users.is_active = true
2026-08-31 16:07:08,647 INFO sqlalchemy.engine.Engine [cached since 1361s ago] (UUID('4d1123f3-3ba2-42f3-b584-a5009c7b3e39'), 'OWNER')
2026-08-31 16:07:08,648 INFO sqlalchemy.engine.Engine SELECT staff_messages.staff_user_id, count(*) AS count_1 
FROM staff_messages 
WHERE staff_messages.practice_id = $1::UUID AND staff_messages.staff_user_id IN ($2::UUID, $3::UUID) GROUP BY staff_messages.staff_user_id
2026-08-31 16:07:08,648 INFO sqlalchemy.engine.Engine [cached since 1361s ago] (UUID('4d1123f3-3ba2-42f3-b584-a5009c7b3e39'), UUID('52bb08fd-2cc6-4725-b2f0-c8ac8053e350'), UUID('b93c25bd-5371-4223-a5a5-e92b554168b8'))
2026-08-31 16:07:08,650 INFO sqlalchemy.engine.Engine SELECT staff_messages.id, staff_messages.practice_id, staff_messages.staff_user_id, staff_messages.sender_id, staff_messages.body, staff_messages.created_at 
FROM staff_messages 
WHERE staff_messages.practice_id = $1::UUID AND staff_messages.staff_user_id IN ($2::UUID, $3::UUID) ORDER BY staff_messages.staff_user_id, staff_messages.created_at DESC
2026-08-31 16:07:08,650 INFO sqlalchemy.engine.Engine [cached since 1361s ago] (UUID('4d1123f3-3ba2-42f3-b584-a5009c7b3e39'), UUID('52bb08fd-2cc6-4725-b2f0-c8ac8053e350'), UUID('b93c25bd-5371-4223-a5a5-e92b554168b8'))
2026-08-31 16:07:08,651 INFO sqlalchemy.engine.Engine COMMIT
INFO:     127.0.0.1:56005 - "GET /api/v1/staff-messages/threads HTTP/1.1" 200 OK
INFO:     127.0.0.1:56005 - "OPTIONS /api/v1/staff-messages/52bb08fd-2cc6-4725-b2f0-c8ac8053e350 HTTP/1.1" 200 OK
2026-08-31 16:07:10,114 INFO sqlalchemy.engine.Engine BEGIN (implicit)
2026-08-31 16:07:10,115 INFO sqlalchemy.engine.Engine SELECT users.id, users.practice_id, users.clerk_id, users.email, users.name, users.role, users.phone, users.is_active, users.permissions, users.is_platform_admin, users.created_at, users.updated_at 
FROM users 
WHERE users.clerk_id = $1::VARCHAR
2026-08-31 16:07:10,115 INFO sqlalchemy.engine.Engine [cached since 1479s ago] ('user_3IJjXjFLcG4qaagJWxQnHqHoXEr',)
2026-08-31 16:07:10,553 INFO sqlalchemy.engine.Engine BEGIN (implicit)
2026-08-31 16:07:10,553 INFO sqlalchemy.engine.Engine SELECT users.id, users.practice_id, users.clerk_id, users.email, users.name, users.role, users.phone, users.is_active, users.permissions, users.is_platform_admin, users.created_at, users.updated_at 
FROM users 
WHERE users.clerk_id = $1::VARCHAR
2026-08-31 16:07:10,553 INFO sqlalchemy.engine.Engine [cached since 1480s ago] ('user_3IJjXjFLcG4qaagJWxQnHqHoXEr',)
2026-08-31 16:07:10,556 INFO sqlalchemy.engine.Engine SELECT users.id, users.practice_id, users.clerk_id, users.email, users.name, users.role, users.phone, users.is_active, users.permissions, users.is_platform_admin, users.created_at, users.updated_at 
FROM users 
WHERE users.practice_id = $1::UUID AND users.role != $2::userrole AND users.is_active = true
2026-08-31 16:07:10,556 INFO sqlalchemy.engine.Engine [cached since 1362s ago] (UUID('4d1123f3-3ba2-42f3-b584-a5009c7b3e39'), 'OWNER')
2026-08-31 16:07:10,557 INFO sqlalchemy.engine.Engine SELECT users.id, users.practice_id, users.clerk_id, users.email, users.name, users.role, users.phone, users.is_active, users.permissions, users.is_platform_admin, users.created_at, users.updated_at 
FROM users 
WHERE users.id = $1::UUID AND users.practice_id = $2::UUID AND users.role != $3::userrole
2026-08-31 16:07:10,557 INFO sqlalchemy.engine.Engine [cached since 1360s ago] (UUID('52bb08fd-2cc6-4725-b2f0-c8ac8053e350'), UUID('4d1123f3-3ba2-42f3-b584-a5009c7b3e39'), 'OWNER')
2026-08-31 16:07:10,559 INFO sqlalchemy.engine.Engine SELECT staff_messages.id, staff_messages.practice_id, staff_messages.staff_user_id, staff_messages.sender_id, staff_messages.body, staff_messages.created_at 
FROM staff_messages 
WHERE staff_messages.practice_id = $1::UUID AND staff_messages.staff_user_id = $2::UUID ORDER BY staff_messages.created_at ASC
2026-08-31 16:07:10,560 INFO sqlalchemy.engine.Engine [cached since 1360s ago] (UUID('4d1123f3-3ba2-42f3-b584-a5009c7b3e39'), UUID('52bb08fd-2cc6-4725-b2f0-c8ac8053e350'))
2026-08-31 16:07:10,562 INFO sqlalchemy.engine.Engine SELECT staff_messages.staff_user_id, count(*) AS count_1 
FROM staff_messages 
WHERE staff_messages.practice_id = $1::UUID AND staff_messages.staff_user_id IN ($2::UUID, $3::UUID) GROUP BY staff_messages.staff_user_id
2026-08-31 16:07:10,562 INFO sqlalchemy.engine.Engine [cached since 1362s ago] (UUID('4d1123f3-3ba2-42f3-b584-a5009c7b3e39'), UUID('52bb08fd-2cc6-4725-b2f0-c8ac8053e350'), UUID('b93c25bd-5371-4223-a5a5-e92b554168b8'))
2026-08-31 16:07:10,563 INFO sqlalchemy.engine.Engine COMMIT
INFO:     127.0.0.1:56005 - "GET /api/v1/staff-messages/52bb08fd-2cc6-4725-b2f0-c8ac8053e350 HTTP/1.1" 200 OK
2026-08-31 16:07:10,565 INFO sqlalchemy.engine.Engine SELECT staff_messages.id, staff_messages.practice_id, staff_messages.staff_user_id, staff_messages.sender_id, staff_messages.body, staff_messages.created_at 
FROM staff_messages 
WHERE staff_messages.practice_id = $1::UUID AND staff_messages.staff_user_id IN ($2::UUID, $3::UUID) ORDER BY staff_messages.staff_user_id, staff_messages.created_at DESC
2026-08-31 16:07:10,566 INFO sqlalchemy.engine.Engine [cached since 1362s ago] (UUID('4d1123f3-3ba2-42f3-b584-a5009c7b3e39'), UUID('52bb08fd-2cc6-4725-b2f0-c8ac8053e350'), UUID('b93c25bd-5371-4223-a5a5-e92b554168b8'))
2026-08-31 16:07:10,568 INFO sqlalchemy.engine.Engine COMMIT
INFO:     127.0.0.1:56010 - "GET /api/v1/staff-messages/threads HTTP/1.1" 200 OK
2026-08-31 16:07:11,018 INFO sqlalchemy.engine.Engine BEGIN (implicit)
2026-08-31 16:07:11,018 INFO sqlalchemy.engine.Engine SELECT users.id, users.practice_id, users.clerk_id, users.email, users.name, users.role, users.phone, users.is_active, users.permissions, users.is_platform_admin, users.created_at, users.updated_at 
FROM users 
WHERE users.clerk_id = $1::VARCHAR
2026-08-31 16:07:11,019 INFO sqlalchemy.engine.Engine [cached since 1480s ago] ('user_3Idz3lR4nUx32RQ08fmzLywvcaV',)
2026-08-31 16:07:11,023 INFO sqlalchemy.engine.Engine SELECT pending_doctor_requests.id, pending_doctor_requests.practice_id, pending_doctor_requests.clerk_id, pending_doctor_requests.name, pending_doctor_requests.email, pending_doctor_requests.phone, pending_doctor_requests.specialty, pending_doctor_requests.license_number, pending_doctor_requests.bio, pending_doctor_requests.photo_url, pending_doctor_requests.documents, pending_doctor_requests.status, pending_doctor_requests.rejected_reason, pending_doctor_requests.doctor_id, pending_doctor_requests.submitted_at, pending_doctor_requests.reviewed_at 
FROM pending_doctor_requests 
WHERE pending_doctor_requests.clerk_id = $1::VARCHAR
2026-08-31 16:07:11,024 INFO sqlalchemy.engine.Engine [cached since 1480s ago] ('user_3Idz3lR4nUx32RQ08fmzLywvcaV',)
2026-08-31 16:07:11,026 INFO sqlalchemy.engine.Engine COMMIT
INFO:     127.0.0.1:56013 - "GET /api/v1/doctor-applications/me HTTP/1.1" 200 OK
2026-08-31 16:07:11,925 INFO sqlalchemy.engine.Engine BEGIN (implicit)
2026-08-31 16:07:11,927 INFO sqlalchemy.engine.Engine SELECT users.id, users.practice_id, users.clerk_id, users.email, users.name, users.role, users.phone, users.is_active, users.permissions, users.is_platform_admin, users.created_at, users.updated_at 
FROM users 
WHERE users.clerk_id = $1::VARCHAR
2026-08-31 16:07:11,928 INFO sqlalchemy.engine.Engine [cached since 1481s ago] ('user_3IJjXjFLcG4qaagJWxQnHqHoXEr',)
2026-08-31 16:07:11,936 INFO sqlalchemy.engine.Engine SELECT users.id, users.practice_id, users.clerk_id, users.email, users.name, users.role, users.phone, users.is_active, users.permissions, users.is_platform_admin, users.created_at, users.updated_at 
FROM users 
WHERE users.practice_id = $1::UUID AND users.role != $2::userrole AND users.is_active = true
2026-08-31 16:07:11,938 INFO sqlalchemy.engine.Engine [cached since 1364s ago] (UUID('4d1123f3-3ba2-42f3-b584-a5009c7b3e39'), 'OWNER')
2026-08-31 16:07:11,946 INFO sqlalchemy.engine.Engine SELECT staff_messages.staff_user_id, count(*) AS count_1 
FROM staff_messages 
WHERE staff_messages.practice_id = $1::UUID AND staff_messages.staff_user_id IN ($2::UUID, $3::UUID) GROUP BY staff_messages.staff_user_id
2026-08-31 16:07:11,947 INFO sqlalchemy.engine.Engine [cached since 1364s ago] (UUID('4d1123f3-3ba2-42f3-b584-a5009c7b3e39'), UUID('52bb08fd-2cc6-4725-b2f0-c8ac8053e350'), UUID('b93c25bd-5371-4223-a5a5-e92b554168b8'))
2026-08-31 16:07:11,952 INFO sqlalchemy.engine.Engine SELECT staff_messages.id, staff_messages.practice_id, staff_messages.staff_user_id, staff_messages.sender_id, staff_messages.body, staff_messages.created_at 
FROM staff_messages 
WHERE staff_messages.practice_id = $1::UUID AND staff_messages.staff_user_id IN ($2::UUID, $3::UUID) ORDER BY staff_messages.staff_user_id, staff_messages.created_at DESC
2026-08-31 16:07:11,953 INFO sqlalchemy.engine.Engine [cached since 1364s ago] (UUID('4d1123f3-3ba2-42f3-b584-a5009c7b3e39'), UUID('52bb08fd-2cc6-4725-b2f0-c8ac8053e350'), UUID('b93c25bd-5371-4223-a5a5-e92b554168b8'))
2026-08-31 16:07:11,957 INFO sqlalchemy.engine.Engine COMMIT
INFO:     127.0.0.1:56010 - "GET /api/v1/staff-messages/threads HTTP/1.1" 200 OK
INFO:     127.0.0.1:56010 - "OPTIONS /api/v1/staff-messages/b93c25bd-5371-4223-a5a5-e92b554168b8 HTTP/1.1" 200 OK
2026-08-31 16:07:13,217 INFO sqlalchemy.engine.Engine BEGIN (implicit)
2026-08-31 16:07:13,218 INFO sqlalchemy.engine.Engine SELECT users.id, users.practice_id, users.clerk_id, users.email, users.name, users.role, users.phone, users.is_active, users.permissions, users.is_platform_admin, users.created_at, users.updated_at 
FROM users 
WHERE users.clerk_id = $1::VARCHAR
2026-08-31 16:07:13,218 INFO sqlalchemy.engine.Engine [cached since 1482s ago] ('user_3IJjXjFLcG4qaagJWxQnHqHoXEr',)
2026-08-31 16:07:13,320 INFO sqlalchemy.engine.Engine BEGIN (implicit)
2026-08-31 16:07:13,321 INFO sqlalchemy.engine.Engine SELECT users.id, users.practice_id, users.clerk_id, users.email, users.name, users.role, users.phone, users.is_active, users.permissions, users.is_platform_admin, users.created_at, users.updated_at 
FROM users 
WHERE users.clerk_id = $1::VARCHAR
2026-08-31 16:07:13,322 INFO sqlalchemy.engine.Engine [cached since 1482s ago] ('user_3IJjXjFLcG4qaagJWxQnHqHoXEr',)
2026-08-31 16:07:13,329 INFO sqlalchemy.engine.Engine SELECT users.id, users.practice_id, users.clerk_id, users.email, users.name, users.role, users.phone, users.is_active, users.permissions, users.is_platform_admin, users.created_at, users.updated_at 
FROM users 
WHERE users.practice_id = $1::UUID AND users.role != $2::userrole AND users.is_active = true
2026-08-31 16:07:13,330 INFO sqlalchemy.engine.Engine [cached since 1365s ago] (UUID('4d1123f3-3ba2-42f3-b584-a5009c7b3e39'), 'OWNER')
2026-08-31 16:07:13,338 INFO sqlalchemy.engine.Engine SELECT users.id, users.practice_id, users.clerk_id, users.email, users.name, users.role, users.phone, users.is_active, users.permissions, users.is_platform_admin, users.created_at, users.updated_at 
FROM users 
WHERE users.id = $1::UUID AND users.practice_id = $2::UUID AND users.role != $3::userrole
2026-08-31 16:07:13,340 INFO sqlalchemy.engine.Engine [cached since 1363s ago] (UUID('b93c25bd-5371-4223-a5a5-e92b554168b8'), UUID('4d1123f3-3ba2-42f3-b584-a5009c7b3e39'), 'OWNER')
2026-08-31 16:07:13,345 INFO sqlalchemy.engine.Engine SELECT staff_messages.staff_user_id, count(*) AS count_1 
FROM staff_messages 
WHERE staff_messages.practice_id = $1::UUID AND staff_messages.staff_user_id IN ($2::UUID, $3::UUID) GROUP BY staff_messages.staff_user_id
2026-08-31 16:07:13,345 INFO sqlalchemy.engine.Engine [cached since 1365s ago] (UUID('4d1123f3-3ba2-42f3-b584-a5009c7b3e39'), UUID('52bb08fd-2cc6-4725-b2f0-c8ac8053e350'), UUID('b93c25bd-5371-4223-a5a5-e92b554168b8'))
2026-08-31 16:07:13,348 INFO sqlalchemy.engine.Engine SELECT staff_messages.id, staff_messages.practice_id, staff_messages.staff_user_id, staff_messages.sender_id, staff_messages.body, staff_messages.created_at 
FROM staff_messages 
WHERE staff_messages.practice_id = $1::UUID AND staff_messages.staff_user_id = $2::UUID ORDER BY staff_messages.created_at ASC
2026-08-31 16:07:13,348 INFO sqlalchemy.engine.Engine [cached since 1363s ago] (UUID('4d1123f3-3ba2-42f3-b584-a5009c7b3e39'), UUID('b93c25bd-5371-4223-a5a5-e92b554168b8'))
2026-08-31 16:07:13,352 INFO sqlalchemy.engine.Engine SELECT staff_messages.id, staff_messages.practice_id, staff_messages.staff_user_id, staff_messages.sender_id, staff_messages.body, staff_messages.created_at 
FROM staff_messages 
WHERE staff_messages.practice_id = $1::UUID AND staff_messages.staff_user_id IN ($2::UUID, $3::UUID) ORDER BY staff_messages.staff_user_id, staff_messages.created_at DESC
2026-08-31 16:07:13,352 INFO sqlalchemy.engine.Engine [cached since 1365s ago] (UUID('4d1123f3-3ba2-42f3-b584-a5009c7b3e39'), UUID('52bb08fd-2cc6-4725-b2f0-c8ac8053e350'), UUID('b93c25bd-5371-4223-a5a5-e92b554168b8'))
2026-08-31 16:07:13,354 INFO sqlalchemy.engine.Engine COMMIT
2026-08-31 16:07:13,355 INFO sqlalchemy.engine.Engine COMMIT
INFO:     127.0.0.1:56010 - "GET /api/v1/staff-messages/b93c25bd-5371-4223-a5a5-e92b554168b8 HTTP/1.1" 200 OK
INFO:     127.0.0.1:56005 - "GET /api/v1/staff-messages/threads HTTP/1.1" 200 OK
2026-08-31 16:07:16,529 INFO sqlalchemy.engine.Engine BEGIN (implicit)
2026-08-31 16:07:16,529 INFO sqlalchemy.engine.Engine SELECT users.id, users.practice_id, users.clerk_id, users.email, users.name, users.role, users.phone, users.is_active, users.permissions, users.is_platform_admin, users.created_at, users.updated_at 
FROM users 
WHERE users.clerk_id = $1::VARCHAR
2026-08-31 16:07:16,530 INFO sqlalchemy.engine.Engine [cached since 1486s ago] ('user_3IJjXjFLcG4qaagJWxQnHqHoXEr',)
2026-08-31 16:07:16,532 INFO sqlalchemy.engine.Engine SELECT users.id, users.practice_id, users.clerk_id, users.email, users.name, users.role, users.phone, users.is_active, users.permissions, users.is_platform_admin, users.created_at, users.updated_at 
FROM users 
WHERE users.id = $1::UUID AND users.practice_id = $2::UUID AND users.role != $3::userrole
2026-08-31 16:07:16,532 INFO sqlalchemy.engine.Engine [cached since 1366s ago] (UUID('b93c25bd-5371-4223-a5a5-e92b554168b8'), UUID('4d1123f3-3ba2-42f3-b584-a5009c7b3e39'), 'OWNER')
2026-08-31 16:07:16,534 INFO sqlalchemy.engine.Engine INSERT INTO staff_messages (id, practice_id, staff_user_id, sender_id, body) VALUES ($1::UUID, $2::UUID, $3::UUID, $4::UUID, $5::VARCHAR) RETURNING staff_messages.created_at
2026-08-31 16:07:16,534 INFO sqlalchemy.engine.Engine [cached since 1299s ago] (UUID('f4221ddc-4bbe-40d4-8483-84f78823c2db'), UUID('4d1123f3-3ba2-42f3-b584-a5009c7b3e39'), UUID('b93c25bd-5371-4223-a5a5-e92b554168b8'), UUID('7a8e4484-f378-4080-bd7f-e1a399b2254e'), 'Hwy')
2026-08-31 16:07:16,538 INFO sqlalchemy.engine.Engine SELECT staff_messages.id, staff_messages.practice_id, staff_messages.staff_user_id, staff_messages.sender_id, staff_messages.body, staff_messages.created_at 
FROM staff_messages 
WHERE staff_messages.id = $1::UUID
2026-08-31 16:07:16,538 INFO sqlalchemy.engine.Engine [cached since 1299s ago] (UUID('f4221ddc-4bbe-40d4-8483-84f78823c2db'),)
2026-08-31 16:07:16,539 INFO sqlalchemy.engine.Engine COMMIT
INFO:     127.0.0.1:56005 - "POST /api/v1/staff-messages/b93c25bd-5371-4223-a5a5-e92b554168b8 HTTP/1.1" 200 OK
2026-08-31 16:07:18,690 INFO sqlalchemy.engine.Engine BEGIN (implicit)
2026-08-31 16:07:18,691 INFO sqlalchemy.engine.Engine SELECT users.id, users.practice_id, users.clerk_id, users.email, users.name, users.role, users.phone, users.is_active, users.permissions, users.is_platform_admin, users.created_at, users.updated_at 
FROM users 
WHERE users.clerk_id = $1::VARCHAR
2026-08-31 16:07:18,692 INFO sqlalchemy.engine.Engine [cached since 1488s ago] ('user_3IJjXjFLcG4qaagJWxQnHqHoXEr',)
2026-08-31 16:07:18,696 INFO sqlalchemy.engine.Engine SELECT users.id, users.practice_id, users.clerk_id, users.email, users.name, users.role, users.phone, users.is_active, users.permissions, users.is_platform_admin, users.created_at, users.updated_at 
FROM users 
WHERE users.practice_id = $1::UUID AND users.role != $2::userrole AND users.is_active = true
2026-08-31 16:07:18,696 INFO sqlalchemy.engine.Engine [cached since 1371s ago] (UUID('4d1123f3-3ba2-42f3-b584-a5009c7b3e39'), 'OWNER')
2026-08-31 16:07:18,699 INFO sqlalchemy.engine.Engine SELECT staff_messages.staff_user_id, count(*) AS count_1 
FROM staff_messages 
WHERE staff_messages.practice_id = $1::UUID AND staff_messages.staff_user_id IN ($2::UUID, $3::UUID) GROUP BY staff_messages.staff_user_id
2026-08-31 16:07:18,699 INFO sqlalchemy.engine.Engine [cached since 1371s ago] (UUID('4d1123f3-3ba2-42f3-b584-a5009c7b3e39'), UUID('52bb08fd-2cc6-4725-b2f0-c8ac8053e350'), UUID('b93c25bd-5371-4223-a5a5-e92b554168b8'))
2026-08-31 16:07:18,702 INFO sqlalchemy.engine.Engine SELECT staff_messages.id, staff_messages.practice_id, staff_messages.staff_user_id, staff_messages.sender_id, staff_messages.body, staff_messages.created_at 
FROM staff_messages 
WHERE staff_messages.practice_id = $1::UUID AND staff_messages.staff_user_id IN ($2::UUID, $3::UUID) ORDER BY staff_messages.staff_user_id, staff_messages.created_at DESC
2026-08-31 16:07:18,702 INFO sqlalchemy.engine.Engine [cached since 1371s ago] (UUID('4d1123f3-3ba2-42f3-b584-a5009c7b3e39'), UUID('52bb08fd-2cc6-4725-b2f0-c8ac8053e350'), UUID('b93c25bd-5371-4223-a5a5-e92b554168b8'))
2026-08-31 16:07:18,704 INFO sqlalchemy.engine.Engine COMMIT
INFO:     127.0.0.1:56005 - "GET /api/v1/staff-messages/threads HTTP/1.1" 200 OK
2026-08-31 16:07:20,390 INFO sqlalchemy.engine.Engine BEGIN (implicit)
2026-08-31 16:07:20,391 INFO sqlalchemy.engine.Engine SELECT users.id, users.practice_id, users.clerk_id, users.email, users.name, users.role, users.phone, users.is_active, users.permissions, users.is_platform_admin, users.created_at, users.updated_at 
FROM users 
WHERE users.clerk_id = $1::VARCHAR
2026-08-31 16:07:20,391 INFO sqlalchemy.engine.Engine [cached since 1489s ago] ('user_3Idz3lR4nUx32RQ08fmzLywvcaV',)
2026-08-31 16:07:20,396 INFO sqlalchemy.engine.Engine SELECT pending_doctor_requests.id, pending_doctor_requests.practice_id, pending_doctor_requests.clerk_id, pending_doctor_requests.name, pending_doctor_requests.email, pending_doctor_requests.phone, pending_doctor_requests.specialty, pending_doctor_requests.license_number, pending_doctor_requests.bio, pending_doctor_requests.photo_url, pending_doctor_requests.documents, pending_doctor_requests.status, pending_doctor_requests.rejected_reason, pending_doctor_requests.doctor_id, pending_doctor_requests.submitted_at, pending_doctor_requests.reviewed_at 
FROM pending_doctor_requests 
WHERE pending_doctor_requests.clerk_id = $1::VARCHAR
2026-08-31 16:07:20,397 INFO sqlalchemy.engine.Engine [cached since 1489s ago] ('user_3Idz3lR4nUx32RQ08fmzLywvcaV',)
2026-08-31 16:07:20,401 INFO sqlalchemy.engine.Engine COMMIT
INFO:     127.0.0.1:56021 - "GET /api/v1/doctor-applications/me HTTP/1.1" 200 OK
2026-08-31 16:07:32,418 INFO sqlalchemy.engine.Engine BEGIN (implicit)
2026-08-31 16:07:32,419 INFO sqlalchemy.engine.Engine SELECT users.id, users.practice_id, users.clerk_id, users.email, users.name, users.role, users.phone, users.is_active, users.permissions, users.is_platform_admin, users.created_at, users.updated_at 
FROM users 
WHERE users.clerk_id = $1::VARCHAR
2026-08-31 16:07:32,419 INFO sqlalchemy.engine.Engine [cached since 1501s ago] ('user_3IJjXjFLcG4qaagJWxQnHqHoXEr',)
2026-08-31 16:07:32,499 INFO sqlalchemy.engine.Engine BEGIN (implicit)
2026-08-31 16:07:32,500 INFO sqlalchemy.engine.Engine SELECT users.id, users.practice_id, users.clerk_id, users.email, users.name, users.role, users.phone, users.is_active, users.permissions, users.is_platform_admin, users.created_at, users.updated_at 
FROM users 
WHERE users.clerk_id = $1::VARCHAR
2026-08-31 16:07:32,500 INFO sqlalchemy.engine.Engine [cached since 1502s ago] ('user_3IJjXjFLcG4qaagJWxQnHqHoXEr',)
2026-08-31 16:07:32,581 INFO sqlalchemy.engine.Engine BEGIN (implicit)
2026-08-31 16:07:32,581 INFO sqlalchemy.engine.Engine SELECT users.id, users.practice_id, users.clerk_id, users.email, users.name, users.role, users.phone, users.is_active, users.permissions, users.is_platform_admin, users.created_at, users.updated_at 
FROM users 
WHERE users.clerk_id = $1::VARCHAR
2026-08-31 16:07:32,582 INFO sqlalchemy.engine.Engine [cached since 1502s ago] ('user_3Idz3lR4nUx32RQ08fmzLywvcaV',)
2026-08-31 16:07:32,584 INFO sqlalchemy.engine.Engine SELECT users.id, users.practice_id, users.clerk_id, users.email, users.name, users.role, users.phone, users.is_active, users.permissions, users.is_platform_admin, users.created_at, users.updated_at 
FROM users 
WHERE users.practice_id = $1::UUID AND users.role != $2::userrole AND users.is_active = true
2026-08-31 16:07:32,585 INFO sqlalchemy.engine.Engine [cached since 1384s ago] (UUID('4d1123f3-3ba2-42f3-b584-a5009c7b3e39'), 'OWNER')
2026-08-31 16:07:32,658 INFO sqlalchemy.engine.Engine BEGIN (implicit)
2026-08-31 16:07:32,658 INFO sqlalchemy.engine.Engine SELECT users.id, users.practice_id, users.clerk_id, users.email, users.name, users.role, users.phone, users.is_active, users.permissions, users.is_platform_admin, users.created_at, users.updated_at 
FROM users 
WHERE users.clerk_id = $1::VARCHAR
2026-08-31 16:07:32,659 INFO sqlalchemy.engine.Engine [cached since 1502s ago] ('user_3IJjXjFLcG4qaagJWxQnHqHoXEr',)
2026-08-31 16:07:32,661 INFO sqlalchemy.engine.Engine SELECT users.id, users.practice_id, users.clerk_id, users.email, users.name, users.role, users.phone, users.is_active, users.permissions, users.is_platform_admin, users.created_at, users.updated_at 
FROM users 
WHERE users.id = $1::UUID AND users.practice_id = $2::UUID AND users.role != $3::userrole
2026-08-31 16:07:32,661 INFO sqlalchemy.engine.Engine [cached since 1382s ago] (UUID('52bb08fd-2cc6-4725-b2f0-c8ac8053e350'), UUID('4d1123f3-3ba2-42f3-b584-a5009c7b3e39'), 'OWNER')
2026-08-31 16:07:32,662 INFO sqlalchemy.engine.Engine SELECT staff_messages.staff_user_id, count(*) AS count_1 
FROM staff_messages 
WHERE staff_messages.practice_id = $1::UUID AND staff_messages.staff_user_id IN ($2::UUID, $3::UUID) GROUP BY staff_messages.staff_user_id
2026-08-31 16:07:32,663 INFO sqlalchemy.engine.Engine [cached since 1385s ago] (UUID('4d1123f3-3ba2-42f3-b584-a5009c7b3e39'), UUID('52bb08fd-2cc6-4725-b2f0-c8ac8053e350'), UUID('b93c25bd-5371-4223-a5a5-e92b554168b8'))
2026-08-31 16:07:32,664 INFO sqlalchemy.engine.Engine SELECT pending_doctor_requests.id, pending_doctor_requests.practice_id, pending_doctor_requests.clerk_id, pending_doctor_requests.name, pending_doctor_requests.email, pending_doctor_requests.phone, pending_doctor_requests.specialty, pending_doctor_requests.license_number, pending_doctor_requests.bio, pending_doctor_requests.photo_url, pending_doctor_requests.documents, pending_doctor_requests.status, pending_doctor_requests.rejected_reason, pending_doctor_requests.doctor_id, pending_doctor_requests.submitted_at, pending_doctor_requests.reviewed_at 
FROM pending_doctor_requests 
WHERE pending_doctor_requests.clerk_id = $1::VARCHAR
2026-08-31 16:07:32,664 INFO sqlalchemy.engine.Engine [cached since 1502s ago] ('user_3Idz3lR4nUx32RQ08fmzLywvcaV',)
2026-08-31 16:07:32,666 INFO sqlalchemy.engine.Engine SELECT staff_messages.id, staff_messages.practice_id, staff_messages.staff_user_id, staff_messages.sender_id, staff_messages.body, staff_messages.created_at 
FROM staff_messages 
WHERE staff_messages.practice_id = $1::UUID AND staff_messages.staff_user_id = $2::UUID ORDER BY staff_messages.created_at ASC
2026-08-31 16:07:32,667 INFO sqlalchemy.engine.Engine [cached since 1382s ago] (UUID('4d1123f3-3ba2-42f3-b584-a5009c7b3e39'), UUID('52bb08fd-2cc6-4725-b2f0-c8ac8053e350'))
2026-08-31 16:07:32,668 INFO sqlalchemy.engine.Engine SELECT users.id, users.practice_id, users.clerk_id, users.email, users.name, users.role, users.phone, users.is_active, users.permissions, users.is_platform_admin, users.created_at, users.updated_at 
FROM users 
WHERE users.id = $1::UUID AND users.practice_id = $2::UUID AND users.role != $3::userrole
2026-08-31 16:07:32,668 INFO sqlalchemy.engine.Engine [cached since 1382s ago] (UUID('52bb08fd-2cc6-4725-b2f0-c8ac8053e350'), UUID('4d1123f3-3ba2-42f3-b584-a5009c7b3e39'), 'OWNER')
2026-08-31 16:07:32,670 INFO sqlalchemy.engine.Engine SELECT staff_messages.id, staff_messages.practice_id, staff_messages.staff_user_id, staff_messages.sender_id, staff_messages.body, staff_messages.created_at 
FROM staff_messages 
WHERE staff_messages.practice_id = $1::UUID AND staff_messages.staff_user_id IN ($2::UUID, $3::UUID) ORDER BY staff_messages.staff_user_id, staff_messages.created_at DESC
2026-08-31 16:07:32,670 INFO sqlalchemy.engine.Engine [cached since 1385s ago] (UUID('4d1123f3-3ba2-42f3-b584-a5009c7b3e39'), UUID('52bb08fd-2cc6-4725-b2f0-c8ac8053e350'), UUID('b93c25bd-5371-4223-a5a5-e92b554168b8'))
2026-08-31 16:07:32,671 INFO sqlalchemy.engine.Engine COMMIT
2026-08-31 16:07:32,672 INFO sqlalchemy.engine.Engine COMMIT
2026-08-31 16:07:32,674 INFO sqlalchemy.engine.Engine COMMIT
2026-08-31 16:07:32,676 INFO sqlalchemy.engine.Engine INSERT INTO staff_messages (id, practice_id, staff_user_id, sender_id, body) VALUES ($1::UUID, $2::UUID, $3::UUID, $4::UUID, $5::VARCHAR) RETURNING staff_messages.created_at
2026-08-31 16:07:32,676 INFO sqlalchemy.engine.Engine [cached since 1315s ago] (UUID('4d513087-cd05-435f-8daa-0523318b8252'), UUID('4d1123f3-3ba2-42f3-b584-a5009c7b3e39'), UUID('52bb08fd-2cc6-4725-b2f0-c8ac8053e350'), UUID('7a8e4484-f378-4080-bd7f-e1a399b2254e'), 'hey')
INFO:     127.0.0.1:56026 - "GET /api/v1/doctor-applications/me HTTP/1.1" 200 OK
INFO:     127.0.0.1:56025 - "GET /api/v1/staff-messages/52bb08fd-2cc6-4725-b2f0-c8ac8053e350 HTTP/1.1" 200 OK
INFO:     127.0.0.1:56024 - "GET /api/v1/staff-messages/threads HTTP/1.1" 200 OK
2026-08-31 16:07:32,683 INFO sqlalchemy.engine.Engine SELECT staff_messages.id, staff_messages.practice_id, staff_messages.staff_user_id, staff_messages.sender_id, staff_messages.body, staff_messages.created_at 
FROM staff_messages 
WHERE staff_messages.id = $1::UUID
2026-08-31 16:07:32,683 INFO sqlalchemy.engine.Engine [cached since 1315s ago] (UUID('4d513087-cd05-435f-8daa-0523318b8252'),)
2026-08-31 16:07:32,686 INFO sqlalchemy.engine.Engine COMMIT
INFO:     127.0.0.1:56027 - "POST /api/v1/staff-messages/52bb08fd-2cc6-4725-b2f0-c8ac8053e350 HTTP/1.1" 200 OK
INFO:     127.0.0.1:56034 - "OPTIONS /api/v1/staff-messages/me HTTP/1.1" 200 OK
2026-08-31 16:07:36,036 INFO sqlalchemy.engine.Engine BEGIN (implicit)
2026-08-31 16:07:36,037 INFO sqlalchemy.engine.Engine SELECT users.id, users.practice_id, users.clerk_id, users.email, users.name, users.role, users.phone, users.is_active, users.permissions, users.is_platform_admin, users.created_at, users.updated_at 
FROM users 
WHERE users.clerk_id = $1::VARCHAR
2026-08-31 16:07:36,037 INFO sqlalchemy.engine.Engine [cached since 1505s ago] ('user_3Idz3tQrP5vUET2Tr73OtYcK5Vw',)
2026-08-31 16:07:36,038 INFO sqlalchemy.engine.Engine SELECT users.id, users.practice_id, users.clerk_id, users.email, users.name, users.role, users.phone, users.is_active, users.permissions, users.is_platform_admin, users.created_at, users.updated_at 
FROM users 
WHERE users.id = $1::UUID AND users.practice_id = $2::UUID AND users.role != $3::userrole
2026-08-31 16:07:36,038 INFO sqlalchemy.engine.Engine [cached since 1385s ago] (UUID('b93c25bd-5371-4223-a5a5-e92b554168b8'), UUID('4d1123f3-3ba2-42f3-b584-a5009c7b3e39'), 'OWNER')
2026-08-31 16:07:36,041 INFO sqlalchemy.engine.Engine SELECT staff_messages.id, staff_messages.practice_id, staff_messages.staff_user_id, staff_messages.sender_id, staff_messages.body, staff_messages.created_at 
FROM staff_messages 
WHERE staff_messages.practice_id = $1::UUID AND staff_messages.staff_user_id = $2::UUID ORDER BY staff_messages.created_at ASC
2026-08-31 16:07:36,041 INFO sqlalchemy.engine.Engine [cached since 1385s ago] (UUID('4d1123f3-3ba2-42f3-b584-a5009c7b3e39'), UUID('b93c25bd-5371-4223-a5a5-e92b554168b8'))
2026-08-31 16:07:36,044 INFO sqlalchemy.engine.Engine SELECT users.id AS users_id, users.practice_id AS users_practice_id, users.clerk_id AS users_clerk_id, users.email AS users_email, users.name AS users_name, users.role AS users_role, users.phone AS users_phone, users.is_active AS users_is_active, users.permissions AS users_permissions, users.is_platform_admin AS users_is_platform_admin, users.created_at AS users_created_at, users.updated_at AS users_updated_at 
FROM users 
WHERE users.id IN ($1::UUID)
2026-08-31 16:07:36,044 INFO sqlalchemy.engine.Engine [generated in 0.00047s] (UUID('7a8e4484-f378-4080-bd7f-e1a399b2254e'),)
2026-08-31 16:07:36,047 INFO sqlalchemy.engine.Engine COMMIT
INFO:     127.0.0.1:56034 - "GET /api/v1/staff-messages/me HTTP/1.1" 200 OK
2026-08-31 16:07:41,020 INFO sqlalchemy.engine.Engine BEGIN (implicit)
2026-08-31 16:07:41,024 INFO sqlalchemy.engine.Engine SELECT users.id, users.practice_id, users.clerk_id, users.email, users.name, users.role, users.phone, users.is_active, users.permissions, users.is_platform_admin, users.created_at, users.updated_at 
FROM users 
WHERE users.clerk_id = $1::VARCHAR
2026-08-31 16:07:41,024 INFO sqlalchemy.engine.Engine [cached since 1510s ago] ('user_3Idz3lR4nUx32RQ08fmzLywvcaV',)
2026-08-31 16:07:41,028 INFO sqlalchemy.engine.Engine SELECT pending_doctor_requests.id, pending_doctor_requests.practice_id, pending_doctor_requests.clerk_id, pending_doctor_requests.name, pending_doctor_requests.email, pending_doctor_requests.phone, pending_doctor_requests.specialty, pending_doctor_requests.license_number, pending_doctor_requests.bio, pending_doctor_requests.photo_url, pending_doctor_requests.documents, pending_doctor_requests.status, pending_doctor_requests.rejected_reason, pending_doctor_requests.doctor_id, pending_doctor_requests.submitted_at, pending_doctor_requests.reviewed_at 
FROM pending_doctor_requests 
WHERE pending_doctor_requests.clerk_id = $1::VARCHAR
2026-08-31 16:07:41,029 INFO sqlalchemy.engine.Engine [cached since 1510s ago] ('user_3Idz3lR4nUx32RQ08fmzLywvcaV',)
2026-08-31 16:07:41,031 INFO sqlalchemy.engine.Engine COMMIT
INFO:     127.0.0.1:56039 - "GET /api/v1/doctor-applications/me HTTP/1.1" 200 OK
2026-08-31 16:07:50,043 INFO sqlalchemy.engine.Engine BEGIN (implicit)
2026-08-31 16:07:50,043 INFO sqlalchemy.engine.Engine SELECT users.id, users.practice_id, users.clerk_id, users.email, users.name, users.role, users.phone, users.is_active, users.permissions, users.is_platform_admin, users.created_at, users.updated_at 
FROM users 
WHERE users.clerk_id = $1::VARCHAR
2026-08-31 16:07:50,044 INFO sqlalchemy.engine.Engine [cached since 1519s ago] ('user_3Idz3lR4nUx32RQ08fmzLywvcaV',)
2026-08-31 16:07:50,046 INFO sqlalchemy.engine.Engine SELECT pending_doctor_requests.id, pending_doctor_requests.practice_id, pending_doctor_requests.clerk_id, pending_doctor_requests.name, pending_doctor_requests.email, pending_doctor_requests.phone, pending_doctor_requests.specialty, pending_doctor_requests.license_number, pending_doctor_requests.bio, pending_doctor_requests.photo_url, pending_doctor_requests.documents, pending_doctor_requests.status, pending_doctor_requests.rejected_reason, pending_doctor_requests.doctor_id, pending_doctor_requests.submitted_at, pending_doctor_requests.reviewed_at 
FROM pending_doctor_requests 
WHERE pending_doctor_requests.clerk_id = $1::VARCHAR
2026-08-31 16:07:50,046 INFO sqlalchemy.engine.Engine [cached since 1519s ago] ('user_3Idz3lR4nUx32RQ08fmzLywvcaV',)
2026-08-31 16:07:50,048 INFO sqlalchemy.engine.Engine COMMIT
INFO:     127.0.0.1:56042 - "GET /api/v1/doctor-applications/me HTTP/1.1" 200 OK
2026-08-31 16:07:59,365 INFO sqlalchemy.engine.Engine BEGIN (implicit)
2026-08-31 16:07:59,366 INFO sqlalchemy.engine.Engine SELECT users.id, users.practice_id, users.clerk_id, users.email, users.name, users.role, users.phone, users.is_active, users.permissions, users.is_platform_admin, users.created_at, users.updated_at 
FROM users 
WHERE users.clerk_id = $1::VARCHAR
2026-08-31 16:07:59,367 INFO sqlalchemy.engine.Engine [cached since 1528s ago] ('user_3Idz3lR4nUx32RQ08fmzLywvcaV',)
2026-08-31 16:07:59,370 INFO sqlalchemy.engine.Engine SELECT pending_doctor_requests.id, pending_doctor_requests.practice_id, pending_doctor_requests.clerk_id, pending_doctor_requests.name, pending_doctor_requests.email, pending_doctor_requests.phone, pending_doctor_requests.specialty, pending_doctor_requests.license_number, pending_doctor_requests.bio, pending_doctor_requests.photo_url, pending_doctor_requests.documents, pending_doctor_requests.status, pending_doctor_requests.rejected_reason, pending_doctor_requests.doctor_id, pending_doctor_requests.submitted_at, pending_doctor_requests.reviewed_at 
FROM pending_doctor_requests 
WHERE pending_doctor_requests.clerk_id = $1::VARCHAR
2026-08-31 16:07:59,371 INFO sqlalchemy.engine.Engine [cached since 1528s ago] ('user_3Idz3lR4nUx32RQ08fmzLywvcaV',)
2026-08-31 16:07:59,373 INFO sqlalchemy.engine.Engine COMMIT
INFO:     127.0.0.1:56045 - "GET /api/v1/doctor-applications/me HTTP/1.1" 200 OK
2026-08-31 16:08:08,590 INFO sqlalchemy.engine.Engine BEGIN (implicit)
2026-08-31 16:08:08,592 INFO sqlalchemy.engine.Engine SELECT users.id, users.practice_id, users.clerk_id, users.email, users.name, users.role, users.phone, users.is_active, users.permissions, users.is_platform_admin, users.created_at, users.updated_at 
FROM users 
WHERE users.clerk_id = $1::VARCHAR
2026-08-31 16:08:08,592 INFO sqlalchemy.engine.Engine [cached since 1538s ago] ('user_3Idz3lR4nUx32RQ08fmzLywvcaV',)
2026-08-31 16:08:08,599 INFO sqlalchemy.engine.Engine SELECT pending_doctor_requests.id, pending_doctor_requests.practice_id, pending_doctor_requests.clerk_id, pending_doctor_requests.name, pending_doctor_requests.email, pending_doctor_requests.phone, pending_doctor_requests.specialty, pending_doctor_requests.license_number, pending_doctor_requests.bio, pending_doctor_requests.photo_url, pending_doctor_requests.documents, pending_doctor_requests.status, pending_doctor_requests.rejected_reason, pending_doctor_requests.doctor_id, pending_doctor_requests.submitted_at, pending_doctor_requests.reviewed_at 
FROM pending_doctor_requests 
WHERE pending_doctor_requests.clerk_id = $1::VARCHAR
2026-08-31 16:08:08,599 INFO sqlalchemy.engine.Engine [cached since 1538s ago] ('user_3Idz3lR4nUx32RQ08fmzLywvcaV',)
2026-08-31 16:08:08,604 INFO sqlalchemy.engine.Engine COMMIT
INFO:     127.0.0.1:56048 - "GET /api/v1/doctor-applications/me HTTP/1.1" 200 OK
2026-08-31 16:08:14,698 INFO sqlalchemy.engine.Engine BEGIN (implicit)
2026-08-31 16:08:14,699 INFO sqlalchemy.engine.Engine SELECT users.id, users.practice_id, users.clerk_id, users.email, users.name, users.role, users.phone, users.is_active, users.permissions, users.is_platform_admin, users.created_at, users.updated_at 
FROM users 
WHERE users.clerk_id = $1::VARCHAR
2026-08-31 16:08:14,700 INFO sqlalchemy.engine.Engine [cached since 1544s ago] ('user_3Idz3tQrP5vUET2Tr73OtYcK5Vw',)
2026-08-31 16:08:14,707 INFO sqlalchemy.engine.Engine SELECT users.id, users.practice_id, users.clerk_id, users.email, users.name, users.role, users.phone, users.is_active, users.permissions, users.is_platform_admin, users.created_at, users.updated_at 
FROM users 
WHERE users.id = $1::UUID AND users.practice_id = $2::UUID AND users.role != $3::userrole
2026-08-31 16:08:14,708 INFO sqlalchemy.engine.Engine [cached since 1424s ago] (UUID('b93c25bd-5371-4223-a5a5-e92b554168b8'), UUID('4d1123f3-3ba2-42f3-b584-a5009c7b3e39'), 'OWNER')
2026-08-31 16:08:14,710 INFO sqlalchemy.engine.Engine INSERT INTO staff_messages (id, practice_id, staff_user_id, sender_id, body) VALUES ($1::UUID, $2::UUID, $3::UUID, $4::UUID, $5::VARCHAR) RETURNING staff_messages.created_at
2026-08-31 16:08:14,710 INFO sqlalchemy.engine.Engine [cached since 1357s ago] (UUID('05b73e3d-1516-495b-b197-6ceeb61c45c2'), UUID('4d1123f3-3ba2-42f3-b584-a5009c7b3e39'), UUID('b93c25bd-5371-4223-a5a5-e92b554168b8'), UUID('b93c25bd-5371-4223-a5a5-e92b554168b8'), 'Yes Sir i will send you details give me some more time')
2026-08-31 16:08:14,712 INFO sqlalchemy.engine.Engine SELECT staff_messages.id, staff_messages.practice_id, staff_messages.staff_user_id, staff_messages.sender_id, staff_messages.body, staff_messages.created_at 
FROM staff_messages 
WHERE staff_messages.id = $1::UUID
2026-08-31 16:08:14,713 INFO sqlalchemy.engine.Engine [cached since 1357s ago] (UUID('05b73e3d-1516-495b-b197-6ceeb61c45c2'),)
2026-08-31 16:08:14,714 INFO sqlalchemy.engine.Engine COMMIT
INFO:     127.0.0.1:56052 - "POST /api/v1/staff-messages/me HTTP/1.1" 200 OK
2026-08-31 16:08:17,365 INFO sqlalchemy.engine.Engine BEGIN (implicit)
2026-08-31 16:08:17,366 INFO sqlalchemy.engine.Engine SELECT users.id, users.practice_id, users.clerk_id, users.email, users.name, users.role, users.phone, users.is_active, users.permissions, users.is_platform_admin, users.created_at, users.updated_at 
FROM users 
WHERE users.clerk_id = $1::VARCHAR
2026-08-31 16:08:17,366 INFO sqlalchemy.engine.Engine [cached since 1546s ago] ('user_3Idz3lR4nUx32RQ08fmzLywvcaV',)
2026-08-31 16:08:17,370 INFO sqlalchemy.engine.Engine SELECT pending_doctor_requests.id, pending_doctor_requests.practice_id, pending_doctor_requests.clerk_id, pending_doctor_requests.name, pending_doctor_requests.email, pending_doctor_requests.phone, pending_doctor_requests.specialty, pending_doctor_requests.license_number, pending_doctor_requests.bio, pending_doctor_requests.photo_url, pending_doctor_requests.documents, pending_doctor_requests.status, pending_doctor_requests.rejected_reason, pending_doctor_requests.doctor_id, pending_doctor_requests.submitted_at, pending_doctor_requests.reviewed_at 
FROM pending_doctor_requests 
WHERE pending_doctor_requests.clerk_id = $1::VARCHAR
2026-08-31 16:08:17,370 INFO sqlalchemy.engine.Engine [cached since 1546s ago] ('user_3Idz3lR4nUx32RQ08fmzLywvcaV',)
2026-08-31 16:08:17,373 INFO sqlalchemy.engine.Engine COMMIT
INFO:     127.0.0.1:56054 - "GET /api/v1/doctor-applications/me HTTP/1.1" 200 OK
2026-08-31 16:08:18,255 INFO sqlalchemy.engine.Engine BEGIN (implicit)
2026-08-31 16:08:18,256 INFO sqlalchemy.engine.Engine SELECT users.id, users.practice_id, users.clerk_id, users.email, users.name, users.role, users.phone, users.is_active, users.permissions, users.is_platform_admin, users.created_at, users.updated_at 
FROM users 
WHERE users.clerk_id = $1::VARCHAR
2026-08-31 16:08:18,256 INFO sqlalchemy.engine.Engine [cached since 1547s ago] ('user_3IJjXjFLcG4qaagJWxQnHqHoXEr',)
2026-08-31 16:08:18,261 INFO sqlalchemy.engine.Engine SELECT users.id, users.practice_id, users.clerk_id, users.email, users.name, users.role, users.phone, users.is_active, users.permissions, users.is_platform_admin, users.created_at, users.updated_at 
FROM users 
WHERE users.practice_id = $1::UUID AND users.role != $2::userrole AND users.is_active = true
2026-08-31 16:08:18,261 INFO sqlalchemy.engine.Engine [cached since 1430s ago] (UUID('4d1123f3-3ba2-42f3-b584-a5009c7b3e39'), 'OWNER')
2026-08-31 16:08:18,267 INFO sqlalchemy.engine.Engine SELECT staff_messages.staff_user_id, count(*) AS count_1 
FROM staff_messages 
WHERE staff_messages.practice_id = $1::UUID AND staff_messages.staff_user_id IN ($2::UUID, $3::UUID) GROUP BY staff_messages.staff_user_id
2026-08-31 16:08:18,267 INFO sqlalchemy.engine.Engine [cached since 1430s ago] (UUID('4d1123f3-3ba2-42f3-b584-a5009c7b3e39'), UUID('52bb08fd-2cc6-4725-b2f0-c8ac8053e350'), UUID('b93c25bd-5371-4223-a5a5-e92b554168b8'))
2026-08-31 16:08:18,273 INFO sqlalchemy.engine.Engine SELECT staff_messages.id, staff_messages.practice_id, staff_messages.staff_user_id, staff_messages.sender_id, staff_messages.body, staff_messages.created_at 
FROM staff_messages 
WHERE staff_messages.practice_id = $1::UUID AND staff_messages.staff_user_id IN ($2::UUID, $3::UUID) ORDER BY staff_messages.staff_user_id, staff_messages.created_at DESC
2026-08-31 16:08:18,273 INFO sqlalchemy.engine.Engine [cached since 1430s ago] (UUID('4d1123f3-3ba2-42f3-b584-a5009c7b3e39'), UUID('52bb08fd-2cc6-4725-b2f0-c8ac8053e350'), UUID('b93c25bd-5371-4223-a5a5-e92b554168b8'))
2026-08-31 16:08:18,277 INFO sqlalchemy.engine.Engine COMMIT
INFO:     127.0.0.1:56057 - "GET /api/v1/staff-messages/threads HTTP/1.1" 200 OK
2026-08-31 16:08:20,661 INFO sqlalchemy.engine.Engine BEGIN (implicit)
2026-08-31 16:08:20,661 INFO sqlalchemy.engine.Engine SELECT users.id, users.practice_id, users.clerk_id, users.email, users.name, users.role, users.phone, users.is_active, users.permissions, users.is_platform_admin, users.created_at, users.updated_at 
FROM users 
WHERE users.clerk_id = $1::VARCHAR
2026-08-31 16:08:20,661 INFO sqlalchemy.engine.Engine [cached since 1550s ago] ('user_3IJjXjFLcG4qaagJWxQnHqHoXEr',)
2026-08-31 16:08:21,058 INFO sqlalchemy.engine.Engine BEGIN (implicit)
2026-08-31 16:08:21,059 INFO sqlalchemy.engine.Engine SELECT users.id, users.practice_id, users.clerk_id, users.email, users.name, users.role, users.phone, users.is_active, users.permissions, users.is_platform_admin, users.created_at, users.updated_at 
FROM users 
WHERE users.clerk_id = $1::VARCHAR
2026-08-31 16:08:21,059 INFO sqlalchemy.engine.Engine [cached since 1550s ago] ('user_3IJjXjFLcG4qaagJWxQnHqHoXEr',)
2026-08-31 16:08:21,060 INFO sqlalchemy.engine.Engine SELECT users.id, users.practice_id, users.clerk_id, users.email, users.name, users.role, users.phone, users.is_active, users.permissions, users.is_platform_admin, users.created_at, users.updated_at 
FROM users 
WHERE users.practice_id = $1::UUID AND users.role != $2::userrole AND users.is_active = true
2026-08-31 16:08:21,060 INFO sqlalchemy.engine.Engine [cached since 1433s ago] (UUID('4d1123f3-3ba2-42f3-b584-a5009c7b3e39'), 'OWNER')
2026-08-31 16:08:21,061 INFO sqlalchemy.engine.Engine SELECT users.id, users.practice_id, users.clerk_id, users.email, users.name, users.role, users.phone, users.is_active, users.permissions, users.is_platform_admin, users.created_at, users.updated_at 
FROM users 
WHERE users.id = $1::UUID AND users.practice_id = $2::UUID AND users.role != $3::userrole
2026-08-31 16:08:21,062 INFO sqlalchemy.engine.Engine [cached since 1431s ago] (UUID('b93c25bd-5371-4223-a5a5-e92b554168b8'), UUID('4d1123f3-3ba2-42f3-b584-a5009c7b3e39'), 'OWNER')
2026-08-31 16:08:21,063 INFO sqlalchemy.engine.Engine SELECT staff_messages.staff_user_id, count(*) AS count_1 
FROM staff_messages 
WHERE staff_messages.practice_id = $1::UUID AND staff_messages.staff_user_id IN ($2::UUID, $3::UUID) GROUP BY staff_messages.staff_user_id
2026-08-31 16:08:21,063 INFO sqlalchemy.engine.Engine [cached since 1433s ago] (UUID('4d1123f3-3ba2-42f3-b584-a5009c7b3e39'), UUID('52bb08fd-2cc6-4725-b2f0-c8ac8053e350'), UUID('b93c25bd-5371-4223-a5a5-e92b554168b8'))
2026-08-31 16:08:21,065 INFO sqlalchemy.engine.Engine SELECT staff_messages.id, staff_messages.practice_id, staff_messages.staff_user_id, staff_messages.sender_id, staff_messages.body, staff_messages.created_at 
FROM staff_messages 
WHERE staff_messages.practice_id = $1::UUID AND staff_messages.staff_user_id = $2::UUID ORDER BY staff_messages.created_at ASC
2026-08-31 16:08:21,065 INFO sqlalchemy.engine.Engine [cached since 1431s ago] (UUID('4d1123f3-3ba2-42f3-b584-a5009c7b3e39'), UUID('b93c25bd-5371-4223-a5a5-e92b554168b8'))
2026-08-31 16:08:21,066 INFO sqlalchemy.engine.Engine SELECT staff_messages.id, staff_messages.practice_id, staff_messages.staff_user_id, staff_messages.sender_id, staff_messages.body, staff_messages.created_at 
FROM staff_messages 
WHERE staff_messages.practice_id = $1::UUID AND staff_messages.staff_user_id IN ($2::UUID, $3::UUID) ORDER BY staff_messages.staff_user_id, staff_messages.created_at DESC
2026-08-31 16:08:21,066 INFO sqlalchemy.engine.Engine [cached since 1433s ago] (UUID('4d1123f3-3ba2-42f3-b584-a5009c7b3e39'), UUID('52bb08fd-2cc6-4725-b2f0-c8ac8053e350'), UUID('b93c25bd-5371-4223-a5a5-e92b554168b8'))
2026-08-31 16:08:21,068 INFO sqlalchemy.engine.Engine COMMIT
INFO:     127.0.0.1:56057 - "GET /api/v1/staff-messages/threads HTTP/1.1" 200 OK
2026-08-31 16:08:21,071 INFO sqlalchemy.engine.Engine SELECT users.id AS users_id, users.practice_id AS users_practice_id, users.clerk_id AS users_clerk_id, users.email AS users_email, users.name AS users_name, users.role AS users_role, users.phone AS users_phone, users.is_active AS users_is_active, users.permissions AS users_permissions, users.is_platform_admin AS users_is_platform_admin, users.created_at AS users_created_at, users.updated_at AS users_updated_at 
FROM users 
WHERE users.id IN ($1::UUID, $2::UUID)
2026-08-31 16:08:21,071 INFO sqlalchemy.engine.Engine [cached since 45.03s ago] (UUID('7a8e4484-f378-4080-bd7f-e1a399b2254e'), UUID('b93c25bd-5371-4223-a5a5-e92b554168b8'))
2026-08-31 16:08:21,073 INFO sqlalchemy.engine.Engine COMMIT
INFO:     127.0.0.1:56059 - "GET /api/v1/staff-messages/b93c25bd-5371-4223-a5a5-e92b554168b8 HTTP/1.1" 200 OK
2026-08-31 16:08:26,026 INFO sqlalchemy.engine.Engine BEGIN (implicit)
2026-08-31 16:08:26,027 INFO sqlalchemy.engine.Engine SELECT users.id, users.practice_id, users.clerk_id, users.email, users.name, users.role, users.phone, users.is_active, users.permissions, users.is_platform_admin, users.created_at, users.updated_at 
FROM users 
WHERE users.clerk_id = $1::VARCHAR
2026-08-31 16:08:26,027 INFO sqlalchemy.engine.Engine [cached since 1555s ago] ('user_3Idz3lR4nUx32RQ08fmzLywvcaV',)
2026-08-31 16:08:26,032 INFO sqlalchemy.engine.Engine SELECT pending_doctor_requests.id, pending_doctor_requests.practice_id, pending_doctor_requests.clerk_id, pending_doctor_requests.name, pending_doctor_requests.email, pending_doctor_requests.phone, pending_doctor_requests.specialty, pending_doctor_requests.license_number, pending_doctor_requests.bio, pending_doctor_requests.photo_url, pending_doctor_requests.documents, pending_doctor_requests.status, pending_doctor_requests.rejected_reason, pending_doctor_requests.doctor_id, pending_doctor_requests.submitted_at, pending_doctor_requests.reviewed_at 
FROM pending_doctor_requests 
WHERE pending_doctor_requests.clerk_id = $1::VARCHAR
2026-08-31 16:08:26,033 INFO sqlalchemy.engine.Engine [cached since 1555s ago] ('user_3Idz3lR4nUx32RQ08fmzLywvcaV',)
2026-08-31 16:08:26,037 INFO sqlalchemy.engine.Engine COMMIT
INFO:     127.0.0.1:56063 - "GET /api/v1/doctor-applications/me HTTP/1.1" 200 OK
2026-08-31 16:08:27,323 INFO sqlalchemy.engine.Engine BEGIN (implicit)
2026-08-31 16:08:27,324 INFO sqlalchemy.engine.Engine SELECT users.id, users.practice_id, users.clerk_id, users.email, users.name, users.role, users.phone, users.is_active, users.permissions, users.is_platform_admin, users.created_at, users.updated_at 
FROM users 
WHERE users.clerk_id = $1::VARCHAR
2026-08-31 16:08:27,324 INFO sqlalchemy.engine.Engine [cached since 1556s ago] ('user_3IJjXjFLcG4qaagJWxQnHqHoXEr',)
2026-08-31 16:08:27,327 INFO sqlalchemy.engine.Engine SELECT users.id, users.practice_id, users.clerk_id, users.email, users.name, users.role, users.phone, users.is_active, users.permissions, users.is_platform_admin, users.created_at, users.updated_at 
FROM users 
WHERE users.practice_id = $1::UUID AND users.role != $2::userrole AND users.is_active = true
2026-08-31 16:08:27,327 INFO sqlalchemy.engine.Engine [cached since 1439s ago] (UUID('4d1123f3-3ba2-42f3-b584-a5009c7b3e39'), 'OWNER')
2026-08-31 16:08:27,330 INFO sqlalchemy.engine.Engine SELECT staff_messages.staff_user_id, count(*) AS count_1 
FROM staff_messages 
WHERE staff_messages.practice_id = $1::UUID AND staff_messages.staff_user_id IN ($2::UUID, $3::UUID) GROUP BY staff_messages.staff_user_id
2026-08-31 16:08:27,330 INFO sqlalchemy.engine.Engine [cached since 1439s ago] (UUID('4d1123f3-3ba2-42f3-b584-a5009c7b3e39'), UUID('52bb08fd-2cc6-4725-b2f0-c8ac8053e350'), UUID('b93c25bd-5371-4223-a5a5-e92b554168b8'))
2026-08-31 16:08:27,332 INFO sqlalchemy.engine.Engine SELECT staff_messages.id, staff_messages.practice_id, staff_messages.staff_user_id, staff_messages.sender_id, staff_messages.body, staff_messages.created_at 
FROM staff_messages 
WHERE staff_messages.practice_id = $1::UUID AND staff_messages.staff_user_id IN ($2::UUID, $3::UUID) ORDER BY staff_messages.staff_user_id, staff_messages.created_at DESC
2026-08-31 16:08:27,332 INFO sqlalchemy.engine.Engine [cached since 1439s ago] (UUID('4d1123f3-3ba2-42f3-b584-a5009c7b3e39'), UUID('52bb08fd-2cc6-4725-b2f0-c8ac8053e350'), UUID('b93c25bd-5371-4223-a5a5-e92b554168b8'))
2026-08-31 16:08:27,333 INFO sqlalchemy.engine.Engine COMMIT
INFO:     127.0.0.1:56065 - "GET /api/v1/staff-messages/threads HTTP/1.1" 200 OK
2026-08-31 16:08:37,092 INFO sqlalchemy.engine.Engine BEGIN (implicit)
2026-08-31 16:08:37,094 INFO sqlalchemy.engine.Engine SELECT users.id, users.practice_id, users.clerk_id, users.email, users.name, users.role, users.phone, users.is_active, users.permissions, users.is_platform_admin, users.created_at, users.updated_at 
FROM users 
WHERE users.clerk_id = $1::VARCHAR
2026-08-31 16:08:37,095 INFO sqlalchemy.engine.Engine [cached since 1566s ago] ('user_3IJjXjFLcG4qaagJWxQnHqHoXEr',)
2026-08-31 16:08:37,181 INFO sqlalchemy.engine.Engine BEGIN (implicit)
2026-08-31 16:08:37,182 INFO sqlalchemy.engine.Engine SELECT users.id, users.practice_id, users.clerk_id, users.email, users.name, users.role, users.phone, users.is_active, users.permissions, users.is_platform_admin, users.created_at, users.updated_at 
FROM users 
WHERE users.clerk_id = $1::VARCHAR
2026-08-31 16:08:37,182 INFO sqlalchemy.engine.Engine [cached since 1566s ago] ('user_3IJjXjFLcG4qaagJWxQnHqHoXEr',)
2026-08-31 16:08:37,242 INFO sqlalchemy.engine.Engine BEGIN (implicit)
2026-08-31 16:08:37,243 INFO sqlalchemy.engine.Engine SELECT users.id, users.practice_id, users.clerk_id, users.email, users.name, users.role, users.phone, users.is_active, users.permissions, users.is_platform_admin, users.created_at, users.updated_at 
FROM users 
WHERE users.clerk_id = $1::VARCHAR
2026-08-31 16:08:37,244 INFO sqlalchemy.engine.Engine [cached since 1566s ago] ('user_3Idz3lR4nUx32RQ08fmzLywvcaV',)
2026-08-31 16:08:37,249 INFO sqlalchemy.engine.Engine SELECT patients.id, patients.practice_id, patients.first_name, patients.last_name, patients.email, patients.phone, patients.date_of_birth, patients.medical_history, patients.consent_status, patients.plan_type, patients.chief_complaint, patients.needs_surgery, patients.ai_agent_assigned, patients.agent_status, patients.agent_cost, patients.lifecycle_stage, patients.lost_reason, patients.source, patients.created_at, patients.updated_at 
FROM patients 
WHERE patients.practice_id = $1::UUID ORDER BY patients.created_at DESC
2026-08-31 16:08:37,249 INFO sqlalchemy.engine.Engine [cached since 1543s ago] (UUID('4d1123f3-3ba2-42f3-b584-a5009c7b3e39'),)
2026-08-31 16:08:37,254 INFO sqlalchemy.engine.Engine SELECT users.id, users.practice_id, users.clerk_id, users.email, users.name, users.role, users.phone, users.is_active, users.permissions, users.is_platform_admin, users.created_at, users.updated_at 
FROM users 
WHERE users.practice_id = $1::UUID AND users.role != $2::userrole AND users.is_active = true
2026-08-31 16:08:37,254 INFO sqlalchemy.engine.Engine [cached since 1449s ago] (UUID('4d1123f3-3ba2-42f3-b584-a5009c7b3e39'), 'OWNER')
2026-08-31 16:08:37,257 INFO sqlalchemy.engine.Engine SELECT DISTINCT appointments.patient_id 
FROM appointments 
WHERE appointments.practice_id = $1::UUID AND appointments.patient_id IN ($4::UUID) AND appointments.start_time >= $2::TIMESTAMP WITH TIME ZONE AND appointments.status != $3::appointmentstatus
2026-08-31 16:08:37,257 INFO sqlalchemy.engine.Engine [cached since 1543s ago] (UUID('4d1123f3-3ba2-42f3-b584-a5009c7b3e39'), datetime.datetime(2026, 8, 31, 11, 8, 37, 255885, tzinfo=datetime.timezone.utc), 'CANCELLED', UUID('c4a9ef0d-7c8d-4da9-aaf7-e9e94a6fdc44'))
2026-08-31 16:08:37,259 INFO sqlalchemy.engine.Engine SELECT pending_doctor_requests.id, pending_doctor_requests.practice_id, pending_doctor_requests.clerk_id, pending_doctor_requests.name, pending_doctor_requests.email, pending_doctor_requests.phone, pending_doctor_requests.specialty, pending_doctor_requests.license_number, pending_doctor_requests.bio, pending_doctor_requests.photo_url, pending_doctor_requests.documents, pending_doctor_requests.status, pending_doctor_requests.rejected_reason, pending_doctor_requests.doctor_id, pending_doctor_requests.submitted_at, pending_doctor_requests.reviewed_at 
FROM pending_doctor_requests 
WHERE pending_doctor_requests.clerk_id = $1::VARCHAR
2026-08-31 16:08:37,259 INFO sqlalchemy.engine.Engine [cached since 1566s ago] ('user_3Idz3lR4nUx32RQ08fmzLywvcaV',)
2026-08-31 16:08:37,261 INFO sqlalchemy.engine.Engine SELECT staff_messages.staff_user_id, count(*) AS count_1 
FROM staff_messages 
WHERE staff_messages.practice_id = $1::UUID AND staff_messages.staff_user_id IN ($2::UUID, $3::UUID) GROUP BY staff_messages.staff_user_id
2026-08-31 16:08:37,261 INFO sqlalchemy.engine.Engine [cached since 1449s ago] (UUID('4d1123f3-3ba2-42f3-b584-a5009c7b3e39'), UUID('52bb08fd-2cc6-4725-b2f0-c8ac8053e350'), UUID('b93c25bd-5371-4223-a5a5-e92b554168b8'))
2026-08-31 16:08:37,263 INFO sqlalchemy.engine.Engine SELECT DISTINCT appointments.patient_id 
FROM appointments 
WHERE appointments.practice_id = $1::UUID AND appointments.patient_id IN ($3::UUID) AND appointments.status = $2::appointmentstatus
2026-08-31 16:08:37,263 INFO sqlalchemy.engine.Engine [cached since 1543s ago] (UUID('4d1123f3-3ba2-42f3-b584-a5009c7b3e39'), 'COMPLETED', UUID('c4a9ef0d-7c8d-4da9-aaf7-e9e94a6fdc44'))
2026-08-31 16:08:37,264 INFO sqlalchemy.engine.Engine COMMIT
2026-08-31 16:08:37,266 INFO sqlalchemy.engine.Engine SELECT staff_messages.id, staff_messages.practice_id, staff_messages.staff_user_id, staff_messages.sender_id, staff_messages.body, staff_messages.created_at 
FROM staff_messages 
WHERE staff_messages.practice_id = $1::UUID AND staff_messages.staff_user_id IN ($2::UUID, $3::UUID) ORDER BY staff_messages.staff_user_id, staff_messages.created_at DESC
2026-08-31 16:08:37,266 INFO sqlalchemy.engine.Engine [cached since 1449s ago] (UUID('4d1123f3-3ba2-42f3-b584-a5009c7b3e39'), UUID('52bb08fd-2cc6-4725-b2f0-c8ac8053e350'), UUID('b93c25bd-5371-4223-a5a5-e92b554168b8'))
2026-08-31 16:08:37,267 INFO sqlalchemy.engine.Engine COMMIT
2026-08-31 16:08:37,268 INFO sqlalchemy.engine.Engine COMMIT
INFO:     127.0.0.1:56069 - "GET /api/v1/doctor-applications/me HTTP/1.1" 200 OK
INFO:     127.0.0.1:56065 - "GET /api/v1/patients HTTP/1.1" 200 OK
INFO:     127.0.0.1:56067 - "GET /api/v1/staff-messages/threads HTTP/1.1" 200 OK
2026-08-31 16:08:38,966 INFO sqlalchemy.engine.Engine BEGIN (implicit)
2026-08-31 16:08:38,967 INFO sqlalchemy.engine.Engine SELECT users.id, users.practice_id, users.clerk_id, users.email, users.name, users.role, users.phone, users.is_active, users.permissions, users.is_platform_admin, users.created_at, users.updated_at 
FROM users 
WHERE users.clerk_id = $1::VARCHAR
2026-08-31 16:08:38,967 INFO sqlalchemy.engine.Engine [cached since 1568s ago] ('user_3IJjXjFLcG4qaagJWxQnHqHoXEr',)
2026-08-31 16:08:38,971 INFO sqlalchemy.engine.Engine SELECT users.id, users.practice_id, users.clerk_id, users.email, users.name, users.role, users.phone, users.is_active, users.permissions, users.is_platform_admin, users.created_at, users.updated_at 
FROM users 
WHERE users.practice_id = $1::UUID AND users.role != $2::userrole AND users.is_active = true
2026-08-31 16:08:38,971 INFO sqlalchemy.engine.Engine [cached since 1451s ago] (UUID('4d1123f3-3ba2-42f3-b584-a5009c7b3e39'), 'OWNER')
2026-08-31 16:08:38,975 INFO sqlalchemy.engine.Engine SELECT staff_messages.staff_user_id, count(*) AS count_1 
FROM staff_messages 
WHERE staff_messages.practice_id = $1::UUID AND staff_messages.staff_user_id IN ($2::UUID, $3::UUID) GROUP BY staff_messages.staff_user_id
2026-08-31 16:08:38,975 INFO sqlalchemy.engine.Engine [cached since 1451s ago] (UUID('4d1123f3-3ba2-42f3-b584-a5009c7b3e39'), UUID('52bb08fd-2cc6-4725-b2f0-c8ac8053e350'), UUID('b93c25bd-5371-4223-a5a5-e92b554168b8'))
2026-08-31 16:08:38,978 INFO sqlalchemy.engine.Engine SELECT staff_messages.id, staff_messages.practice_id, staff_messages.staff_user_id, staff_messages.sender_id, staff_messages.body, staff_messages.created_at 
FROM staff_messages 
WHERE staff_messages.practice_id = $1::UUID AND staff_messages.staff_user_id IN ($2::UUID, $3::UUID) ORDER BY staff_messages.staff_user_id, staff_messages.created_at DESC
2026-08-31 16:08:38,978 INFO sqlalchemy.engine.Engine [cached since 1451s ago] (UUID('4d1123f3-3ba2-42f3-b584-a5009c7b3e39'), UUID('52bb08fd-2cc6-4725-b2f0-c8ac8053e350'), UUID('b93c25bd-5371-4223-a5a5-e92b554168b8'))
2026-08-31 16:08:38,980 INFO sqlalchemy.engine.Engine COMMIT
INFO:     127.0.0.1:56067 - "GET /api/v1/staff-messages/threads HTTP/1.1" 200 OK
2026-08-31 16:08:50,326 INFO sqlalchemy.engine.Engine BEGIN (implicit)
2026-08-31 16:08:50,326 INFO sqlalchemy.engine.Engine SELECT users.id, users.practice_id, users.clerk_id, users.email, users.name, users.role, users.phone, users.is_active, users.permissions, users.is_platform_admin, users.created_at, users.updated_at 
FROM users 
WHERE users.clerk_id = $1::VARCHAR
2026-08-31 16:08:50,326 INFO sqlalchemy.engine.Engine [cached since 1579s ago] ('user_3Idz3lR4nUx32RQ08fmzLywvcaV',)
2026-08-31 16:08:50,328 INFO sqlalchemy.engine.Engine SELECT pending_doctor_requests.id, pending_doctor_requests.practice_id, pending_doctor_requests.clerk_id, pending_doctor_requests.name, pending_doctor_requests.email, pending_doctor_requests.phone, pending_doctor_requests.specialty, pending_doctor_requests.license_number, pending_doctor_requests.bio, pending_doctor_requests.photo_url, pending_doctor_requests.documents, pending_doctor_requests.status, pending_doctor_requests.rejected_reason, pending_doctor_requests.doctor_id, pending_doctor_requests.submitted_at, pending_doctor_requests.reviewed_at 
FROM pending_doctor_requests 
WHERE pending_doctor_requests.clerk_id = $1::VARCHAR
2026-08-31 16:08:50,328 INFO sqlalchemy.engine.Engine [cached since 1579s ago] ('user_3Idz3lR4nUx32RQ08fmzLywvcaV',)
2026-08-31 16:08:50,330 INFO sqlalchemy.engine.Engine COMMIT
INFO:     127.0.0.1:56075 - "GET /api/v1/doctor-applications/me HTTP/1.1" 200 OK
2026-08-31 16:08:59,090 INFO sqlalchemy.engine.Engine BEGIN (implicit)
2026-08-31 16:08:59,090 INFO sqlalchemy.engine.Engine SELECT users.id, users.practice_id, users.clerk_id, users.email, users.name, users.role, users.phone, users.is_active, users.permissions, users.is_platform_admin, users.created_at, users.updated_at 
FROM users 
WHERE users.clerk_id = $1::VARCHAR
2026-08-31 16:08:59,090 INFO sqlalchemy.engine.Engine [cached since 1588s ago] ('user_3Idz3lR4nUx32RQ08fmzLywvcaV',)
2026-08-31 16:08:59,167 INFO sqlalchemy.engine.Engine BEGIN (implicit)
2026-08-31 16:08:59,168 INFO sqlalchemy.engine.Engine SELECT users.id, users.practice_id, users.clerk_id, users.email, users.name, users.role, users.phone, users.is_active, users.permissions, users.is_platform_admin, users.created_at, users.updated_at 
FROM users 
WHERE users.clerk_id = $1::VARCHAR
2026-08-31 16:08:59,168 INFO sqlalchemy.engine.Engine [cached since 1588s ago] ('user_3IJjXjFLcG4qaagJWxQnHqHoXEr',)
2026-08-31 16:08:59,169 INFO sqlalchemy.engine.Engine SELECT pending_doctor_requests.id, pending_doctor_requests.practice_id, pending_doctor_requests.clerk_id, pending_doctor_requests.name, pending_doctor_requests.email, pending_doctor_requests.phone, pending_doctor_requests.specialty, pending_doctor_requests.license_number, pending_doctor_requests.bio, pending_doctor_requests.photo_url, pending_doctor_requests.documents, pending_doctor_requests.status, pending_doctor_requests.rejected_reason, pending_doctor_requests.doctor_id, pending_doctor_requests.submitted_at, pending_doctor_requests.reviewed_at 
FROM pending_doctor_requests 
WHERE pending_doctor_requests.clerk_id = $1::VARCHAR
2026-08-31 16:08:59,169 INFO sqlalchemy.engine.Engine [cached since 1588s ago] ('user_3Idz3lR4nUx32RQ08fmzLywvcaV',)
2026-08-31 16:08:59,170 INFO sqlalchemy.engine.Engine COMMIT
2026-08-31 16:08:59,171 INFO sqlalchemy.engine.Engine SELECT patients.id, patients.practice_id, patients.first_name, patients.last_name, patients.email, patients.phone, patients.date_of_birth, patients.medical_history, patients.consent_status, patients.plan_type, patients.chief_complaint, patients.needs_surgery, patients.ai_agent_assigned, patients.agent_status, patients.agent_cost, patients.lifecycle_stage, patients.lost_reason, patients.source, patients.created_at, patients.updated_at 
FROM patients 
WHERE patients.practice_id = $1::UUID ORDER BY patients.created_at DESC
2026-08-31 16:08:59,171 INFO sqlalchemy.engine.Engine [cached since 1565s ago] (UUID('4d1123f3-3ba2-42f3-b584-a5009c7b3e39'),)
2026-08-31 16:08:59,173 INFO sqlalchemy.engine.Engine SELECT DISTINCT appointments.patient_id 
FROM appointments 
WHERE appointments.practice_id = $1::UUID AND appointments.patient_id IN ($4::UUID) AND appointments.start_time >= $2::TIMESTAMP WITH TIME ZONE AND appointments.status != $3::appointmentstatus
2026-08-31 16:08:59,173 INFO sqlalchemy.engine.Engine [cached since 1565s ago] (UUID('4d1123f3-3ba2-42f3-b584-a5009c7b3e39'), datetime.datetime(2026, 8, 31, 11, 8, 59, 172662, tzinfo=datetime.timezone.utc), 'CANCELLED', UUID('c4a9ef0d-7c8d-4da9-aaf7-e9e94a6fdc44'))
INFO:     127.0.0.1:56079 - "GET /api/v1/doctor-applications/me HTTP/1.1" 200 OK
2026-08-31 16:08:59,175 INFO sqlalchemy.engine.Engine SELECT DISTINCT appointments.patient_id 
FROM appointments 
WHERE appointments.practice_id = $1::UUID AND appointments.patient_id IN ($3::UUID) AND appointments.status = $2::appointmentstatus
2026-08-31 16:08:59,176 INFO sqlalchemy.engine.Engine [cached since 1565s ago] (UUID('4d1123f3-3ba2-42f3-b584-a5009c7b3e39'), 'COMPLETED', UUID('c4a9ef0d-7c8d-4da9-aaf7-e9e94a6fdc44'))
2026-08-31 16:08:59,177 INFO sqlalchemy.engine.Engine COMMIT
INFO:     127.0.0.1:56080 - "GET /api/v1/patients HTTP/1.1" 200 OK
2026-08-31 16:09:07,984 INFO sqlalchemy.engine.Engine BEGIN (implicit)
2026-08-31 16:09:07,984 INFO sqlalchemy.engine.Engine SELECT users.id, users.practice_id, users.clerk_id, users.email, users.name, users.role, users.phone, users.is_active, users.permissions, users.is_platform_admin, users.created_at, users.updated_at 
FROM users 
WHERE users.clerk_id = $1::VARCHAR
2026-08-31 16:09:07,984 INFO sqlalchemy.engine.Engine [cached since 1597s ago] ('user_3Idz3lR4nUx32RQ08fmzLywvcaV',)
2026-08-31 16:09:07,986 INFO sqlalchemy.engine.Engine SELECT pending_doctor_requests.id, pending_doctor_requests.practice_id, pending_doctor_requests.clerk_id, pending_doctor_requests.name, pending_doctor_requests.email, pending_doctor_requests.phone, pending_doctor_requests.specialty, pending_doctor_requests.license_number, pending_doctor_requests.bio, pending_doctor_requests.photo_url, pending_doctor_requests.documents, pending_doctor_requests.status, pending_doctor_requests.rejected_reason, pending_doctor_requests.doctor_id, pending_doctor_requests.submitted_at, pending_doctor_requests.reviewed_at 
FROM pending_doctor_requests 
WHERE pending_doctor_requests.clerk_id = $1::VARCHAR
2026-08-31 16:09:07,986 INFO sqlalchemy.engine.Engine [cached since 1597s ago] ('user_3Idz3lR4nUx32RQ08fmzLywvcaV',)
2026-08-31 16:09:07,987 INFO sqlalchemy.engine.Engine COMMIT
INFO:     127.0.0.1:56084 - "GET /api/v1/doctor-applications/me HTTP/1.1" 200 OK
2026-08-31 16:09:17,347 INFO sqlalchemy.engine.Engine BEGIN (implicit)
2026-08-31 16:09:17,348 INFO sqlalchemy.engine.Engine SELECT users.id, users.practice_id, users.clerk_id, users.email, users.name, users.role, users.phone, users.is_active, users.permissions, users.is_platform_admin, users.created_at, users.updated_at 
FROM users 
WHERE users.clerk_id = $1::VARCHAR
2026-08-31 16:09:17,349 INFO sqlalchemy.engine.Engine [cached since 1606s ago] ('user_3Idz3lR4nUx32RQ08fmzLywvcaV',)
2026-08-31 16:09:17,352 INFO sqlalchemy.engine.Engine SELECT pending_doctor_requests.id, pending_doctor_requests.practice_id, pending_doctor_requests.clerk_id, pending_doctor_requests.name, pending_doctor_requests.email, pending_doctor_requests.phone, pending_doctor_requests.specialty, pending_doctor_requests.license_number, pending_doctor_requests.bio, pending_doctor_requests.photo_url, pending_doctor_requests.documents, pending_doctor_requests.status, pending_doctor_requests.rejected_reason, pending_doctor_requests.doctor_id, pending_doctor_requests.submitted_at, pending_doctor_requests.reviewed_at 
FROM pending_doctor_requests 
WHERE pending_doctor_requests.clerk_id = $1::VARCHAR
2026-08-31 16:09:17,353 INFO sqlalchemy.engine.Engine [cached since 1606s ago] ('user_3Idz3lR4nUx32RQ08fmzLywvcaV',)
2026-08-31 16:09:17,354 INFO sqlalchemy.engine.Engine COMMIT
INFO:     127.0.0.1:56087 - "GET /api/v1/doctor-applications/me HTTP/1.1" 200 OK
2026-08-31 16:09:26,332 INFO sqlalchemy.engine.Engine BEGIN (implicit)
2026-08-31 16:09:26,332 INFO sqlalchemy.engine.Engine SELECT users.id, users.practice_id, users.clerk_id, users.email, users.name, users.role, users.phone, users.is_active, users.permissions, users.is_platform_admin, users.created_at, users.updated_at 
FROM users 
WHERE users.clerk_id = $1::VARCHAR
2026-08-31 16:09:26,332 INFO sqlalchemy.engine.Engine [cached since 1615s ago] ('user_3Idz3lR4nUx32RQ08fmzLywvcaV',)
2026-08-31 16:09:26,334 INFO sqlalchemy.engine.Engine SELECT pending_doctor_requests.id, pending_doctor_requests.practice_id, pending_doctor_requests.clerk_id, pending_doctor_requests.name, pending_doctor_requests.email, pending_doctor_requests.phone, pending_doctor_requests.specialty, pending_doctor_requests.license_number, pending_doctor_requests.bio, pending_doctor_requests.photo_url, pending_doctor_requests.documents, pending_doctor_requests.status, pending_doctor_requests.rejected_reason, pending_doctor_requests.doctor_id, pending_doctor_requests.submitted_at, pending_doctor_requests.reviewed_at 
FROM pending_doctor_requests 
WHERE pending_doctor_requests.clerk_id = $1::VARCHAR
2026-08-31 16:09:26,334 INFO sqlalchemy.engine.Engine [cached since 1615s ago] ('user_3Idz3lR4nUx32RQ08fmzLywvcaV',)
2026-08-31 16:09:26,335 INFO sqlalchemy.engine.Engine COMMIT
INFO:     127.0.0.1:56090 - "GET /api/v1/doctor-applications/me HTTP/1.1" 200 OK
2026-08-31 16:09:36,320 INFO sqlalchemy.engine.Engine BEGIN (implicit)
2026-08-31 16:09:36,321 INFO sqlalchemy.engine.Engine SELECT users.id, users.practice_id, users.clerk_id, users.email, users.name, users.role, users.phone, users.is_active, users.permissions, users.is_platform_admin, users.created_at, users.updated_at 
FROM users 
WHERE users.clerk_id = $1::VARCHAR
2026-08-31 16:09:36,321 INFO sqlalchemy.engine.Engine [cached since 1625s ago] ('user_3Idz3lR4nUx32RQ08fmzLywvcaV',)
2026-08-31 16:09:36,323 INFO sqlalchemy.engine.Engine SELECT pending_doctor_requests.id, pending_doctor_requests.practice_id, pending_doctor_requests.clerk_id, pending_doctor_requests.name, pending_doctor_requests.email, pending_doctor_requests.phone, pending_doctor_requests.specialty, pending_doctor_requests.license_number, pending_doctor_requests.bio, pending_doctor_requests.photo_url, pending_doctor_requests.documents, pending_doctor_requests.status, pending_doctor_requests.rejected_reason, pending_doctor_requests.doctor_id, pending_doctor_requests.submitted_at, pending_doctor_requests.reviewed_at 
FROM pending_doctor_requests 
WHERE pending_doctor_requests.clerk_id = $1::VARCHAR
2026-08-31 16:09:36,324 INFO sqlalchemy.engine.Engine [cached since 1625s ago] ('user_3Idz3lR4nUx32RQ08fmzLywvcaV',)
2026-08-31 16:09:36,325 INFO sqlalchemy.engine.Engine COMMIT
INFO:     127.0.0.1:56093 - "GET /api/v1/doctor-applications/me HTTP/1.1" 200 OK
2026-08-31 16:09:45,818 INFO sqlalchemy.engine.Engine BEGIN (implicit)
2026-08-31 16:09:45,818 INFO sqlalchemy.engine.Engine SELECT users.id, users.practice_id, users.clerk_id, users.email, users.name, users.role, users.phone, users.is_active, users.permissions, users.is_platform_admin, users.created_at, users.updated_at 
FROM users 
WHERE users.clerk_id = $1::VARCHAR
2026-08-31 16:09:45,819 INFO sqlalchemy.engine.Engine [cached since 1635s ago] ('user_3Idz3lR4nUx32RQ08fmzLywvcaV',)
2026-08-31 16:09:45,821 INFO sqlalchemy.engine.Engine SELECT pending_doctor_requests.id, pending_doctor_requests.practice_id, pending_doctor_requests.clerk_id, pending_doctor_requests.name, pending_doctor_requests.email, pending_doctor_requests.phone, pending_doctor_requests.specialty, pending_doctor_requests.license_number, pending_doctor_requests.bio, pending_doctor_requests.photo_url, pending_doctor_requests.documents, pending_doctor_requests.status, pending_doctor_requests.rejected_reason, pending_doctor_requests.doctor_id, pending_doctor_requests.submitted_at, pending_doctor_requests.reviewed_at 
FROM pending_doctor_requests 
WHERE pending_doctor_requests.clerk_id = $1::VARCHAR
2026-08-31 16:09:45,821 INFO sqlalchemy.engine.Engine [cached since 1635s ago] ('user_3Idz3lR4nUx32RQ08fmzLywvcaV',)
2026-08-31 16:09:45,823 INFO sqlalchemy.engine.Engine COMMIT
INFO:     127.0.0.1:56096 - "GET /api/v1/doctor-applications/me HTTP/1.1" 200 OK
2026-08-31 16:09:54,000 INFO sqlalchemy.engine.Engine BEGIN (implicit)
2026-08-31 16:09:54,001 INFO sqlalchemy.engine.Engine SELECT users.id, users.practice_id, users.clerk_id, users.email, users.name, users.role, users.phone, users.is_active, users.permissions, users.is_platform_admin, users.created_at, users.updated_at 
FROM users 
WHERE users.clerk_id = $1::VARCHAR
2026-08-31 16:09:54,002 INFO sqlalchemy.engine.Engine [cached since 1643s ago] ('user_3Idz3lR4nUx32RQ08fmzLywvcaV',)
2026-08-31 16:09:54,005 INFO sqlalchemy.engine.Engine SELECT pending_doctor_requests.id, pending_doctor_requests.practice_id, pending_doctor_requests.clerk_id, pending_doctor_requests.name, pending_doctor_requests.email, pending_doctor_requests.phone, pending_doctor_requests.specialty, pending_doctor_requests.license_number, pending_doctor_requests.bio, pending_doctor_requests.photo_url, pending_doctor_requests.documents, pending_doctor_requests.status, pending_doctor_requests.rejected_reason, pending_doctor_requests.doctor_id, pending_doctor_requests.submitted_at, pending_doctor_requests.reviewed_at 
FROM pending_doctor_requests 
WHERE pending_doctor_requests.clerk_id = $1::VARCHAR
2026-08-31 16:09:54,005 INFO sqlalchemy.engine.Engine [cached since 1643s ago] ('user_3Idz3lR4nUx32RQ08fmzLywvcaV',)
2026-08-31 16:09:54,007 INFO sqlalchemy.engine.Engine COMMIT
INFO:     127.0.0.1:56098 - "GET /api/v1/doctor-applications/me HTTP/1.1" 200 OK
2026-08-31 16:10:03,328 INFO sqlalchemy.engine.Engine BEGIN (implicit)
2026-08-31 16:10:03,328 INFO sqlalchemy.engine.Engine SELECT users.id, users.practice_id, users.clerk_id, users.email, users.name, users.role, users.phone, users.is_active, users.permissions, users.is_platform_admin, users.created_at, users.updated_at 
FROM users 
WHERE users.clerk_id = $1::VARCHAR
2026-08-31 16:10:03,328 INFO sqlalchemy.engine.Engine [cached since 1652s ago] ('user_3Idz3lR4nUx32RQ08fmzLywvcaV',)
2026-08-31 16:10:03,329 INFO sqlalchemy.engine.Engine SELECT pending_doctor_requests.id, pending_doctor_requests.practice_id, pending_doctor_requests.clerk_id, pending_doctor_requests.name, pending_doctor_requests.email, pending_doctor_requests.phone, pending_doctor_requests.specialty, pending_doctor_requests.license_number, pending_doctor_requests.bio, pending_doctor_requests.photo_url, pending_doctor_requests.documents, pending_doctor_requests.status, pending_doctor_requests.rejected_reason, pending_doctor_requests.doctor_id, pending_doctor_requests.submitted_at, pending_doctor_requests.reviewed_at 
FROM pending_doctor_requests 
WHERE pending_doctor_requests.clerk_id = $1::VARCHAR
2026-08-31 16:10:03,330 INFO sqlalchemy.engine.Engine [cached since 1652s ago] ('user_3Idz3lR4nUx32RQ08fmzLywvcaV',)
2026-08-31 16:10:03,331 INFO sqlalchemy.engine.Engine COMMIT
INFO:     127.0.0.1:56101 - "GET /api/v1/doctor-applications/me HTTP/1.1" 200 OK
2026-08-31 16:10:12,332 INFO sqlalchemy.engine.Engine BEGIN (implicit)
2026-08-31 16:10:12,332 INFO sqlalchemy.engine.Engine SELECT users.id, users.practice_id, users.clerk_id, users.email, users.name, users.role, users.phone, users.is_active, users.permissions, users.is_platform_admin, users.created_at, users.updated_at 
FROM users 
WHERE users.clerk_id = $1::VARCHAR
2026-08-31 16:10:12,332 INFO sqlalchemy.engine.Engine [cached since 1661s ago] ('user_3Idz3lR4nUx32RQ08fmzLywvcaV',)
2026-08-31 16:10:12,334 INFO sqlalchemy.engine.Engine SELECT pending_doctor_requests.id, pending_doctor_requests.practice_id, pending_doctor_requests.clerk_id, pending_doctor_requests.name, pending_doctor_requests.email, pending_doctor_requests.phone, pending_doctor_requests.specialty, pending_doctor_requests.license_number, pending_doctor_requests.bio, pending_doctor_requests.photo_url, pending_doctor_requests.documents, pending_doctor_requests.status, pending_doctor_requests.rejected_reason, pending_doctor_requests.doctor_id, pending_doctor_requests.submitted_at, pending_doctor_requests.reviewed_at 
FROM pending_doctor_requests 
WHERE pending_doctor_requests.clerk_id = $1::VARCHAR
2026-08-31 16:10:12,334 INFO sqlalchemy.engine.Engine [cached since 1661s ago] ('user_3Idz3lR4nUx32RQ08fmzLywvcaV',)
2026-08-31 16:10:12,335 INFO sqlalchemy.engine.Engine COMMIT
INFO:     127.0.0.1:56104 - "GET /api/v1/doctor-applications/me HTTP/1.1" 200 OK
2026-08-31 16:10:21,368 INFO sqlalchemy.engine.Engine BEGIN (implicit)
2026-08-31 16:10:21,369 INFO sqlalchemy.engine.Engine SELECT users.id, users.practice_id, users.clerk_id, users.email, users.name, users.role, users.phone, users.is_active, users.permissions, users.is_platform_admin, users.created_at, users.updated_at 
FROM users 
WHERE users.clerk_id = $1::VARCHAR
2026-08-31 16:10:21,369 INFO sqlalchemy.engine.Engine [cached since 1670s ago] ('user_3Idz3lR4nUx32RQ08fmzLywvcaV',)
2026-08-31 16:10:21,371 INFO sqlalchemy.engine.Engine SELECT pending_doctor_requests.id, pending_doctor_requests.practice_id, pending_doctor_requests.clerk_id, pending_doctor_requests.name, pending_doctor_requests.email, pending_doctor_requests.phone, pending_doctor_requests.specialty, pending_doctor_requests.license_number, pending_doctor_requests.bio, pending_doctor_requests.photo_url, pending_doctor_requests.documents, pending_doctor_requests.status, pending_doctor_requests.rejected_reason, pending_doctor_requests.doctor_id, pending_doctor_requests.submitted_at, pending_doctor_requests.reviewed_at 
FROM pending_doctor_requests 
WHERE pending_doctor_requests.clerk_id = $1::VARCHAR
2026-08-31 16:10:21,371 INFO sqlalchemy.engine.Engine [cached since 1670s ago] ('user_3Idz3lR4nUx32RQ08fmzLywvcaV',)
2026-08-31 16:10:21,372 INFO sqlalchemy.engine.Engine COMMIT
INFO:     127.0.0.1:56109 - "GET /api/v1/doctor-applications/me HTTP/1.1" 200 OK
2026-08-31 16:10:30,033 INFO sqlalchemy.engine.Engine BEGIN (implicit)
2026-08-31 16:10:30,034 INFO sqlalchemy.engine.Engine SELECT users.id, users.practice_id, users.clerk_id, users.email, users.name, users.role, users.phone, users.is_active, users.permissions, users.is_platform_admin, users.created_at, users.updated_at 
FROM users 
WHERE users.clerk_id = $1::VARCHAR
2026-08-31 16:10:30,034 INFO sqlalchemy.engine.Engine [cached since 1679s ago] ('user_3Idz3lR4nUx32RQ08fmzLywvcaV',)
2026-08-31 16:10:30,035 INFO sqlalchemy.engine.Engine SELECT pending_doctor_requests.id, pending_doctor_requests.practice_id, pending_doctor_requests.clerk_id, pending_doctor_requests.name, pending_doctor_requests.email, pending_doctor_requests.phone, pending_doctor_requests.specialty, pending_doctor_requests.license_number, pending_doctor_requests.bio, pending_doctor_requests.photo_url, pending_doctor_requests.documents, pending_doctor_requests.status, pending_doctor_requests.rejected_reason, pending_doctor_requests.doctor_id, pending_doctor_requests.submitted_at, pending_doctor_requests.reviewed_at 
FROM pending_doctor_requests 
WHERE pending_doctor_requests.clerk_id = $1::VARCHAR
2026-08-31 16:10:30,036 INFO sqlalchemy.engine.Engine [cached since 1679s ago] ('user_3Idz3lR4nUx32RQ08fmzLywvcaV',)
2026-08-31 16:10:30,037 INFO sqlalchemy.engine.Engine COMMIT
INFO:     127.0.0.1:56112 - "GET /api/v1/doctor-applications/me HTTP/1.1" 200 OK
2026-08-31 16:10:41,621 INFO sqlalchemy.engine.Engine BEGIN (implicit)
2026-08-31 16:10:41,621 INFO sqlalchemy.engine.Engine SELECT users.id, users.practice_id, users.clerk_id, users.email, users.name, users.role, users.phone, users.is_active, users.permissions, users.is_platform_admin, users.created_at, users.updated_at 
FROM users 
WHERE users.clerk_id = $1::VARCHAR
2026-08-31 16:10:41,621 INFO sqlalchemy.engine.Engine [cached since 1691s ago] ('user_3Idz3lR4nUx32RQ08fmzLywvcaV',)
2026-08-31 16:10:41,623 INFO sqlalchemy.engine.Engine SELECT pending_doctor_requests.id, pending_doctor_requests.practice_id, pending_doctor_requests.clerk_id, pending_doctor_requests.name, pending_doctor_requests.email, pending_doctor_requests.phone, pending_doctor_requests.specialty, pending_doctor_requests.license_number, pending_doctor_requests.bio, pending_doctor_requests.photo_url, pending_doctor_requests.documents, pending_doctor_requests.status, pending_doctor_requests.rejected_reason, pending_doctor_requests.doctor_id, pending_doctor_requests.submitted_at, pending_doctor_requests.reviewed_at 
FROM pending_doctor_requests 
WHERE pending_doctor_requests.clerk_id = $1::VARCHAR
2026-08-31 16:10:41,623 INFO sqlalchemy.engine.Engine [cached since 1691s ago] ('user_3Idz3lR4nUx32RQ08fmzLywvcaV',)
2026-08-31 16:10:41,624 INFO sqlalchemy.engine.Engine COMMIT
INFO:     127.0.0.1:56122 - "GET /api/v1/doctor-applications/me HTTP/1.1" 200 OK
2026-08-31 16:10:50,007 INFO sqlalchemy.engine.Engine BEGIN (implicit)
2026-08-31 16:10:50,007 INFO sqlalchemy.engine.Engine SELECT users.id, users.practice_id, users.clerk_id, users.email, users.name, users.role, users.phone, users.is_active, users.permissions, users.is_platform_admin, users.created_at, users.updated_at 
FROM users 
WHERE users.clerk_id = $1::VARCHAR
2026-08-31 16:10:50,007 INFO sqlalchemy.engine.Engine [cached since 1699s ago] ('user_3Idz3lR4nUx32RQ08fmzLywvcaV',)
2026-08-31 16:10:50,009 INFO sqlalchemy.engine.Engine SELECT pending_doctor_requests.id, pending_doctor_requests.practice_id, pending_doctor_requests.clerk_id, pending_doctor_requests.name, pending_doctor_requests.email, pending_doctor_requests.phone, pending_doctor_requests.specialty, pending_doctor_requests.license_number, pending_doctor_requests.bio, pending_doctor_requests.photo_url, pending_doctor_requests.documents, pending_doctor_requests.status, pending_doctor_requests.rejected_reason, pending_doctor_requests.doctor_id, pending_doctor_requests.submitted_at, pending_doctor_requests.reviewed_at 
FROM pending_doctor_requests 
WHERE pending_doctor_requests.clerk_id = $1::VARCHAR
2026-08-31 16:10:50,009 INFO sqlalchemy.engine.Engine [cached since 1699s ago] ('user_3Idz3lR4nUx32RQ08fmzLywvcaV',)
2026-08-31 16:10:50,010 INFO sqlalchemy.engine.Engine COMMIT
INFO:     127.0.0.1:56125 - "GET /api/v1/doctor-applications/me HTTP/1.1" 200 OK
2026-08-31 16:10:59,514 INFO sqlalchemy.engine.Engine BEGIN (implicit)
2026-08-31 16:10:59,515 INFO sqlalchemy.engine.Engine SELECT users.id, users.practice_id, users.clerk_id, users.email, users.name, users.role, users.phone, users.is_active, users.permissions, users.is_platform_admin, users.created_at, users.updated_at 
FROM users 
WHERE users.clerk_id = $1::VARCHAR
2026-08-31 16:10:59,515 INFO sqlalchemy.engine.Engine [cached since 1709s ago] ('user_3Idz3lR4nUx32RQ08fmzLywvcaV',)
2026-08-31 16:10:59,517 INFO sqlalchemy.engine.Engine SELECT pending_doctor_requests.id, pending_doctor_requests.practice_id, pending_doctor_requests.clerk_id, pending_doctor_requests.name, pending_doctor_requests.email, pending_doctor_requests.phone, pending_doctor_requests.specialty, pending_doctor_requests.license_number, pending_doctor_requests.bio, pending_doctor_requests.photo_url, pending_doctor_requests.documents, pending_doctor_requests.status, pending_doctor_requests.rejected_reason, pending_doctor_requests.doctor_id, pending_doctor_requests.submitted_at, pending_doctor_requests.reviewed_at 
FROM pending_doctor_requests 
WHERE pending_doctor_requests.clerk_id = $1::VARCHAR
2026-08-31 16:10:59,517 INFO sqlalchemy.engine.Engine [cached since 1709s ago] ('user_3Idz3lR4nUx32RQ08fmzLywvcaV',)
2026-08-31 16:10:59,518 INFO sqlalchemy.engine.Engine COMMIT
INFO:     127.0.0.1:56128 - "GET /api/v1/doctor-applications/me HTTP/1.1" 200 OK
2026-08-31 16:11:08,122 INFO sqlalchemy.engine.Engine BEGIN (implicit)
2026-08-31 16:11:08,124 INFO sqlalchemy.engine.Engine SELECT users.id, users.practice_id, users.clerk_id, users.email, users.name, users.role, users.phone, users.is_active, users.permissions, users.is_platform_admin, users.created_at, users.updated_at 
FROM users 
WHERE users.clerk_id = $1::VARCHAR
2026-08-31 16:11:08,124 INFO sqlalchemy.engine.Engine [cached since 1717s ago] ('user_3Idz3lR4nUx32RQ08fmzLywvcaV',)
2026-08-31 16:11:08,130 INFO sqlalchemy.engine.Engine SELECT pending_doctor_requests.id, pending_doctor_requests.practice_id, pending_doctor_requests.clerk_id, pending_doctor_requests.name, pending_doctor_requests.email, pending_doctor_requests.phone, pending_doctor_requests.specialty, pending_doctor_requests.license_number, pending_doctor_requests.bio, pending_doctor_requests.photo_url, pending_doctor_requests.documents, pending_doctor_requests.status, pending_doctor_requests.rejected_reason, pending_doctor_requests.doctor_id, pending_doctor_requests.submitted_at, pending_doctor_requests.reviewed_at 
FROM pending_doctor_requests 
WHERE pending_doctor_requests.clerk_id = $1::VARCHAR
2026-08-31 16:11:08,131 INFO sqlalchemy.engine.Engine [cached since 1717s ago] ('user_3Idz3lR4nUx32RQ08fmzLywvcaV',)
2026-08-31 16:11:08,136 INFO sqlalchemy.engine.Engine COMMIT
INFO:     127.0.0.1:56131 - "GET /api/v1/doctor-applications/me HTTP/1.1" 200 OK
2026-08-31 16:11:17,079 INFO sqlalchemy.engine.Engine BEGIN (implicit)
2026-08-31 16:11:17,081 INFO sqlalchemy.engine.Engine SELECT users.id, users.practice_id, users.clerk_id, users.email, users.name, users.role, users.phone, users.is_active, users.permissions, users.is_platform_admin, users.created_at, users.updated_at 
FROM users 
WHERE users.clerk_id = $1::VARCHAR
2026-08-31 16:11:17,081 INFO sqlalchemy.engine.Engine [cached since 1726s ago] ('user_3Idz3lR4nUx32RQ08fmzLywvcaV',)
2026-08-31 16:11:17,088 INFO sqlalchemy.engine.Engine SELECT pending_doctor_requests.id, pending_doctor_requests.practice_id, pending_doctor_requests.clerk_id, pending_doctor_requests.name, pending_doctor_requests.email, pending_doctor_requests.phone, pending_doctor_requests.specialty, pending_doctor_requests.license_number, pending_doctor_requests.bio, pending_doctor_requests.photo_url, pending_doctor_requests.documents, pending_doctor_requests.status, pending_doctor_requests.rejected_reason, pending_doctor_requests.doctor_id, pending_doctor_requests.submitted_at, pending_doctor_requests.reviewed_at 
FROM pending_doctor_requests 
WHERE pending_doctor_requests.clerk_id = $1::VARCHAR
2026-08-31 16:11:17,088 INFO sqlalchemy.engine.Engine [cached since 1726s ago] ('user_3Idz3lR4nUx32RQ08fmzLywvcaV',)
2026-08-31 16:11:17,093 INFO sqlalchemy.engine.Engine COMMIT
INFO:     127.0.0.1:56134 - "GET /api/v1/doctor-applications/me HTTP/1.1" 200 OK
2026-08-31 16:11:25,157 INFO sqlalchemy.engine.Engine BEGIN (implicit)
2026-08-31 16:11:25,159 INFO sqlalchemy.engine.Engine SELECT users.id, users.practice_id, users.clerk_id, users.email, users.name, users.role, users.phone, users.is_active, users.permissions, users.is_platform_admin, users.created_at, users.updated_at 
FROM users 
WHERE users.clerk_id = $1::VARCHAR
2026-08-31 16:11:25,159 INFO sqlalchemy.engine.Engine [cached since 1734s ago] ('user_3IJjXjFLcG4qaagJWxQnHqHoXEr',)
2026-08-31 16:11:25,167 INFO sqlalchemy.engine.Engine SELECT users.id, users.practice_id, users.clerk_id, users.email, users.name, users.role, users.phone, users.is_active, users.permissions, users.is_platform_admin, users.created_at, users.updated_at 
FROM users 
WHERE users.practice_id = $1::UUID AND users.role != $2::userrole AND users.is_active = true
2026-08-31 16:11:25,169 INFO sqlalchemy.engine.Engine [cached since 1617s ago] (UUID('4d1123f3-3ba2-42f3-b584-a5009c7b3e39'), 'OWNER')
2026-08-31 16:11:25,176 INFO sqlalchemy.engine.Engine SELECT staff_messages.staff_user_id, count(*) AS count_1 
FROM staff_messages 
WHERE staff_messages.practice_id = $1::UUID AND staff_messages.staff_user_id IN ($2::UUID, $3::UUID) GROUP BY staff_messages.staff_user_id
2026-08-31 16:11:25,177 INFO sqlalchemy.engine.Engine [cached since 1617s ago] (UUID('4d1123f3-3ba2-42f3-b584-a5009c7b3e39'), UUID('52bb08fd-2cc6-4725-b2f0-c8ac8053e350'), UUID('b93c25bd-5371-4223-a5a5-e92b554168b8'))
2026-08-31 16:11:25,183 INFO sqlalchemy.engine.Engine SELECT staff_messages.id, staff_messages.practice_id, staff_messages.staff_user_id, staff_messages.sender_id, staff_messages.body, staff_messages.created_at 
FROM staff_messages 
WHERE staff_messages.practice_id = $1::UUID AND staff_messages.staff_user_id IN ($2::UUID, $3::UUID) ORDER BY staff_messages.staff_user_id, staff_messages.created_at DESC
2026-08-31 16:11:25,184 INFO sqlalchemy.engine.Engine [cached since 1617s ago] (UUID('4d1123f3-3ba2-42f3-b584-a5009c7b3e39'), UUID('52bb08fd-2cc6-4725-b2f0-c8ac8053e350'), UUID('b93c25bd-5371-4223-a5a5-e92b554168b8'))
2026-08-31 16:11:25,187 INFO sqlalchemy.engine.Engine COMMIT
INFO:     127.0.0.1:56137 - "GET /api/v1/staff-messages/threads HTTP/1.1" 200 OK
2026-08-31 16:11:26,071 INFO sqlalchemy.engine.Engine BEGIN (implicit)
2026-08-31 16:11:26,072 INFO sqlalchemy.engine.Engine SELECT users.id, users.practice_id, users.clerk_id, users.email, users.name, users.role, users.phone, users.is_active, users.permissions, users.is_platform_admin, users.created_at, users.updated_at 
FROM users 
WHERE users.clerk_id = $1::VARCHAR
2026-08-31 16:11:26,072 INFO sqlalchemy.engine.Engine [cached since 1735s ago] ('user_3Idz3lR4nUx32RQ08fmzLywvcaV',)
2026-08-31 16:11:26,077 INFO sqlalchemy.engine.Engine SELECT pending_doctor_requests.id, pending_doctor_requests.practice_id, pending_doctor_requests.clerk_id, pending_doctor_requests.name, pending_doctor_requests.email, pending_doctor_requests.phone, pending_doctor_requests.specialty, pending_doctor_requests.license_number, pending_doctor_requests.bio, pending_doctor_requests.photo_url, pending_doctor_requests.documents, pending_doctor_requests.status, pending_doctor_requests.rejected_reason, pending_doctor_requests.doctor_id, pending_doctor_requests.submitted_at, pending_doctor_requests.reviewed_at 
FROM pending_doctor_requests 
WHERE pending_doctor_requests.clerk_id = $1::VARCHAR
2026-08-31 16:11:26,077 INFO sqlalchemy.engine.Engine [cached since 1735s ago] ('user_3Idz3lR4nUx32RQ08fmzLywvcaV',)
2026-08-31 16:11:26,079 INFO sqlalchemy.engine.Engine COMMIT
INFO:     127.0.0.1:56139 - "GET /api/v1/doctor-applications/me HTTP/1.1" 200 OK
2026-08-31 16:11:30,960 INFO sqlalchemy.engine.Engine BEGIN (implicit)
2026-08-31 16:11:30,963 INFO sqlalchemy.engine.Engine SELECT users.id, users.practice_id, users.clerk_id, users.email, users.name, users.role, users.phone, users.is_active, users.permissions, users.is_platform_admin, users.created_at, users.updated_at 
FROM users 
WHERE users.clerk_id = $1::VARCHAR
2026-08-31 16:11:30,964 INFO sqlalchemy.engine.Engine [cached since 1740s ago] ('user_3IJjXjFLcG4qaagJWxQnHqHoXEr',)
2026-08-31 16:11:31,111 INFO sqlalchemy.engine.Engine BEGIN (implicit)
2026-08-31 16:11:31,111 INFO sqlalchemy.engine.Engine SELECT users.id, users.practice_id, users.clerk_id, users.email, users.name, users.role, users.phone, users.is_active, users.permissions, users.is_platform_admin, users.created_at, users.updated_at 
FROM users 
WHERE users.clerk_id = $1::VARCHAR
2026-08-31 16:11:31,112 INFO sqlalchemy.engine.Engine [cached since 1740s ago] ('user_3IJjXjFLcG4qaagJWxQnHqHoXEr',)
2026-08-31 16:11:31,115 INFO sqlalchemy.engine.Engine SELECT users.id, users.practice_id, users.clerk_id, users.email, users.name, users.role, users.phone, users.is_active, users.permissions, users.is_platform_admin, users.created_at, users.updated_at 
FROM users 
WHERE users.practice_id = $1::UUID AND users.role != $2::userrole AND users.is_active = true
2026-08-31 16:11:31,116 INFO sqlalchemy.engine.Engine [cached since 1623s ago] (UUID('4d1123f3-3ba2-42f3-b584-a5009c7b3e39'), 'OWNER')
2026-08-31 16:11:31,117 INFO sqlalchemy.engine.Engine SELECT users.id, users.practice_id, users.clerk_id, users.email, users.name, users.role, users.phone, users.is_active, users.permissions, users.is_platform_admin, users.created_at, users.updated_at 
FROM users 
WHERE users.id = $1::UUID AND users.practice_id = $2::UUID AND users.role != $3::userrole
2026-08-31 16:11:31,118 INFO sqlalchemy.engine.Engine [cached since 1621s ago] (UUID('b93c25bd-5371-4223-a5a5-e92b554168b8'), UUID('4d1123f3-3ba2-42f3-b584-a5009c7b3e39'), 'OWNER')
2026-08-31 16:11:31,120 INFO sqlalchemy.engine.Engine SELECT staff_messages.staff_user_id, count(*) AS count_1 
FROM staff_messages 
WHERE staff_messages.practice_id = $1::UUID AND staff_messages.staff_user_id IN ($2::UUID, $3::UUID) GROUP BY staff_messages.staff_user_id
2026-08-31 16:11:31,120 INFO sqlalchemy.engine.Engine [cached since 1623s ago] (UUID('4d1123f3-3ba2-42f3-b584-a5009c7b3e39'), UUID('52bb08fd-2cc6-4725-b2f0-c8ac8053e350'), UUID('b93c25bd-5371-4223-a5a5-e92b554168b8'))
2026-08-31 16:11:31,122 INFO sqlalchemy.engine.Engine SELECT staff_messages.id, staff_messages.practice_id, staff_messages.staff_user_id, staff_messages.sender_id, staff_messages.body, staff_messages.created_at 
FROM staff_messages 
WHERE staff_messages.practice_id = $1::UUID AND staff_messages.staff_user_id = $2::UUID ORDER BY staff_messages.created_at ASC
2026-08-31 16:11:31,123 INFO sqlalchemy.engine.Engine [cached since 1621s ago] (UUID('4d1123f3-3ba2-42f3-b584-a5009c7b3e39'), UUID('b93c25bd-5371-4223-a5a5-e92b554168b8'))
2026-08-31 16:11:31,124 INFO sqlalchemy.engine.Engine SELECT staff_messages.id, staff_messages.practice_id, staff_messages.staff_user_id, staff_messages.sender_id, staff_messages.body, staff_messages.created_at 
FROM staff_messages 
WHERE staff_messages.practice_id = $1::UUID AND staff_messages.staff_user_id IN ($2::UUID, $3::UUID) ORDER BY staff_messages.staff_user_id, staff_messages.created_at DESC
2026-08-31 16:11:31,124 INFO sqlalchemy.engine.Engine [cached since 1623s ago] (UUID('4d1123f3-3ba2-42f3-b584-a5009c7b3e39'), UUID('52bb08fd-2cc6-4725-b2f0-c8ac8053e350'), UUID('b93c25bd-5371-4223-a5a5-e92b554168b8'))
2026-08-31 16:11:31,130 INFO sqlalchemy.engine.Engine SELECT users.id AS users_id, users.practice_id AS users_practice_id, users.clerk_id AS users_clerk_id, users.email AS users_email, users.name AS users_name, users.role AS users_role, users.phone AS users_phone, users.is_active AS users_is_active, users.permissions AS users_permissions, users.is_platform_admin AS users_is_platform_admin, users.created_at AS users_created_at, users.updated_at AS users_updated_at 
FROM users 
WHERE users.id IN ($1::UUID, $2::UUID)
2026-08-31 16:11:31,130 INFO sqlalchemy.engine.Engine [cached since 235.1s ago] (UUID('7a8e4484-f378-4080-bd7f-e1a399b2254e'), UUID('b93c25bd-5371-4223-a5a5-e92b554168b8'))
2026-08-31 16:11:31,131 INFO sqlalchemy.engine.Engine COMMIT
2026-08-31 16:11:31,133 INFO sqlalchemy.engine.Engine COMMIT
INFO:     127.0.0.1:56141 - "GET /api/v1/staff-messages/threads HTTP/1.1" 200 OK
INFO:     127.0.0.1:56142 - "GET /api/v1/staff-messages/b93c25bd-5371-4223-a5a5-e92b554168b8 HTTP/1.1" 200 OK
2026-08-31 16:11:35,343 INFO sqlalchemy.engine.Engine BEGIN (implicit)
2026-08-31 16:11:35,343 INFO sqlalchemy.engine.Engine SELECT users.id, users.practice_id, users.clerk_id, users.email, users.name, users.role, users.phone, users.is_active, users.permissions, users.is_platform_admin, users.created_at, users.updated_at 
FROM users 
WHERE users.clerk_id = $1::VARCHAR
2026-08-31 16:11:35,343 INFO sqlalchemy.engine.Engine [cached since 1744s ago] ('user_3Idz3lR4nUx32RQ08fmzLywvcaV',)
2026-08-31 16:11:35,400 INFO sqlalchemy.engine.Engine BEGIN (implicit)
2026-08-31 16:11:35,401 INFO sqlalchemy.engine.Engine SELECT users.id, users.practice_id, users.clerk_id, users.email, users.name, users.role, users.phone, users.is_active, users.permissions, users.is_platform_admin, users.created_at, users.updated_at 
FROM users 
WHERE users.clerk_id = $1::VARCHAR
2026-08-31 16:11:35,401 INFO sqlalchemy.engine.Engine [cached since 1744s ago] ('user_3IJjXjFLcG4qaagJWxQnHqHoXEr',)
2026-08-31 16:11:35,402 INFO sqlalchemy.engine.Engine SELECT pending_doctor_requests.id, pending_doctor_requests.practice_id, pending_doctor_requests.clerk_id, pending_doctor_requests.name, pending_doctor_requests.email, pending_doctor_requests.phone, pending_doctor_requests.specialty, pending_doctor_requests.license_number, pending_doctor_requests.bio, pending_doctor_requests.photo_url, pending_doctor_requests.documents, pending_doctor_requests.status, pending_doctor_requests.rejected_reason, pending_doctor_requests.doctor_id, pending_doctor_requests.submitted_at, pending_doctor_requests.reviewed_at 
FROM pending_doctor_requests 
WHERE pending_doctor_requests.clerk_id = $1::VARCHAR
2026-08-31 16:11:35,402 INFO sqlalchemy.engine.Engine [cached since 1744s ago] ('user_3Idz3lR4nUx32RQ08fmzLywvcaV',)
2026-08-31 16:11:35,403 INFO sqlalchemy.engine.Engine SELECT users.id, users.practice_id, users.clerk_id, users.email, users.name, users.role, users.phone, users.is_active, users.permissions, users.is_platform_admin, users.created_at, users.updated_at 
FROM users 
WHERE users.id = $1::UUID AND users.practice_id = $2::UUID AND users.role != $3::userrole
2026-08-31 16:11:35,403 INFO sqlalchemy.engine.Engine [cached since 1625s ago] (UUID('b93c25bd-5371-4223-a5a5-e92b554168b8'), UUID('4d1123f3-3ba2-42f3-b584-a5009c7b3e39'), 'OWNER')
2026-08-31 16:11:35,405 INFO sqlalchemy.engine.Engine COMMIT
2026-08-31 16:11:35,406 INFO sqlalchemy.engine.Engine INSERT INTO staff_messages (id, practice_id, staff_user_id, sender_id, body) VALUES ($1::UUID, $2::UUID, $3::UUID, $4::UUID, $5::VARCHAR) RETURNING staff_messages.created_at
2026-08-31 16:11:35,407 INFO sqlalchemy.engine.Engine [cached since 1558s ago] (UUID('07cfbf78-d6a7-4bfb-bc37-1617c995c3b1'), UUID('4d1123f3-3ba2-42f3-b584-a5009c7b3e39'), UUID('b93c25bd-5371-4223-a5a5-e92b554168b8'), UUID('7a8e4484-f378-4080-bd7f-e1a399b2254e'), 'okie')
INFO:     127.0.0.1:56146 - "GET /api/v1/doctor-applications/me HTTP/1.1" 200 OK
2026-08-31 16:11:35,410 INFO sqlalchemy.engine.Engine SELECT staff_messages.id, staff_messages.practice_id, staff_messages.staff_user_id, staff_messages.sender_id, staff_messages.body, staff_messages.created_at 
FROM staff_messages 
WHERE staff_messages.id = $1::UUID
2026-08-31 16:11:35,410 INFO sqlalchemy.engine.Engine [cached since 1558s ago] (UUID('07cfbf78-d6a7-4bfb-bc37-1617c995c3b1'),)
2026-08-31 16:11:35,412 INFO sqlalchemy.engine.Engine COMMIT
INFO:     127.0.0.1:56142 - "POST /api/v1/staff-messages/b93c25bd-5371-4223-a5a5-e92b554168b8 HTTP/1.1" 200 OK
2026-08-31 16:11:46,712 INFO sqlalchemy.engine.Engine BEGIN (implicit)
2026-08-31 16:11:46,713 INFO sqlalchemy.engine.Engine SELECT users.id, users.practice_id, users.clerk_id, users.email, users.name, users.role, users.phone, users.is_active, users.permissions, users.is_platform_admin, users.created_at, users.updated_at 
FROM users 
WHERE users.clerk_id = $1::VARCHAR
2026-08-31 16:11:46,713 INFO sqlalchemy.engine.Engine [cached since 1756s ago] ('user_3Idz3lR4nUx32RQ08fmzLywvcaV',)
2026-08-31 16:11:46,787 INFO sqlalchemy.engine.Engine BEGIN (implicit)
2026-08-31 16:11:46,787 INFO sqlalchemy.engine.Engine SELECT users.id, users.practice_id, users.clerk_id, users.email, users.name, users.role, users.phone, users.is_active, users.permissions, users.is_platform_admin, users.created_at, users.updated_at 
FROM users 
WHERE users.clerk_id = $1::VARCHAR
2026-08-31 16:11:46,788 INFO sqlalchemy.engine.Engine [cached since 1756s ago] ('user_3Idz3tQrP5vUET2Tr73OtYcK5Vw',)
2026-08-31 16:11:46,788 INFO sqlalchemy.engine.Engine SELECT pending_doctor_requests.id, pending_doctor_requests.practice_id, pending_doctor_requests.clerk_id, pending_doctor_requests.name, pending_doctor_requests.email, pending_doctor_requests.phone, pending_doctor_requests.specialty, pending_doctor_requests.license_number, pending_doctor_requests.bio, pending_doctor_requests.photo_url, pending_doctor_requests.documents, pending_doctor_requests.status, pending_doctor_requests.rejected_reason, pending_doctor_requests.doctor_id, pending_doctor_requests.submitted_at, pending_doctor_requests.reviewed_at 
FROM pending_doctor_requests 
WHERE pending_doctor_requests.clerk_id = $1::VARCHAR
2026-08-31 16:11:46,789 INFO sqlalchemy.engine.Engine [cached since 1756s ago] ('user_3Idz3lR4nUx32RQ08fmzLywvcaV',)
2026-08-31 16:11:46,790 INFO sqlalchemy.engine.Engine COMMIT
2026-08-31 16:11:46,791 INFO sqlalchemy.engine.Engine SELECT practices.id, practices.name, practices.email, practices.phone, practices.address, practices.timezone, practices.settings, practices.created_at, practices.updated_at 
FROM practices 
WHERE practices.id = $1::UUID
2026-08-31 16:11:46,791 INFO sqlalchemy.engine.Engine [cached since 1732s ago] (UUID('4d1123f3-3ba2-42f3-b584-a5009c7b3e39'),)
2026-08-31 16:11:46,794 INFO sqlalchemy.engine.Engine SELECT subscriptions.id, subscriptions.practice_id, subscriptions.stripe_subscription_id, subscriptions.tier, subscriptions.status, subscriptions.price, subscriptions.start_date, subscriptions.end_date, subscriptions.auto_renew, subscriptions.created_at, subscriptions.updated_at 
FROM subscriptions 
WHERE subscriptions.practice_id = $1::UUID AND subscriptions.status IN ($2::subscriptionstatus, $3::subscriptionstatus) ORDER BY subscriptions.created_at DESC
2026-08-31 16:11:46,794 INFO sqlalchemy.engine.Engine [cached since 1732s ago] (UUID('4d1123f3-3ba2-42f3-b584-a5009c7b3e39'), 'ACTIVE', 'TRIAL')
INFO:     127.0.0.1:56164 - "GET /api/v1/doctor-applications/me HTTP/1.1" 200 OK
2026-08-31 16:11:46,798 INFO sqlalchemy.engine.Engine SELECT subscriptions.id, subscriptions.practice_id, subscriptions.stripe_subscription_id, subscriptions.tier, subscriptions.status, subscriptions.price, subscriptions.start_date, subscriptions.end_date, subscriptions.auto_renew, subscriptions.created_at, subscriptions.updated_at 
FROM subscriptions 
WHERE subscriptions.practice_id = $1::UUID AND subscriptions.status IN ($2::subscriptionstatus, $3::subscriptionstatus) ORDER BY subscriptions.created_at DESC
2026-08-31 16:11:46,798 INFO sqlalchemy.engine.Engine [cached since 1732s ago] (UUID('4d1123f3-3ba2-42f3-b584-a5009c7b3e39'), 'ACTIVE', 'TRIAL')
2026-08-31 16:11:46,800 INFO sqlalchemy.engine.Engine COMMIT
INFO:     127.0.0.1:56165 - "GET /api/v1/practice/me HTTP/1.1" 200 OK
INFO:     127.0.0.1:56165 - "OPTIONS /api/v1/staff-messages/threads HTTP/1.1" 200 OK
2026-08-31 16:11:47,262 INFO sqlalchemy.engine.Engine BEGIN (implicit)
2026-08-31 16:11:47,263 INFO sqlalchemy.engine.Engine SELECT users.id, users.practice_id, users.clerk_id, users.email, users.name, users.role, users.phone, users.is_active, users.permissions, users.is_platform_admin, users.created_at, users.updated_at 
FROM users 
WHERE users.clerk_id = $1::VARCHAR
2026-08-31 16:11:47,263 INFO sqlalchemy.engine.Engine [cached since 1756s ago] ('user_3Idz3tQrP5vUET2Tr73OtYcK5Vw',)
2026-08-31 16:11:47,359 INFO sqlalchemy.engine.Engine BEGIN (implicit)
2026-08-31 16:11:47,360 INFO sqlalchemy.engine.Engine SELECT users.id, users.practice_id, users.clerk_id, users.email, users.name, users.role, users.phone, users.is_active, users.permissions, users.is_platform_admin, users.created_at, users.updated_at 
FROM users 
WHERE users.clerk_id = $1::VARCHAR
2026-08-31 16:11:47,360 INFO sqlalchemy.engine.Engine [cached since 1756s ago] ('user_3Idz3tQrP5vUET2Tr73OtYcK5Vw',)
2026-08-31 16:11:47,363 INFO sqlalchemy.engine.Engine SELECT practices.id, practices.name, practices.email, practices.phone, practices.address, practices.timezone, practices.settings, practices.created_at, practices.updated_at 
FROM practices 
WHERE practices.id = $1::UUID
2026-08-31 16:11:47,363 INFO sqlalchemy.engine.Engine [cached since 1733s ago] (UUID('4d1123f3-3ba2-42f3-b584-a5009c7b3e39'),)
2026-08-31 16:11:47,365 INFO sqlalchemy.engine.Engine ROLLBACK
2026-08-31 16:11:47,367 INFO sqlalchemy.engine.Engine SELECT subscriptions.id, subscriptions.practice_id, subscriptions.stripe_subscription_id, subscriptions.tier, subscriptions.status, subscriptions.price, subscriptions.start_date, subscriptions.end_date, subscriptions.auto_renew, subscriptions.created_at, subscriptions.updated_at 
FROM subscriptions 
WHERE subscriptions.practice_id = $1::UUID AND subscriptions.status IN ($2::subscriptionstatus, $3::subscriptionstatus) ORDER BY subscriptions.created_at DESC
2026-08-31 16:11:47,367 INFO sqlalchemy.engine.Engine [cached since 1733s ago] (UUID('4d1123f3-3ba2-42f3-b584-a5009c7b3e39'), 'ACTIVE', 'TRIAL')
INFO:     127.0.0.1:56165 - "GET /api/v1/staff-messages/threads HTTP/1.1" 403 Forbidden
2026-08-31 16:11:47,372 INFO sqlalchemy.engine.Engine SELECT subscriptions.id, subscriptions.practice_id, subscriptions.stripe_subscription_id, subscriptions.tier, subscriptions.status, subscriptions.price, subscriptions.start_date, subscriptions.end_date, subscriptions.auto_renew, subscriptions.created_at, subscriptions.updated_at 
FROM subscriptions 
WHERE subscriptions.practice_id = $1::UUID AND subscriptions.status IN ($2::subscriptionstatus, $3::subscriptionstatus) ORDER BY subscriptions.created_at DESC
2026-08-31 16:11:47,372 INFO sqlalchemy.engine.Engine [cached since 1733s ago] (UUID('4d1123f3-3ba2-42f3-b584-a5009c7b3e39'), 'ACTIVE', 'TRIAL')
2026-08-31 16:11:47,375 INFO sqlalchemy.engine.Engine COMMIT
INFO:     127.0.0.1:56169 - "GET /api/v1/practice/me HTTP/1.1" 200 OK
2026-08-31 16:11:47,489 INFO sqlalchemy.engine.Engine BEGIN (implicit)
2026-08-31 16:11:47,490 INFO sqlalchemy.engine.Engine SELECT users.id, users.practice_id, users.clerk_id, users.email, users.name, users.role, users.phone, users.is_active, users.permissions, users.is_platform_admin, users.created_at, users.updated_at 
FROM users 
WHERE users.clerk_id = $1::VARCHAR
2026-08-31 16:11:47,490 INFO sqlalchemy.engine.Engine [cached since 1757s ago] ('user_3Idz3tQrP5vUET2Tr73OtYcK5Vw',)
2026-08-31 16:11:47,491 INFO sqlalchemy.engine.Engine SELECT users.id, users.practice_id, users.clerk_id, users.email, users.name, users.role, users.phone, users.is_active, users.permissions, users.is_platform_admin, users.created_at, users.updated_at 
FROM users 
WHERE users.id = $1::UUID AND users.practice_id = $2::UUID AND users.role != $3::userrole
2026-08-31 16:11:47,492 INFO sqlalchemy.engine.Engine [cached since 1637s ago] (UUID('b93c25bd-5371-4223-a5a5-e92b554168b8'), UUID('4d1123f3-3ba2-42f3-b584-a5009c7b3e39'), 'OWNER')
2026-08-31 16:11:47,493 INFO sqlalchemy.engine.Engine SELECT staff_messages.id, staff_messages.practice_id, staff_messages.staff_user_id, staff_messages.sender_id, staff_messages.body, staff_messages.created_at 
FROM staff_messages 
WHERE staff_messages.practice_id = $1::UUID AND staff_messages.staff_user_id = $2::UUID ORDER BY staff_messages.created_at ASC
2026-08-31 16:11:47,493 INFO sqlalchemy.engine.Engine [cached since 1637s ago] (UUID('4d1123f3-3ba2-42f3-b584-a5009c7b3e39'), UUID('b93c25bd-5371-4223-a5a5-e92b554168b8'))
2026-08-31 16:11:47,495 INFO sqlalchemy.engine.Engine SELECT users.id AS users_id, users.practice_id AS users_practice_id, users.clerk_id AS users_clerk_id, users.email AS users_email, users.name AS users_name, users.role AS users_role, users.phone AS users_phone, users.is_active AS users_is_active, users.permissions AS users_permissions, users.is_platform_admin AS users_is_platform_admin, users.created_at AS users_created_at, users.updated_at AS users_updated_at 
FROM users 
WHERE users.id IN ($1::UUID, $2::UUID)
2026-08-31 16:11:47,495 INFO sqlalchemy.engine.Engine [cached since 251.5s ago] (UUID('7a8e4484-f378-4080-bd7f-e1a399b2254e'), UUID('b93c25bd-5371-4223-a5a5-e92b554168b8'))
2026-08-31 16:11:47,497 INFO sqlalchemy.engine.Engine COMMIT
INFO:     127.0.0.1:56169 - "GET /api/v1/staff-messages/me HTTP/1.1" 200 OK
2026-08-31 16:11:54,180 INFO sqlalchemy.engine.Engine BEGIN (implicit)
2026-08-31 16:11:54,181 INFO sqlalchemy.engine.Engine SELECT users.id, users.practice_id, users.clerk_id, users.email, users.name, users.role, users.phone, users.is_active, users.permissions, users.is_platform_admin, users.created_at, users.updated_at 
FROM users 
WHERE users.clerk_id = $1::VARCHAR
2026-08-31 16:11:54,182 INFO sqlalchemy.engine.Engine [cached since 1763s ago] ('user_3IJjXjFLcG4qaagJWxQnHqHoXEr',)
2026-08-31 16:11:54,190 INFO sqlalchemy.engine.Engine SELECT patients.id, patients.practice_id, patients.first_name, patients.last_name, patients.email, patients.phone, patients.date_of_birth, patients.medical_history, patients.consent_status, patients.plan_type, patients.chief_complaint, patients.needs_surgery, patients.ai_agent_assigned, patients.agent_status, patients.agent_cost, patients.lifecycle_stage, patients.lost_reason, patients.source, patients.created_at, patients.updated_at 
FROM patients 
WHERE patients.practice_id = $1::UUID ORDER BY patients.created_at DESC
2026-08-31 16:11:54,191 INFO sqlalchemy.engine.Engine [cached since 1740s ago] (UUID('4d1123f3-3ba2-42f3-b584-a5009c7b3e39'),)
2026-08-31 16:11:54,194 INFO sqlalchemy.engine.Engine SELECT DISTINCT appointments.patient_id 
FROM appointments 
WHERE appointments.practice_id = $1::UUID AND appointments.patient_id IN ($4::UUID) AND appointments.start_time >= $2::TIMESTAMP WITH TIME ZONE AND appointments.status != $3::appointmentstatus
2026-08-31 16:11:54,194 INFO sqlalchemy.engine.Engine [cached since 1740s ago] (UUID('4d1123f3-3ba2-42f3-b584-a5009c7b3e39'), datetime.datetime(2026, 8, 31, 11, 11, 54, 193161, tzinfo=datetime.timezone.utc), 'CANCELLED', UUID('c4a9ef0d-7c8d-4da9-aaf7-e9e94a6fdc44'))
2026-08-31 16:11:54,197 INFO sqlalchemy.engine.Engine SELECT DISTINCT appointments.patient_id 
FROM appointments 
WHERE appointments.practice_id = $1::UUID AND appointments.patient_id IN ($3::UUID) AND appointments.status = $2::appointmentstatus
2026-08-31 16:11:54,197 INFO sqlalchemy.engine.Engine [cached since 1740s ago] (UUID('4d1123f3-3ba2-42f3-b584-a5009c7b3e39'), 'COMPLETED', UUID('c4a9ef0d-7c8d-4da9-aaf7-e9e94a6fdc44'))
2026-08-31 16:11:54,199 INFO sqlalchemy.engine.Engine COMMIT
INFO:     127.0.0.1:56173 - "GET /api/v1/patients HTTP/1.1" 200 OK
2026-08-31 16:11:55,005 INFO sqlalchemy.engine.Engine BEGIN (implicit)
2026-08-31 16:11:55,006 INFO sqlalchemy.engine.Engine SELECT users.id, users.practice_id, users.clerk_id, users.email, users.name, users.role, users.phone, users.is_active, users.permissions, users.is_platform_admin, users.created_at, users.updated_at 
FROM users 
WHERE users.clerk_id = $1::VARCHAR
2026-08-31 16:11:55,006 INFO sqlalchemy.engine.Engine [cached since 1764s ago] ('user_3Idz3lR4nUx32RQ08fmzLywvcaV',)
2026-08-31 16:11:55,008 INFO sqlalchemy.engine.Engine SELECT pending_doctor_requests.id, pending_doctor_requests.practice_id, pending_doctor_requests.clerk_id, pending_doctor_requests.name, pending_doctor_requests.email, pending_doctor_requests.phone, pending_doctor_requests.specialty, pending_doctor_requests.license_number, pending_doctor_requests.bio, pending_doctor_requests.photo_url, pending_doctor_requests.documents, pending_doctor_requests.status, pending_doctor_requests.rejected_reason, pending_doctor_requests.doctor_id, pending_doctor_requests.submitted_at, pending_doctor_requests.reviewed_at 
FROM pending_doctor_requests 
WHERE pending_doctor_requests.clerk_id = $1::VARCHAR
2026-08-31 16:11:55,008 INFO sqlalchemy.engine.Engine [cached since 1764s ago] ('user_3Idz3lR4nUx32RQ08fmzLywvcaV',)
2026-08-31 16:11:55,010 INFO sqlalchemy.engine.Engine COMMIT
INFO:     127.0.0.1:56176 - "GET /api/v1/doctor-applications/me HTTP/1.1" 200 OK
2026-08-31 16:11:56,663 INFO sqlalchemy.engine.Engine BEGIN (implicit)
2026-08-31 16:11:56,665 INFO sqlalchemy.engine.Engine SELECT users.id, users.practice_id, users.clerk_id, users.email, users.name, users.role, users.phone, users.is_active, users.permissions, users.is_platform_admin, users.created_at, users.updated_at 
FROM users 
WHERE users.clerk_id = $1::VARCHAR
2026-08-31 16:11:56,665 INFO sqlalchemy.engine.Engine [cached since 1766s ago] ('user_3IJjXjFLcG4qaagJWxQnHqHoXEr',)
2026-08-31 16:11:56,673 INFO sqlalchemy.engine.Engine SELECT patients.id, patients.practice_id, patients.first_name, patients.last_name, patients.email, patients.phone, patients.date_of_birth, patients.medical_history, patients.consent_status, patients.plan_type, patients.chief_complaint, patients.needs_surgery, patients.ai_agent_assigned, patients.agent_status, patients.agent_cost, patients.lifecycle_stage, patients.lost_reason, patients.source, patients.created_at, patients.updated_at 
FROM patients 
WHERE patients.practice_id = $1::UUID ORDER BY patients.created_at DESC
2026-08-31 16:11:56,674 INFO sqlalchemy.engine.Engine [cached since 1742s ago] (UUID('4d1123f3-3ba2-42f3-b584-a5009c7b3e39'),)
2026-08-31 16:11:56,682 INFO sqlalchemy.engine.Engine SELECT DISTINCT appointments.patient_id 
FROM appointments 
WHERE appointments.practice_id = $1::UUID AND appointments.patient_id IN ($4::UUID) AND appointments.start_time >= $2::TIMESTAMP WITH TIME ZONE AND appointments.status != $3::appointmentstatus
2026-08-31 16:11:56,683 INFO sqlalchemy.engine.Engine [cached since 1742s ago] (UUID('4d1123f3-3ba2-42f3-b584-a5009c7b3e39'), datetime.datetime(2026, 8, 31, 11, 11, 56, 678652, tzinfo=datetime.timezone.utc), 'CANCELLED', UUID('c4a9ef0d-7c8d-4da9-aaf7-e9e94a6fdc44'))
2026-08-31 16:11:56,689 INFO sqlalchemy.engine.Engine SELECT DISTINCT appointments.patient_id 
FROM appointments 
WHERE appointments.practice_id = $1::UUID AND appointments.patient_id IN ($3::UUID) AND appointments.status = $2::appointmentstatus
2026-08-31 16:11:56,690 INFO sqlalchemy.engine.Engine [cached since 1742s ago] (UUID('4d1123f3-3ba2-42f3-b584-a5009c7b3e39'), 'COMPLETED', UUID('c4a9ef0d-7c8d-4da9-aaf7-e9e94a6fdc44'))
2026-08-31 16:11:56,693 INFO sqlalchemy.engine.Engine COMMIT
INFO:     127.0.0.1:56173 - "GET /api/v1/patients HTTP/1.1" 200 OK
INFO:     127.0.0.1:56173 - "OPTIONS /api/v1/clinical/notes?patient_id=c4a9ef0d-7c8d-4da9-aaf7-e9e94a6fdc44 HTTP/1.1" 200 OK
INFO:     127.0.0.1:56179 - "OPTIONS /api/v1/clinical/treatment-plans?patient_id=c4a9ef0d-7c8d-4da9-aaf7-e9e94a6fdc44 HTTP/1.1" 200 OK
INFO:     127.0.0.1:56173 - "OPTIONS /api/v1/patients/c4a9ef0d-7c8d-4da9-aaf7-e9e94a6fdc44/photos HTTP/1.1" 200 OK
INFO:     127.0.0.1:56180 - "OPTIONS /api/v1/patients/c4a9ef0d-7c8d-4da9-aaf7-e9e94a6fdc44/consent-documents HTTP/1.1" 200 OK
2026-08-31 16:11:56,834 INFO sqlalchemy.engine.Engine BEGIN (implicit)
2026-08-31 16:11:56,834 INFO sqlalchemy.engine.Engine SELECT users.id, users.practice_id, users.clerk_id, users.email, users.name, users.role, users.phone, users.is_active, users.permissions, users.is_platform_admin, users.created_at, users.updated_at 
FROM users 
WHERE users.clerk_id = $1::VARCHAR
2026-08-31 16:11:56,835 INFO sqlalchemy.engine.Engine [cached since 1766s ago] ('user_3IJjXjFLcG4qaagJWxQnHqHoXEr',)
INFO:     127.0.0.1:56180 - "OPTIONS /api/v1/invoices?patient_id=c4a9ef0d-7c8d-4da9-aaf7-e9e94a6fdc44 HTTP/1.1" 200 OK
2026-08-31 16:11:56,893 INFO sqlalchemy.engine.Engine BEGIN (implicit)
2026-08-31 16:11:56,893 INFO sqlalchemy.engine.Engine SELECT users.id, users.practice_id, users.clerk_id, users.email, users.name, users.role, users.phone, users.is_active, users.permissions, users.is_platform_admin, users.created_at, users.updated_at 
FROM users 
WHERE users.clerk_id = $1::VARCHAR
2026-08-31 16:11:56,893 INFO sqlalchemy.engine.Engine [cached since 1766s ago] ('user_3IJjXjFLcG4qaagJWxQnHqHoXEr',)
2026-08-31 16:11:57,373 INFO sqlalchemy.engine.Engine BEGIN (implicit)
2026-08-31 16:11:57,373 INFO sqlalchemy.engine.Engine SELECT users.id, users.practice_id, users.clerk_id, users.email, users.name, users.role, users.phone, users.is_active, users.permissions, users.is_platform_admin, users.created_at, users.updated_at 
FROM users 
WHERE users.clerk_id = $1::VARCHAR
2026-08-31 16:11:57,373 INFO sqlalchemy.engine.Engine [cached since 1766s ago] ('user_3IJjXjFLcG4qaagJWxQnHqHoXEr',)
2026-08-31 16:11:57,376 INFO sqlalchemy.engine.Engine SELECT consultation_notes.id, consultation_notes.practice_id, consultation_notes.patient_id, consultation_notes.doctor_id, consultation_notes.appointment_id, consultation_notes.chief_complaint, consultation_notes.subjective, consultation_notes.objective, consultation_notes.assessment, consultation_notes.plan, consultation_notes.status, consultation_notes.created_at, consultation_notes.updated_at 
FROM consultation_notes 
WHERE consultation_notes.practice_id = $1::UUID AND consultation_notes.patient_id = $2::UUID ORDER BY consultation_notes.created_at DESC
2026-08-31 16:11:57,377 INFO sqlalchemy.engine.Engine [generated in 0.00030s] (UUID('4d1123f3-3ba2-42f3-b584-a5009c7b3e39'), UUID('c4a9ef0d-7c8d-4da9-aaf7-e9e94a6fdc44'))
2026-08-31 16:11:57,452 INFO sqlalchemy.engine.Engine BEGIN (implicit)
2026-08-31 16:11:57,453 INFO sqlalchemy.engine.Engine SELECT users.id, users.practice_id, users.clerk_id, users.email, users.name, users.role, users.phone, users.is_active, users.permissions, users.is_platform_admin, users.created_at, users.updated_at 
FROM users 
WHERE users.clerk_id = $1::VARCHAR
2026-08-31 16:11:57,453 INFO sqlalchemy.engine.Engine [cached since 1767s ago] ('user_3IJjXjFLcG4qaagJWxQnHqHoXEr',)
2026-08-31 16:11:57,522 INFO sqlalchemy.engine.Engine BEGIN (implicit)
2026-08-31 16:11:57,522 INFO sqlalchemy.engine.Engine SELECT users.id, users.practice_id, users.clerk_id, users.email, users.name, users.role, users.phone, users.is_active, users.permissions, users.is_platform_admin, users.created_at, users.updated_at 
FROM users 
WHERE users.clerk_id = $1::VARCHAR
2026-08-31 16:11:57,522 INFO sqlalchemy.engine.Engine [cached since 1767s ago] ('user_3IJjXjFLcG4qaagJWxQnHqHoXEr',)
2026-08-31 16:11:57,525 INFO sqlalchemy.engine.Engine SELECT treatment_plans.id, treatment_plans.practice_id, treatment_plans.patient_id, treatment_plans.doctor_id, treatment_plans.consultation_note_id, treatment_plans.title, treatment_plans.status, treatment_plans.created_at, treatment_plans.updated_at 
FROM treatment_plans 
WHERE treatment_plans.practice_id = $1::UUID AND treatment_plans.patient_id = $2::UUID ORDER BY treatment_plans.created_at DESC
2026-08-31 16:11:57,525 INFO sqlalchemy.engine.Engine [generated in 0.00023s] (UUID('4d1123f3-3ba2-42f3-b584-a5009c7b3e39'), UUID('c4a9ef0d-7c8d-4da9-aaf7-e9e94a6fdc44'))
2026-08-31 16:11:57,528 INFO sqlalchemy.engine.Engine SELECT patients.id, patients.practice_id, patients.first_name, patients.last_name, patients.email, patients.phone, patients.date_of_birth, patients.medical_history, patients.consent_status, patients.plan_type, patients.chief_complaint, patients.needs_surgery, patients.ai_agent_assigned, patients.agent_status, patients.agent_cost, patients.lifecycle_stage, patients.lost_reason, patients.source, patients.created_at, patients.updated_at 
FROM patients 
WHERE patients.id = $1::UUID AND patients.practice_id = $2::UUID
2026-08-31 16:11:57,528 INFO sqlalchemy.engine.Engine [generated in 0.00027s] (UUID('c4a9ef0d-7c8d-4da9-aaf7-e9e94a6fdc44'), UUID('4d1123f3-3ba2-42f3-b584-a5009c7b3e39'))
2026-08-31 16:11:57,531 INFO sqlalchemy.engine.Engine SELECT consent_documents.id, consent_documents.practice_id, consent_documents.patient_id, consent_documents.document_type, consent_documents.content, consent_documents.version, consent_documents.status, consent_documents.signed_at, consent_documents.signed_by_name, consent_documents.witnessed_by, consent_documents.created_at, consent_documents.updated_at 
FROM consent_documents 
WHERE consent_documents.practice_id = $1::UUID AND consent_documents.patient_id = $2::UUID ORDER BY consent_documents.created_at DESC
2026-08-31 16:11:57,531 INFO sqlalchemy.engine.Engine [generated in 0.00023s] (UUID('4d1123f3-3ba2-42f3-b584-a5009c7b3e39'), UUID('c4a9ef0d-7c8d-4da9-aaf7-e9e94a6fdc44'))
2026-08-31 16:11:57,537 INFO sqlalchemy.engine.Engine SELECT invoices.id, invoices.practice_id, invoices.patient_id, invoices.appointment_id, invoices.treatment_plan_id, invoices.subtotal_amount, invoices.tax_amount, invoices.discount_amount, invoices.total_amount, invoices.status, invoices.due_date, invoices.paid_at, invoices.created_at, invoices.updated_at 
FROM invoices 
WHERE invoices.practice_id = $1::UUID AND invoices.patient_id = $2::UUID ORDER BY invoices.created_at DESC
2026-08-31 16:11:57,538 INFO sqlalchemy.engine.Engine [generated in 0.00090s] (UUID('4d1123f3-3ba2-42f3-b584-a5009c7b3e39'), UUID('c4a9ef0d-7c8d-4da9-aaf7-e9e94a6fdc44'))
2026-08-31 16:11:57,542 INFO sqlalchemy.engine.Engine SELECT patient_photos.id, patient_photos.patient_id, patient_photos.cloudinary_public_id, patient_photos.cloudinary_url, patient_photos.photo_type, patient_photos.notes, patient_photos.created_at 
FROM patient_photos 
WHERE patient_photos.patient_id = $1::UUID ORDER BY patient_photos.created_at DESC
2026-08-31 16:11:57,542 INFO sqlalchemy.engine.Engine [generated in 0.00029s] (UUID('c4a9ef0d-7c8d-4da9-aaf7-e9e94a6fdc44'),)
2026-08-31 16:11:57,547 INFO sqlalchemy.engine.Engine COMMIT
INFO:     127.0.0.1:56182 - "GET /api/v1/patients/c4a9ef0d-7c8d-4da9-aaf7-e9e94a6fdc44/photos HTTP/1.1" 200 OK
2026-08-31 16:11:57,562 INFO sqlalchemy.engine.Engine COMMIT
2026-08-31 16:11:57,567 INFO sqlalchemy.engine.Engine COMMIT
2026-08-31 16:11:57,572 INFO sqlalchemy.engine.Engine COMMIT
INFO:     127.0.0.1:56179 - "GET /api/v1/clinical/notes?patient_id=c4a9ef0d-7c8d-4da9-aaf7-e9e94a6fdc44 HTTP/1.1" 200 OK
INFO:     127.0.0.1:56173 - "GET /api/v1/clinical/treatment-plans?patient_id=c4a9ef0d-7c8d-4da9-aaf7-e9e94a6fdc44 HTTP/1.1" 200 OK
INFO:     127.0.0.1:56183 - "GET /api/v1/patients/c4a9ef0d-7c8d-4da9-aaf7-e9e94a6fdc44/consent-documents HTTP/1.1" 200 OK
2026-08-31 16:11:57,585 INFO sqlalchemy.engine.Engine SELECT invoice_line_items.invoice_id AS invoice_line_items_invoice_id, invoice_line_items.id AS invoice_line_items_id, invoice_line_items.treatment_plan_item_id AS invoice_line_items_treatment_plan_item_id, invoice_line_items.description AS invoice_line_items_description, invoice_line_items.quantity AS invoice_line_items_quantity, invoice_line_items.unit_price AS invoice_line_items_unit_price, invoice_line_items.created_at AS invoice_line_items_created_at, invoice_line_items.updated_at AS invoice_line_items_updated_at 
FROM invoice_line_items 
WHERE invoice_line_items.invoice_id IN ($1::UUID) ORDER BY invoice_line_items.created_at
2026-08-31 16:11:57,586 INFO sqlalchemy.engine.Engine [generated in 0.00074s] (UUID('2eed001e-3956-4aea-9ff0-3226c046eac6'),)
2026-08-31 16:11:57,596 INFO sqlalchemy.engine.Engine COMMIT
INFO:     127.0.0.1:56185 - "GET /api/v1/invoices?patient_id=c4a9ef0d-7c8d-4da9-aaf7-e9e94a6fdc44 HTTP/1.1" 200 OK
2026-08-31 16:12:04,630 INFO sqlalchemy.engine.Engine BEGIN (implicit)
2026-08-31 16:12:04,632 INFO sqlalchemy.engine.Engine SELECT users.id, users.practice_id, users.clerk_id, users.email, users.name, users.role, users.phone, users.is_active, users.permissions, users.is_platform_admin, users.created_at, users.updated_at 
FROM users 
WHERE users.clerk_id = $1::VARCHAR
2026-08-31 16:12:04,633 INFO sqlalchemy.engine.Engine [cached since 1774s ago] ('user_3Idz3lR4nUx32RQ08fmzLywvcaV',)
2026-08-31 16:12:04,640 INFO sqlalchemy.engine.Engine SELECT pending_doctor_requests.id, pending_doctor_requests.practice_id, pending_doctor_requests.clerk_id, pending_doctor_requests.name, pending_doctor_requests.email, pending_doctor_requests.phone, pending_doctor_requests.specialty, pending_doctor_requests.license_number, pending_doctor_requests.bio, pending_doctor_requests.photo_url, pending_doctor_requests.documents, pending_doctor_requests.status, pending_doctor_requests.rejected_reason, pending_doctor_requests.doctor_id, pending_doctor_requests.submitted_at, pending_doctor_requests.reviewed_at 
FROM pending_doctor_requests 
WHERE pending_doctor_requests.clerk_id = $1::VARCHAR
2026-08-31 16:12:04,641 INFO sqlalchemy.engine.Engine [cached since 1774s ago] ('user_3Idz3lR4nUx32RQ08fmzLywvcaV',)
2026-08-31 16:12:04,643 INFO sqlalchemy.engine.Engine COMMIT
INFO:     127.0.0.1:56191 - "GET /api/v1/doctor-applications/me HTTP/1.1" 200 OK
2026-08-31 16:12:13,023 INFO sqlalchemy.engine.Engine BEGIN (implicit)
2026-08-31 16:12:13,024 INFO sqlalchemy.engine.Engine SELECT users.id, users.practice_id, users.clerk_id, users.email, users.name, users.role, users.phone, users.is_active, users.permissions, users.is_platform_admin, users.created_at, users.updated_at 
FROM users 
WHERE users.clerk_id = $1::VARCHAR
2026-08-31 16:12:13,024 INFO sqlalchemy.engine.Engine [cached since 1782s ago] ('user_3Idz3lR4nUx32RQ08fmzLywvcaV',)
2026-08-31 16:12:13,028 INFO sqlalchemy.engine.Engine SELECT pending_doctor_requests.id, pending_doctor_requests.practice_id, pending_doctor_requests.clerk_id, pending_doctor_requests.name, pending_doctor_requests.email, pending_doctor_requests.phone, pending_doctor_requests.specialty, pending_doctor_requests.license_number, pending_doctor_requests.bio, pending_doctor_requests.photo_url, pending_doctor_requests.documents, pending_doctor_requests.status, pending_doctor_requests.rejected_reason, pending_doctor_requests.doctor_id, pending_doctor_requests.submitted_at, pending_doctor_requests.reviewed_at 
FROM pending_doctor_requests 
WHERE pending_doctor_requests.clerk_id = $1::VARCHAR
2026-08-31 16:12:13,028 INFO sqlalchemy.engine.Engine [cached since 1782s ago] ('user_3Idz3lR4nUx32RQ08fmzLywvcaV',)
2026-08-31 16:12:13,031 INFO sqlalchemy.engine.Engine COMMIT
INFO:     127.0.0.1:56194 - "GET /api/v1/doctor-applications/me HTTP/1.1" 200 OK
2026-08-31 16:12:22,393 INFO sqlalchemy.engine.Engine BEGIN (implicit)
2026-08-31 16:12:22,394 INFO sqlalchemy.engine.Engine SELECT users.id, users.practice_id, users.clerk_id, users.email, users.name, users.role, users.phone, users.is_active, users.permissions, users.is_platform_admin, users.created_at, users.updated_at 
FROM users 
WHERE users.clerk_id = $1::VARCHAR
2026-08-31 16:12:22,395 INFO sqlalchemy.engine.Engine [cached since 1791s ago] ('user_3Idz3lR4nUx32RQ08fmzLywvcaV',)
2026-08-31 16:12:22,401 INFO sqlalchemy.engine.Engine SELECT pending_doctor_requests.id, pending_doctor_requests.practice_id, pending_doctor_requests.clerk_id, pending_doctor_requests.name, pending_doctor_requests.email, pending_doctor_requests.phone, pending_doctor_requests.specialty, pending_doctor_requests.license_number, pending_doctor_requests.bio, pending_doctor_requests.photo_url, pending_doctor_requests.documents, pending_doctor_requests.status, pending_doctor_requests.rejected_reason, pending_doctor_requests.doctor_id, pending_doctor_requests.submitted_at, pending_doctor_requests.reviewed_at 
FROM pending_doctor_requests 
WHERE pending_doctor_requests.clerk_id = $1::VARCHAR
2026-08-31 16:12:22,403 INFO sqlalchemy.engine.Engine [cached since 1791s ago] ('user_3Idz3lR4nUx32RQ08fmzLywvcaV',)
2026-08-31 16:12:22,407 INFO sqlalchemy.engine.Engine COMMIT
INFO:     127.0.0.1:56197 - "GET /api/v1/doctor-applications/me HTTP/1.1" 200 OK
2026-08-31 16:12:32,702 INFO sqlalchemy.engine.Engine BEGIN (implicit)
2026-08-31 16:12:32,702 INFO sqlalchemy.engine.Engine SELECT users.id, users.practice_id, users.clerk_id, users.email, users.name, users.role, users.phone, users.is_active, users.permissions, users.is_platform_admin, users.created_at, users.updated_at 
FROM users 
WHERE users.clerk_id = $1::VARCHAR
2026-08-31 16:12:32,703 INFO sqlalchemy.engine.Engine [cached since 1802s ago] ('user_3Idz3lR4nUx32RQ08fmzLywvcaV',)
2026-08-31 16:12:32,704 INFO sqlalchemy.engine.Engine SELECT pending_doctor_requests.id, pending_doctor_requests.practice_id, pending_doctor_requests.clerk_id, pending_doctor_requests.name, pending_doctor_requests.email, pending_doctor_requests.phone, pending_doctor_requests.specialty, pending_doctor_requests.license_number, pending_doctor_requests.bio, pending_doctor_requests.photo_url, pending_doctor_requests.documents, pending_doctor_requests.status, pending_doctor_requests.rejected_reason, pending_doctor_requests.doctor_id, pending_doctor_requests.submitted_at, pending_doctor_requests.reviewed_at 
FROM pending_doctor_requests 
WHERE pending_doctor_requests.clerk_id = $1::VARCHAR
2026-08-31 16:12:32,705 INFO sqlalchemy.engine.Engine [cached since 1802s ago] ('user_3Idz3lR4nUx32RQ08fmzLywvcaV',)
2026-08-31 16:12:32,706 INFO sqlalchemy.engine.Engine COMMIT
INFO:     127.0.0.1:56200 - "GET /api/v1/doctor-applications/me HTTP/1.1" 200 OK
2026-08-31 16:12:41,346 INFO sqlalchemy.engine.Engine BEGIN (implicit)
2026-08-31 16:12:41,347 INFO sqlalchemy.engine.Engine SELECT users.id, users.practice_id, users.clerk_id, users.email, users.name, users.role, users.phone, users.is_active, users.permissions, users.is_platform_admin, users.created_at, users.updated_at 
FROM users 
WHERE users.clerk_id = $1::VARCHAR
2026-08-31 16:12:41,347 INFO sqlalchemy.engine.Engine [cached since 1810s ago] ('user_3Idz3lR4nUx32RQ08fmzLywvcaV',)
2026-08-31 16:12:41,352 INFO sqlalchemy.engine.Engine SELECT pending_doctor_requests.id, pending_doctor_requests.practice_id, pending_doctor_requests.clerk_id, pending_doctor_requests.name, pending_doctor_requests.email, pending_doctor_requests.phone, pending_doctor_requests.specialty, pending_doctor_requests.license_number, pending_doctor_requests.bio, pending_doctor_requests.photo_url, pending_doctor_requests.documents, pending_doctor_requests.status, pending_doctor_requests.rejected_reason, pending_doctor_requests.doctor_id, pending_doctor_requests.submitted_at, pending_doctor_requests.reviewed_at 
FROM pending_doctor_requests 
WHERE pending_doctor_requests.clerk_id = $1::VARCHAR
2026-08-31 16:12:41,353 INFO sqlalchemy.engine.Engine [cached since 1810s ago] ('user_3Idz3lR4nUx32RQ08fmzLywvcaV',)
2026-08-31 16:12:41,356 INFO sqlalchemy.engine.Engine COMMIT
INFO:     127.0.0.1:56205 - "GET /api/v1/doctor-applications/me HTTP/1.1" 200 OK
INFO:     127.0.0.1:56207 - "OPTIONS /api/v1/practice/doctor-signup-code HTTP/1.1" 200 OK
INFO:     127.0.0.1:56208 - "OPTIONS /api/v1/doctors HTTP/1.1" 200 OK
2026-08-31 16:12:46,202 INFO sqlalchemy.engine.Engine BEGIN (implicit)
2026-08-31 16:12:46,203 INFO sqlalchemy.engine.Engine SELECT users.id, users.practice_id, users.clerk_id, users.email, users.name, users.role, users.phone, users.is_active, users.permissions, users.is_platform_admin, users.created_at, users.updated_at 
FROM users 
WHERE users.clerk_id = $1::VARCHAR
2026-08-31 16:12:46,204 INFO sqlalchemy.engine.Engine [cached since 1815s ago] ('user_3IJjXjFLcG4qaagJWxQnHqHoXEr',)
2026-08-31 16:12:46,612 INFO sqlalchemy.engine.Engine BEGIN (implicit)
2026-08-31 16:12:46,613 INFO sqlalchemy.engine.Engine SELECT users.id, users.practice_id, users.clerk_id, users.email, users.name, users.role, users.phone, users.is_active, users.permissions, users.is_platform_admin, users.created_at, users.updated_at 
FROM users 
WHERE users.clerk_id = $1::VARCHAR
2026-08-31 16:12:46,613 INFO sqlalchemy.engine.Engine [cached since 1816s ago] ('user_3IJjXjFLcG4qaagJWxQnHqHoXEr',)
2026-08-31 16:12:46,614 INFO sqlalchemy.engine.Engine SELECT practices.id, practices.name, practices.email, practices.phone, practices.address, practices.timezone, practices.settings, practices.created_at, practices.updated_at 
FROM practices 
WHERE practices.id = $1::UUID
2026-08-31 16:12:46,614 INFO sqlalchemy.engine.Engine [cached since 1792s ago] (UUID('4d1123f3-3ba2-42f3-b584-a5009c7b3e39'),)
2026-08-31 16:12:46,615 INFO sqlalchemy.engine.Engine SELECT doctors.id, doctors.practice_id, doctors.user_id, doctors.name, doctors.email, doctors.phone, doctors.specialty, doctors.license_number, doctors.bio, doctors.photo_url, doctors.capabilities, doctors.permissions, doctors.is_active, doctors.created_at, doctors.updated_at 
FROM doctors 
WHERE doctors.practice_id = $1::UUID ORDER BY doctors.created_at DESC
2026-08-31 16:12:46,615 INFO sqlalchemy.engine.Engine [cached since 1792s ago] (UUID('4d1123f3-3ba2-42f3-b584-a5009c7b3e39'),)
2026-08-31 16:12:46,616 INFO sqlalchemy.engine.Engine SELECT subscriptions.id, subscriptions.practice_id, subscriptions.stripe_subscription_id, subscriptions.tier, subscriptions.status, subscriptions.price, subscriptions.start_date, subscriptions.end_date, subscriptions.auto_renew, subscriptions.created_at, subscriptions.updated_at 
FROM subscriptions 
WHERE subscriptions.practice_id = $1::UUID AND subscriptions.status IN ($2::subscriptionstatus, $3::subscriptionstatus) ORDER BY subscriptions.created_at DESC
2026-08-31 16:12:46,617 INFO sqlalchemy.engine.Engine [cached since 1792s ago] (UUID('4d1123f3-3ba2-42f3-b584-a5009c7b3e39'), 'ACTIVE', 'TRIAL')
2026-08-31 16:12:46,617 INFO sqlalchemy.engine.Engine COMMIT
2026-08-31 16:12:46,618 INFO sqlalchemy.engine.Engine COMMIT
INFO:     127.0.0.1:56207 - "GET /api/v1/doctors HTTP/1.1" 200 OK
INFO:     127.0.0.1:56208 - "GET /api/v1/practice/doctor-signup-code HTTP/1.1" 200 OK
2026-08-31 16:12:50,011 INFO sqlalchemy.engine.Engine BEGIN (implicit)
2026-08-31 16:12:50,011 INFO sqlalchemy.engine.Engine SELECT users.id, users.practice_id, users.clerk_id, users.email, users.name, users.role, users.phone, users.is_active, users.permissions, users.is_platform_admin, users.created_at, users.updated_at 
FROM users 
WHERE users.clerk_id = $1::VARCHAR
2026-08-31 16:12:50,011 INFO sqlalchemy.engine.Engine [cached since 1819s ago] ('user_3Idz3lR4nUx32RQ08fmzLywvcaV',)
2026-08-31 16:12:50,013 INFO sqlalchemy.engine.Engine SELECT pending_doctor_requests.id, pending_doctor_requests.practice_id, pending_doctor_requests.clerk_id, pending_doctor_requests.name, pending_doctor_requests.email, pending_doctor_requests.phone, pending_doctor_requests.specialty, pending_doctor_requests.license_number, pending_doctor_requests.bio, pending_doctor_requests.photo_url, pending_doctor_requests.documents, pending_doctor_requests.status, pending_doctor_requests.rejected_reason, pending_doctor_requests.doctor_id, pending_doctor_requests.submitted_at, pending_doctor_requests.reviewed_at 
FROM pending_doctor_requests 
WHERE pending_doctor_requests.clerk_id = $1::VARCHAR
2026-08-31 16:12:50,013 INFO sqlalchemy.engine.Engine [cached since 1819s ago] ('user_3Idz3lR4nUx32RQ08fmzLywvcaV',)
2026-08-31 16:12:50,015 INFO sqlalchemy.engine.Engine COMMIT
INFO:     127.0.0.1:56212 - "GET /api/v1/doctor-applications/me HTTP/1.1" 200 OK
2026-08-31 16:12:59,061 INFO sqlalchemy.engine.Engine BEGIN (implicit)
2026-08-31 16:12:59,062 INFO sqlalchemy.engine.Engine SELECT users.id, users.practice_id, users.clerk_id, users.email, users.name, users.role, users.phone, users.is_active, users.permissions, users.is_platform_admin, users.created_at, users.updated_at 
FROM users 
WHERE users.clerk_id = $1::VARCHAR
2026-08-31 16:12:59,062 INFO sqlalchemy.engine.Engine [cached since 1828s ago] ('user_3Idz3lR4nUx32RQ08fmzLywvcaV',)
2026-08-31 16:12:59,065 INFO sqlalchemy.engine.Engine SELECT pending_doctor_requests.id, pending_doctor_requests.practice_id, pending_doctor_requests.clerk_id, pending_doctor_requests.name, pending_doctor_requests.email, pending_doctor_requests.phone, pending_doctor_requests.specialty, pending_doctor_requests.license_number, pending_doctor_requests.bio, pending_doctor_requests.photo_url, pending_doctor_requests.documents, pending_doctor_requests.status, pending_doctor_requests.rejected_reason, pending_doctor_requests.doctor_id, pending_doctor_requests.submitted_at, pending_doctor_requests.reviewed_at 
FROM pending_doctor_requests 
WHERE pending_doctor_requests.clerk_id = $1::VARCHAR
2026-08-31 16:12:59,066 INFO sqlalchemy.engine.Engine [cached since 1828s ago] ('user_3Idz3lR4nUx32RQ08fmzLywvcaV',)
2026-08-31 16:12:59,068 INFO sqlalchemy.engine.Engine COMMIT
INFO:     127.0.0.1:56215 - "GET /api/v1/doctor-applications/me HTTP/1.1" 200 OK
INFO:     127.0.0.1:56217 - "OPTIONS /api/v1/practice/doctor-signup-code/regenerate HTTP/1.1" 200 OK
2026-08-31 16:13:01,039 INFO sqlalchemy.engine.Engine BEGIN (implicit)
2026-08-31 16:13:01,040 INFO sqlalchemy.engine.Engine SELECT users.id, users.practice_id, users.clerk_id, users.email, users.name, users.role, users.phone, users.is_active, users.permissions, users.is_platform_admin, users.created_at, users.updated_at 
FROM users 
WHERE users.clerk_id = $1::VARCHAR
2026-08-31 16:13:01,040 INFO sqlalchemy.engine.Engine [cached since 1830s ago] ('user_3IJjXjFLcG4qaagJWxQnHqHoXEr',)
2026-08-31 16:13:01,043 INFO sqlalchemy.engine.Engine SELECT practices.id, practices.name, practices.email, practices.phone, practices.address, practices.timezone, practices.settings, practices.created_at, practices.updated_at 
FROM practices 
WHERE practices.id = $1::UUID
2026-08-31 16:13:01,043 INFO sqlalchemy.engine.Engine [cached since 1806s ago] (UUID('4d1123f3-3ba2-42f3-b584-a5009c7b3e39'),)
2026-08-31 16:13:01,046 INFO sqlalchemy.engine.Engine SELECT subscriptions.id, subscriptions.practice_id, subscriptions.stripe_subscription_id, subscriptions.tier, subscriptions.status, subscriptions.price, subscriptions.start_date, subscriptions.end_date, subscriptions.auto_renew, subscriptions.created_at, subscriptions.updated_at 
FROM subscriptions 
WHERE subscriptions.practice_id = $1::UUID AND subscriptions.status IN ($2::subscriptionstatus, $3::subscriptionstatus) ORDER BY subscriptions.created_at DESC
2026-08-31 16:13:01,046 INFO sqlalchemy.engine.Engine [cached since 1806s ago] (UUID('4d1123f3-3ba2-42f3-b584-a5009c7b3e39'), 'ACTIVE', 'TRIAL')
2026-08-31 16:13:01,052 INFO sqlalchemy.engine.Engine UPDATE practices SET settings=$1::JSONB, updated_at=now() WHERE practices.id = $2::UUID
2026-08-31 16:13:01,052 INFO sqlalchemy.engine.Engine [generated in 0.00047s] ('{"doctor_signup_code": "6058366766ac"}', UUID('4d1123f3-3ba2-42f3-b584-a5009c7b3e39'))
2026-08-31 16:13:01,060 INFO sqlalchemy.engine.Engine COMMIT
INFO:     127.0.0.1:56217 - "POST /api/v1/practice/doctor-signup-code/regenerate HTTP/1.1" 200 OK
INFO:     127.0.0.1:56236 - "OPTIONS /api/v1/practice/validate-doctor-code?code=6058366766ac HTTP/1.1" 200 OK
2026-08-31 16:13:07,921 INFO sqlalchemy.engine.Engine BEGIN (implicit)
2026-08-31 16:13:07,922 INFO sqlalchemy.engine.Engine SELECT practices.id, practices.name, practices.email, practices.phone, practices.address, practices.timezone, practices.settings, practices.created_at, practices.updated_at 
FROM practices
2026-08-31 16:13:07,922 INFO sqlalchemy.engine.Engine [generated in 0.00026s] ()
2026-08-31 16:13:07,924 INFO sqlalchemy.engine.Engine COMMIT
INFO:     127.0.0.1:56236 - "GET /api/v1/practice/validate-doctor-code?code=6058366766ac HTTP/1.1" 200 OK
2026-08-31 16:13:08,367 INFO sqlalchemy.engine.Engine BEGIN (implicit)
2026-08-31 16:13:08,367 INFO sqlalchemy.engine.Engine SELECT users.id, users.practice_id, users.clerk_id, users.email, users.name, users.role, users.phone, users.is_active, users.permissions, users.is_platform_admin, users.created_at, users.updated_at 
FROM users 
WHERE users.clerk_id = $1::VARCHAR
2026-08-31 16:13:08,368 INFO sqlalchemy.engine.Engine [cached since 1837s ago] ('user_3Idz3lR4nUx32RQ08fmzLywvcaV',)
2026-08-31 16:13:08,371 INFO sqlalchemy.engine.Engine SELECT pending_doctor_requests.id, pending_doctor_requests.practice_id, pending_doctor_requests.clerk_id, pending_doctor_requests.name, pending_doctor_requests.email, pending_doctor_requests.phone, pending_doctor_requests.specialty, pending_doctor_requests.license_number, pending_doctor_requests.bio, pending_doctor_requests.photo_url, pending_doctor_requests.documents, pending_doctor_requests.status, pending_doctor_requests.rejected_reason, pending_doctor_requests.doctor_id, pending_doctor_requests.submitted_at, pending_doctor_requests.reviewed_at 
FROM pending_doctor_requests 
WHERE pending_doctor_requests.clerk_id = $1::VARCHAR
2026-08-31 16:13:08,371 INFO sqlalchemy.engine.Engine [cached since 1837s ago] ('user_3Idz3lR4nUx32RQ08fmzLywvcaV',)
2026-08-31 16:13:08,373 INFO sqlalchemy.engine.Engine COMMIT
INFO:     127.0.0.1:56236 - "GET /api/v1/doctor-applications/me HTTP/1.1" 200 OK
2026-08-31 16:13:16,467 INFO sqlalchemy.engine.Engine BEGIN (implicit)
2026-08-31 16:13:16,468 INFO sqlalchemy.engine.Engine SELECT users.id, users.practice_id, users.clerk_id, users.email, users.name, users.role, users.phone, users.is_active, users.permissions, users.is_platform_admin, users.created_at, users.updated_at 
FROM users 
WHERE users.clerk_id = $1::VARCHAR
2026-08-31 16:13:16,468 INFO sqlalchemy.engine.Engine [cached since 1846s ago] ('user_3Idz3lR4nUx32RQ08fmzLywvcaV',)
2026-08-31 16:13:16,470 INFO sqlalchemy.engine.Engine SELECT pending_doctor_requests.id, pending_doctor_requests.practice_id, pending_doctor_requests.clerk_id, pending_doctor_requests.name, pending_doctor_requests.email, pending_doctor_requests.phone, pending_doctor_requests.specialty, pending_doctor_requests.license_number, pending_doctor_requests.bio, pending_doctor_requests.photo_url, pending_doctor_requests.documents, pending_doctor_requests.status, pending_doctor_requests.rejected_reason, pending_doctor_requests.doctor_id, pending_doctor_requests.submitted_at, pending_doctor_requests.reviewed_at 
FROM pending_doctor_requests 
WHERE pending_doctor_requests.clerk_id = $1::VARCHAR
2026-08-31 16:13:16,471 INFO sqlalchemy.engine.Engine [cached since 1846s ago] ('user_3Idz3lR4nUx32RQ08fmzLywvcaV',)
2026-08-31 16:13:16,472 INFO sqlalchemy.engine.Engine COMMIT
INFO:     127.0.0.1:56240 - "GET /api/v1/doctor-applications/me HTTP/1.1" 200 OK
2026-08-31 16:13:22,406 INFO sqlalchemy.engine.Engine BEGIN (implicit)
2026-08-31 16:13:22,407 INFO sqlalchemy.engine.Engine SELECT users.id, users.practice_id, users.clerk_id, users.email, users.name, users.role, users.phone, users.is_active, users.permissions, users.is_platform_admin, users.created_at, users.updated_at 
FROM users 
WHERE users.clerk_id = $1::VARCHAR
2026-08-31 16:13:22,407 INFO sqlalchemy.engine.Engine [cached since 1851s ago] ('user_3Idz3tQrP5vUET2Tr73OtYcK5Vw',)
INFO:     127.0.0.1:56248 - "OPTIONS /api/v1/invoices HTTP/1.1" 200 OK
INFO:     127.0.0.1:56249 - "OPTIONS /api/v1/finance/expenses HTTP/1.1" 200 OK
2026-08-31 16:13:22,415 INFO sqlalchemy.engine.Engine SELECT patients.id, patients.practice_id, patients.first_name, patients.last_name, patients.email, patients.phone, patients.date_of_birth, patients.medical_history, patients.consent_status, patients.plan_type, patients.chief_complaint, patients.needs_surgery, patients.ai_agent_assigned, patients.agent_status, patients.agent_cost, patients.lifecycle_stage, patients.lost_reason, patients.source, patients.created_at, patients.updated_at 
FROM patients 
WHERE patients.practice_id = $1::UUID ORDER BY patients.created_at DESC
2026-08-31 16:13:22,416 INFO sqlalchemy.engine.Engine [cached since 1828s ago] (UUID('4d1123f3-3ba2-42f3-b584-a5009c7b3e39'),)
2026-08-31 16:13:22,859 INFO sqlalchemy.engine.Engine BEGIN (implicit)
2026-08-31 16:13:22,859 INFO sqlalchemy.engine.Engine SELECT users.id, users.practice_id, users.clerk_id, users.email, users.name, users.role, users.phone, users.is_active, users.permissions, users.is_platform_admin, users.created_at, users.updated_at 
FROM users 
WHERE users.clerk_id = $1::VARCHAR
2026-08-31 16:13:22,860 INFO sqlalchemy.engine.Engine [cached since 1852s ago] ('user_3Idz3tQrP5vUET2Tr73OtYcK5Vw',)
2026-08-31 16:13:22,861 INFO sqlalchemy.engine.Engine SELECT DISTINCT appointments.patient_id 
FROM appointments 
WHERE appointments.practice_id = $1::UUID AND appointments.patient_id IN ($4::UUID) AND appointments.start_time >= $2::TIMESTAMP WITH TIME ZONE AND appointments.status != $3::appointmentstatus
2026-08-31 16:13:22,861 INFO sqlalchemy.engine.Engine [cached since 1828s ago] (UUID('4d1123f3-3ba2-42f3-b584-a5009c7b3e39'), datetime.datetime(2026, 8, 31, 11, 13, 22, 860807, tzinfo=datetime.timezone.utc), 'CANCELLED', UUID('c4a9ef0d-7c8d-4da9-aaf7-e9e94a6fdc44'))
2026-08-31 16:13:22,865 INFO sqlalchemy.engine.Engine SELECT DISTINCT appointments.patient_id 
FROM appointments 
WHERE appointments.practice_id = $1::UUID AND appointments.patient_id IN ($3::UUID) AND appointments.status = $2::appointmentstatus
2026-08-31 16:13:22,866 INFO sqlalchemy.engine.Engine [cached since 1828s ago] (UUID('4d1123f3-3ba2-42f3-b584-a5009c7b3e39'), 'COMPLETED', UUID('c4a9ef0d-7c8d-4da9-aaf7-e9e94a6fdc44'))
2026-08-31 16:13:23,286 INFO sqlalchemy.engine.Engine BEGIN (implicit)
2026-08-31 16:13:23,287 INFO sqlalchemy.engine.Engine SELECT users.id, users.practice_id, users.clerk_id, users.email, users.name, users.role, users.phone, users.is_active, users.permissions, users.is_platform_admin, users.created_at, users.updated_at 
FROM users 
WHERE users.clerk_id = $1::VARCHAR
2026-08-31 16:13:23,288 INFO sqlalchemy.engine.Engine [cached since 1852s ago] ('user_3Idz3tQrP5vUET2Tr73OtYcK5Vw',)
2026-08-31 16:13:23,297 INFO sqlalchemy.engine.Engine SELECT invoices.id, invoices.practice_id, invoices.patient_id, invoices.appointment_id, invoices.treatment_plan_id, invoices.subtotal_amount, invoices.tax_amount, invoices.discount_amount, invoices.total_amount, invoices.status, invoices.due_date, invoices.paid_at, invoices.created_at, invoices.updated_at 
FROM invoices 
WHERE invoices.practice_id = $1::UUID ORDER BY invoices.created_at DESC
2026-08-31 16:13:23,298 INFO sqlalchemy.engine.Engine [generated in 0.00085s] (UUID('4d1123f3-3ba2-42f3-b584-a5009c7b3e39'),)
2026-08-31 16:13:23,300 INFO sqlalchemy.engine.Engine COMMIT
2026-08-31 16:13:23,306 INFO sqlalchemy.engine.Engine SELECT expenses.id, expenses.practice_id, expenses.category, expenses.amount, expenses.vendor, expenses.expense_date, expenses.notes, expenses.recorded_by, expenses.created_at, expenses.updated_at 
FROM expenses 
WHERE expenses.practice_id = $1::UUID ORDER BY expenses.expense_date DESC
2026-08-31 16:13:23,306 INFO sqlalchemy.engine.Engine [generated in 0.00035s] (UUID('4d1123f3-3ba2-42f3-b584-a5009c7b3e39'),)
2026-08-31 16:13:23,308 INFO sqlalchemy.engine.Engine SELECT invoice_line_items.invoice_id AS invoice_line_items_invoice_id, invoice_line_items.id AS invoice_line_items_id, invoice_line_items.treatment_plan_item_id AS invoice_line_items_treatment_plan_item_id, invoice_line_items.description AS invoice_line_items_description, invoice_line_items.quantity AS invoice_line_items_quantity, invoice_line_items.unit_price AS invoice_line_items_unit_price, invoice_line_items.created_at AS invoice_line_items_created_at, invoice_line_items.updated_at AS invoice_line_items_updated_at 
FROM invoice_line_items 
WHERE invoice_line_items.invoice_id IN ($1::UUID) ORDER BY invoice_line_items.created_at
2026-08-31 16:13:23,309 INFO sqlalchemy.engine.Engine [cached since 85.72s ago] (UUID('2eed001e-3956-4aea-9ff0-3226c046eac6'),)
INFO:     127.0.0.1:56247 - "GET /api/v1/patients HTTP/1.1" 200 OK
2026-08-31 16:13:23,312 INFO sqlalchemy.engine.Engine COMMIT
2026-08-31 16:13:23,435 INFO sqlalchemy.engine.Engine BEGIN (implicit)
2026-08-31 16:13:23,435 INFO sqlalchemy.engine.Engine SELECT users.id, users.practice_id, users.clerk_id, users.email, users.name, users.role, users.phone, users.is_active, users.permissions, users.is_platform_admin, users.created_at, users.updated_at 
FROM users 
WHERE users.clerk_id = $1::VARCHAR
2026-08-31 16:13:23,436 INFO sqlalchemy.engine.Engine [cached since 1853s ago] ('user_3Idz3tQrP5vUET2Tr73OtYcK5Vw',)
2026-08-31 16:13:23,437 INFO sqlalchemy.engine.Engine COMMIT
INFO:     127.0.0.1:56248 - "GET /api/v1/invoices HTTP/1.1" 200 OK
2026-08-31 16:13:23,525 INFO sqlalchemy.engine.Engine BEGIN (implicit)
2026-08-31 16:13:23,525 INFO sqlalchemy.engine.Engine SELECT users.id, users.practice_id, users.clerk_id, users.email, users.name, users.role, users.phone, users.is_active, users.permissions, users.is_platform_admin, users.created_at, users.updated_at 
FROM users 
WHERE users.clerk_id = $1::VARCHAR
2026-08-31 16:13:23,525 INFO sqlalchemy.engine.Engine [cached since 1853s ago] ('user_3Idz3tQrP5vUET2Tr73OtYcK5Vw',)
2026-08-31 16:13:23,528 INFO sqlalchemy.engine.Engine SELECT patients.id, patients.practice_id, patients.first_name, patients.last_name, patients.email, patients.phone, patients.date_of_birth, patients.medical_history, patients.consent_status, patients.plan_type, patients.chief_complaint, patients.needs_surgery, patients.ai_agent_assigned, patients.agent_status, patients.agent_cost, patients.lifecycle_stage, patients.lost_reason, patients.source, patients.created_at, patients.updated_at 
FROM patients 
WHERE patients.practice_id = $1::UUID ORDER BY patients.created_at DESC
2026-08-31 16:13:23,528 INFO sqlalchemy.engine.Engine [cached since 1829s ago] (UUID('4d1123f3-3ba2-42f3-b584-a5009c7b3e39'),)
INFO:     127.0.0.1:56251 - "GET /api/v1/finance/expenses HTTP/1.1" 200 OK
2026-08-31 16:13:23,533 INFO sqlalchemy.engine.Engine SELECT users.id, users.practice_id, users.clerk_id, users.email, users.name, users.role, users.phone, users.is_active, users.permissions, users.is_platform_admin, users.created_at, users.updated_at 
FROM users 
WHERE users.id = $1::UUID AND users.practice_id = $2::UUID AND users.role != $3::userrole
2026-08-31 16:13:23,533 INFO sqlalchemy.engine.Engine [cached since 1733s ago] (UUID('b93c25bd-5371-4223-a5a5-e92b554168b8'), UUID('4d1123f3-3ba2-42f3-b584-a5009c7b3e39'), 'OWNER')
2026-08-31 16:13:23,536 INFO sqlalchemy.engine.Engine SELECT DISTINCT appointments.patient_id 
FROM appointments 
WHERE appointments.practice_id = $1::UUID AND appointments.patient_id IN ($4::UUID) AND appointments.start_time >= $2::TIMESTAMP WITH TIME ZONE AND appointments.status != $3::appointmentstatus
2026-08-31 16:13:23,536 INFO sqlalchemy.engine.Engine [cached since 1829s ago] (UUID('4d1123f3-3ba2-42f3-b584-a5009c7b3e39'), datetime.datetime(2026, 8, 31, 11, 13, 23, 534941, tzinfo=datetime.timezone.utc), 'CANCELLED', UUID('c4a9ef0d-7c8d-4da9-aaf7-e9e94a6fdc44'))
2026-08-31 16:13:23,537 INFO sqlalchemy.engine.Engine SELECT staff_messages.id, staff_messages.practice_id, staff_messages.staff_user_id, staff_messages.sender_id, staff_messages.body, staff_messages.created_at 
FROM staff_messages 
WHERE staff_messages.practice_id = $1::UUID AND staff_messages.staff_user_id = $2::UUID ORDER BY staff_messages.created_at ASC
2026-08-31 16:13:23,538 INFO sqlalchemy.engine.Engine [cached since 1733s ago] (UUID('4d1123f3-3ba2-42f3-b584-a5009c7b3e39'), UUID('b93c25bd-5371-4223-a5a5-e92b554168b8'))
2026-08-31 16:13:23,539 INFO sqlalchemy.engine.Engine SELECT DISTINCT appointments.patient_id 
FROM appointments 
WHERE appointments.practice_id = $1::UUID AND appointments.patient_id IN ($3::UUID) AND appointments.status = $2::appointmentstatus
2026-08-31 16:13:23,539 INFO sqlalchemy.engine.Engine [cached since 1829s ago] (UUID('4d1123f3-3ba2-42f3-b584-a5009c7b3e39'), 'COMPLETED', UUID('c4a9ef0d-7c8d-4da9-aaf7-e9e94a6fdc44'))
2026-08-31 16:13:23,540 INFO sqlalchemy.engine.Engine SELECT users.id AS users_id, users.practice_id AS users_practice_id, users.clerk_id AS users_clerk_id, users.email AS users_email, users.name AS users_name, users.role AS users_role, users.phone AS users_phone, users.is_active AS users_is_active, users.permissions AS users_permissions, users.is_platform_admin AS users_is_platform_admin, users.created_at AS users_created_at, users.updated_at AS users_updated_at 
FROM users 
WHERE users.id IN ($1::UUID, $2::UUID)
2026-08-31 16:13:23,540 INFO sqlalchemy.engine.Engine [cached since 347.5s ago] (UUID('7a8e4484-f378-4080-bd7f-e1a399b2254e'), UUID('b93c25bd-5371-4223-a5a5-e92b554168b8'))
2026-08-31 16:13:23,541 INFO sqlalchemy.engine.Engine COMMIT
2026-08-31 16:13:23,542 INFO sqlalchemy.engine.Engine COMMIT
INFO:     127.0.0.1:56254 - "GET /api/v1/patients HTTP/1.1" 200 OK
INFO:     127.0.0.1:56247 - "GET /api/v1/staff-messages/me HTTP/1.1" 200 OK
INFO:     127.0.0.1:56247 - "OPTIONS /api/v1/inventory/items HTTP/1.1" 200 OK
2026-08-31 16:13:24,923 INFO sqlalchemy.engine.Engine BEGIN (implicit)
2026-08-31 16:13:24,923 INFO sqlalchemy.engine.Engine SELECT users.id, users.practice_id, users.clerk_id, users.email, users.name, users.role, users.phone, users.is_active, users.permissions, users.is_platform_admin, users.created_at, users.updated_at 
FROM users 
WHERE users.clerk_id = $1::VARCHAR
2026-08-31 16:13:24,923 INFO sqlalchemy.engine.Engine [cached since 1854s ago] ('user_3Idz3tQrP5vUET2Tr73OtYcK5Vw',)
2026-08-31 16:13:25,014 INFO sqlalchemy.engine.Engine BEGIN (implicit)
2026-08-31 16:13:25,014 INFO sqlalchemy.engine.Engine SELECT users.id, users.practice_id, users.clerk_id, users.email, users.name, users.role, users.phone, users.is_active, users.permissions, users.is_platform_admin, users.created_at, users.updated_at 
FROM users 
WHERE users.clerk_id = $1::VARCHAR
2026-08-31 16:13:25,014 INFO sqlalchemy.engine.Engine [cached since 1854s ago] ('user_3Idz3lR4nUx32RQ08fmzLywvcaV',)
2026-08-31 16:13:25,016 INFO sqlalchemy.engine.Engine SELECT inventory_items.id, inventory_items.practice_id, inventory_items.name, inventory_items.sku, inventory_items.category, inventory_items.unit, inventory_items.reorder_threshold, inventory_items.is_active, inventory_items.created_at, inventory_items.updated_at 
FROM inventory_items 
WHERE inventory_items.practice_id = $1::UUID ORDER BY inventory_items.name
2026-08-31 16:13:25,017 INFO sqlalchemy.engine.Engine [generated in 0.00023s] (UUID('4d1123f3-3ba2-42f3-b584-a5009c7b3e39'),)
2026-08-31 16:13:25,018 INFO sqlalchemy.engine.Engine SELECT pending_doctor_requests.id, pending_doctor_requests.practice_id, pending_doctor_requests.clerk_id, pending_doctor_requests.name, pending_doctor_requests.email, pending_doctor_requests.phone, pending_doctor_requests.specialty, pending_doctor_requests.license_number, pending_doctor_requests.bio, pending_doctor_requests.photo_url, pending_doctor_requests.documents, pending_doctor_requests.status, pending_doctor_requests.rejected_reason, pending_doctor_requests.doctor_id, pending_doctor_requests.submitted_at, pending_doctor_requests.reviewed_at 
FROM pending_doctor_requests 
WHERE pending_doctor_requests.clerk_id = $1::VARCHAR
2026-08-31 16:13:25,018 INFO sqlalchemy.engine.Engine [cached since 1854s ago] ('user_3Idz3lR4nUx32RQ08fmzLywvcaV',)
2026-08-31 16:13:25,020 INFO sqlalchemy.engine.Engine COMMIT
INFO:     127.0.0.1:56259 - "GET /api/v1/doctor-applications/me HTTP/1.1" 200 OK
2026-08-31 16:13:25,022 INFO sqlalchemy.engine.Engine COMMIT
INFO:     127.0.0.1:56247 - "GET /api/v1/inventory/items HTTP/1.1" 200 OK
INFO:     127.0.0.1:56247 - "OPTIONS /api/v1/patients/funnel-summary HTTP/1.1" 200 OK
2026-08-31 16:13:26,058 INFO sqlalchemy.engine.Engine BEGIN (implicit)
2026-08-31 16:13:26,058 INFO sqlalchemy.engine.Engine SELECT users.id, users.practice_id, users.clerk_id, users.email, users.name, users.role, users.phone, users.is_active, users.permissions, users.is_platform_admin, users.created_at, users.updated_at 
FROM users 
WHERE users.clerk_id = $1::VARCHAR
2026-08-31 16:13:26,058 INFO sqlalchemy.engine.Engine [cached since 1855s ago] ('user_3Idz3tQrP5vUET2Tr73OtYcK5Vw',)
2026-08-31 16:13:26,063 INFO sqlalchemy.engine.Engine SELECT patients.lifecycle_stage, count(*) AS count_1 
FROM patients 
WHERE patients.practice_id = $1::UUID GROUP BY patients.lifecycle_stage
2026-08-31 16:13:26,064 INFO sqlalchemy.engine.Engine [generated in 0.00043s] (UUID('4d1123f3-3ba2-42f3-b584-a5009c7b3e39'),)
2026-08-31 16:13:26,074 INFO sqlalchemy.engine.Engine COMMIT
INFO:     127.0.0.1:56247 - "GET /api/v1/patients/funnel-summary HTTP/1.1" 200 OK
2026-08-31 16:13:27,025 INFO sqlalchemy.engine.Engine BEGIN (implicit)
2026-08-31 16:13:27,026 INFO sqlalchemy.engine.Engine SELECT users.id, users.practice_id, users.clerk_id, users.email, users.name, users.role, users.phone, users.is_active, users.permissions, users.is_platform_admin, users.created_at, users.updated_at 
FROM users 
WHERE users.clerk_id = $1::VARCHAR
2026-08-31 16:13:27,026 INFO sqlalchemy.engine.Engine [cached since 1856s ago] ('user_3Idz3tQrP5vUET2Tr73OtYcK5Vw',)
2026-08-31 16:13:27,117 INFO sqlalchemy.engine.Engine BEGIN (implicit)
2026-08-31 16:13:27,118 INFO sqlalchemy.engine.Engine SELECT users.id, users.practice_id, users.clerk_id, users.email, users.name, users.role, users.phone, users.is_active, users.permissions, users.is_platform_admin, users.created_at, users.updated_at 
FROM users 
WHERE users.clerk_id = $1::VARCHAR
2026-08-31 16:13:27,118 INFO sqlalchemy.engine.Engine [cached since 1856s ago] ('user_3Idz3tQrP5vUET2Tr73OtYcK5Vw',)
INFO:     127.0.0.1:56251 - "OPTIONS /api/v1/appointments?scope=practice HTTP/1.1" 200 OK
2026-08-31 16:13:27,120 INFO sqlalchemy.engine.Engine SELECT patients.id, patients.practice_id, patients.first_name, patients.last_name, patients.email, patients.phone, patients.date_of_birth, patients.medical_history, patients.consent_status, patients.plan_type, patients.chief_complaint, patients.needs_surgery, patients.ai_agent_assigned, patients.agent_status, patients.agent_cost, patients.lifecycle_stage, patients.lost_reason, patients.source, patients.created_at, patients.updated_at 
FROM patients 
WHERE patients.practice_id = $1::UUID ORDER BY patients.created_at DESC
2026-08-31 16:13:27,120 INFO sqlalchemy.engine.Engine [cached since 1833s ago] (UUID('4d1123f3-3ba2-42f3-b584-a5009c7b3e39'),)
2026-08-31 16:13:27,121 INFO sqlalchemy.engine.Engine SELECT doctors.id, doctors.practice_id, doctors.user_id, doctors.name, doctors.email, doctors.phone, doctors.specialty, doctors.license_number, doctors.bio, doctors.photo_url, doctors.capabilities, doctors.permissions, doctors.is_active, doctors.created_at, doctors.updated_at 
FROM doctors 
WHERE doctors.practice_id = $1::UUID ORDER BY doctors.created_at DESC
2026-08-31 16:13:27,122 INFO sqlalchemy.engine.Engine [cached since 1833s ago] (UUID('4d1123f3-3ba2-42f3-b584-a5009c7b3e39'),)
2026-08-31 16:13:27,187 INFO sqlalchemy.engine.Engine BEGIN (implicit)
2026-08-31 16:13:27,187 INFO sqlalchemy.engine.Engine SELECT users.id, users.practice_id, users.clerk_id, users.email, users.name, users.role, users.phone, users.is_active, users.permissions, users.is_platform_admin, users.created_at, users.updated_at 
FROM users 
WHERE users.clerk_id = $1::VARCHAR
2026-08-31 16:13:27,187 INFO sqlalchemy.engine.Engine [cached since 1856s ago] ('user_3Idz3tQrP5vUET2Tr73OtYcK5Vw',)
2026-08-31 16:13:27,189 INFO sqlalchemy.engine.Engine SELECT DISTINCT appointments.patient_id 
FROM appointments 
WHERE appointments.practice_id = $1::UUID AND appointments.patient_id IN ($4::UUID) AND appointments.start_time >= $2::TIMESTAMP WITH TIME ZONE AND appointments.status != $3::appointmentstatus
2026-08-31 16:13:27,189 INFO sqlalchemy.engine.Engine [cached since 1833s ago] (UUID('4d1123f3-3ba2-42f3-b584-a5009c7b3e39'), datetime.datetime(2026, 8, 31, 11, 13, 27, 188483, tzinfo=datetime.timezone.utc), 'CANCELLED', UUID('c4a9ef0d-7c8d-4da9-aaf7-e9e94a6fdc44'))
2026-08-31 16:13:27,190 INFO sqlalchemy.engine.Engine COMMIT
2026-08-31 16:13:27,191 INFO sqlalchemy.engine.Engine SELECT DISTINCT appointments.patient_id 
FROM appointments 
WHERE appointments.practice_id = $1::UUID AND appointments.patient_id IN ($3::UUID) AND appointments.status = $2::appointmentstatus
2026-08-31 16:13:27,191 INFO sqlalchemy.engine.Engine [cached since 1833s ago] (UUID('4d1123f3-3ba2-42f3-b584-a5009c7b3e39'), 'COMPLETED', UUID('c4a9ef0d-7c8d-4da9-aaf7-e9e94a6fdc44'))
2026-08-31 16:13:27,193 INFO sqlalchemy.engine.Engine SELECT appointments.id, appointments.practice_id, appointments.patient_id, appointments.doctor_id, appointments.appointment_type, appointments.status, appointments.start_time, appointments.end_time, appointments.checked_in_at, appointments.notes, appointments.created_at, appointments.updated_at 
FROM appointments 
WHERE appointments.practice_id = $1::UUID ORDER BY appointments.start_time
2026-08-31 16:13:27,194 INFO sqlalchemy.engine.Engine [generated in 0.00025s] (UUID('4d1123f3-3ba2-42f3-b584-a5009c7b3e39'),)
2026-08-31 16:13:27,195 INFO sqlalchemy.engine.Engine COMMIT
INFO:     127.0.0.1:56254 - "GET /api/v1/doctors HTTP/1.1" 200 OK
2026-08-31 16:13:27,198 INFO sqlalchemy.engine.Engine COMMIT
INFO:     127.0.0.1:56247 - "GET /api/v1/patients HTTP/1.1" 200 OK
INFO:     127.0.0.1:56251 - "GET /api/v1/appointments?scope=practice HTTP/1.1" 200 OK
2026-08-31 16:13:36,064 INFO sqlalchemy.engine.Engine BEGIN (implicit)
2026-08-31 16:13:36,066 INFO sqlalchemy.engine.Engine SELECT users.id, users.practice_id, users.clerk_id, users.email, users.name, users.role, users.phone, users.is_active, users.permissions, users.is_platform_admin, users.created_at, users.updated_at 
FROM users 
WHERE users.clerk_id = $1::VARCHAR
2026-08-31 16:13:36,067 INFO sqlalchemy.engine.Engine [cached since 1865s ago] ('user_3Idz3lR4nUx32RQ08fmzLywvcaV',)
2026-08-31 16:13:36,074 INFO sqlalchemy.engine.Engine SELECT pending_doctor_requests.id, pending_doctor_requests.practice_id, pending_doctor_requests.clerk_id, pending_doctor_requests.name, pending_doctor_requests.email, pending_doctor_requests.phone, pending_doctor_requests.specialty, pending_doctor_requests.license_number, pending_doctor_requests.bio, pending_doctor_requests.photo_url, pending_doctor_requests.documents, pending_doctor_requests.status, pending_doctor_requests.rejected_reason, pending_doctor_requests.doctor_id, pending_doctor_requests.submitted_at, pending_doctor_requests.reviewed_at 
FROM pending_doctor_requests 
WHERE pending_doctor_requests.clerk_id = $1::VARCHAR
2026-08-31 16:13:36,075 INFO sqlalchemy.engine.Engine [cached since 1865s ago] ('user_3Idz3lR4nUx32RQ08fmzLywvcaV',)
2026-08-31 16:13:36,078 INFO sqlalchemy.engine.Engine COMMIT
INFO:     127.0.0.1:56265 - "GET /api/v1/doctor-applications/me HTTP/1.1" 200 OK
INFO:     127.0.0.1:56268 - "OPTIONS /api/v1/ai-receptionist/overview HTTP/1.1" 200 OK
2026-08-31 16:13:37,873 INFO sqlalchemy.engine.Engine BEGIN (implicit)
2026-08-31 16:13:37,873 INFO sqlalchemy.engine.Engine SELECT users.id, users.practice_id, users.clerk_id, users.email, users.name, users.role, users.phone, users.is_active, users.permissions, users.is_platform_admin, users.created_at, users.updated_at 
FROM users 
WHERE users.clerk_id = $1::VARCHAR
2026-08-31 16:13:37,873 INFO sqlalchemy.engine.Engine [cached since 1867s ago] ('user_3IJjXjFLcG4qaagJWxQnHqHoXEr',)
2026-08-31 16:13:37,875 INFO sqlalchemy.engine.Engine SELECT agent_logs.action, count(*) AS count_1 
FROM agent_logs 
WHERE agent_logs.practice_id = $1::UUID AND agent_logs.agent_type = $2::VARCHAR GROUP BY agent_logs.action
2026-08-31 16:13:37,875 INFO sqlalchemy.engine.Engine [cached since 1843s ago] (UUID('4d1123f3-3ba2-42f3-b584-a5009c7b3e39'), 'ai_receptionist')
2026-08-31 16:13:37,879 INFO sqlalchemy.engine.Engine SELECT agent_logs.action, count(*) AS count_1 
FROM agent_logs 
WHERE agent_logs.practice_id = $1::UUID AND agent_logs.agent_type = $2::VARCHAR AND agent_logs.created_at >= $3::TIMESTAMP WITH TIME ZONE GROUP BY agent_logs.action
2026-08-31 16:13:37,879 INFO sqlalchemy.engine.Engine [cached since 1843s ago] (UUID('4d1123f3-3ba2-42f3-b584-a5009c7b3e39'), 'ai_receptionist', datetime.datetime(2026, 8, 1, 11, 13, 37, 874543, tzinfo=datetime.timezone.utc))
2026-08-31 16:13:37,881 INFO sqlalchemy.engine.Engine SELECT agent_costing.id, agent_costing.agent_slug, agent_costing.cost_per_session, agent_costing.is_active, agent_costing.total_sessions, agent_costing.total_earned, agent_costing.created_at, agent_costing.updated_at 
FROM agent_costing
2026-08-31 16:13:37,881 INFO sqlalchemy.engine.Engine [cached since 1843s ago] ()
2026-08-31 16:13:37,891 INFO sqlalchemy.engine.Engine COMMIT
INFO:     127.0.0.1:56268 - "GET /api/v1/ai-receptionist/overview HTTP/1.1" 200 OK
2026-08-31 16:13:45,389 INFO sqlalchemy.engine.Engine BEGIN (implicit)
2026-08-31 16:13:45,390 INFO sqlalchemy.engine.Engine SELECT users.id, users.practice_id, users.clerk_id, users.email, users.name, users.role, users.phone, users.is_active, users.permissions, users.is_platform_admin, users.created_at, users.updated_at 
FROM users 
WHERE users.clerk_id = $1::VARCHAR
2026-08-31 16:13:45,391 INFO sqlalchemy.engine.Engine [cached since 1874s ago] ('user_3Idz3lR4nUx32RQ08fmzLywvcaV',)
2026-08-31 16:13:45,395 INFO sqlalchemy.engine.Engine SELECT pending_doctor_requests.id, pending_doctor_requests.practice_id, pending_doctor_requests.clerk_id, pending_doctor_requests.name, pending_doctor_requests.email, pending_doctor_requests.phone, pending_doctor_requests.specialty, pending_doctor_requests.license_number, pending_doctor_requests.bio, pending_doctor_requests.photo_url, pending_doctor_requests.documents, pending_doctor_requests.status, pending_doctor_requests.rejected_reason, pending_doctor_requests.doctor_id, pending_doctor_requests.submitted_at, pending_doctor_requests.reviewed_at 
FROM pending_doctor_requests 
WHERE pending_doctor_requests.clerk_id = $1::VARCHAR
2026-08-31 16:13:45,396 INFO sqlalchemy.engine.Engine [cached since 1874s ago] ('user_3Idz3lR4nUx32RQ08fmzLywvcaV',)
2026-08-31 16:13:45,399 INFO sqlalchemy.engine.Engine COMMIT
INFO:     127.0.0.1:56272 - "GET /api/v1/doctor-applications/me HTTP/1.1" 200 OK
2026-08-31 16:13:56,247 INFO sqlalchemy.engine.Engine BEGIN (implicit)
2026-08-31 16:13:56,247 INFO sqlalchemy.engine.Engine SELECT users.id, users.practice_id, users.clerk_id, users.email, users.name, users.role, users.phone, users.is_active, users.permissions, users.is_platform_admin, users.created_at, users.updated_at 
FROM users 
WHERE users.clerk_id = $1::VARCHAR
2026-08-31 16:13:56,248 INFO sqlalchemy.engine.Engine [cached since 1885s ago] ('user_3Idz3lR4nUx32RQ08fmzLywvcaV',)
INFO:     127.0.0.1:56275 - "OPTIONS /api/v1/patients HTTP/1.1" 200 OK
INFO:     127.0.0.1:56276 - "OPTIONS /api/v1/appointments?scope=practice HTTP/1.1" 200 OK
2026-08-31 16:13:56,251 INFO sqlalchemy.engine.Engine SELECT pending_doctor_requests.id, pending_doctor_requests.practice_id, pending_doctor_requests.clerk_id, pending_doctor_requests.name, pending_doctor_requests.email, pending_doctor_requests.phone, pending_doctor_requests.specialty, pending_doctor_requests.license_number, pending_doctor_requests.bio, pending_doctor_requests.photo_url, pending_doctor_requests.documents, pending_doctor_requests.status, pending_doctor_requests.rejected_reason, pending_doctor_requests.doctor_id, pending_doctor_requests.submitted_at, pending_doctor_requests.reviewed_at 
FROM pending_doctor_requests 
WHERE pending_doctor_requests.clerk_id = $1::VARCHAR
2026-08-31 16:13:56,251 INFO sqlalchemy.engine.Engine [cached since 1885s ago] ('user_3Idz3lR4nUx32RQ08fmzLywvcaV',)
2026-08-31 16:13:56,698 INFO sqlalchemy.engine.Engine BEGIN (implicit)
2026-08-31 16:13:56,698 INFO sqlalchemy.engine.Engine SELECT users.id, users.practice_id, users.clerk_id, users.email, users.name, users.role, users.phone, users.is_active, users.permissions, users.is_platform_admin, users.created_at, users.updated_at 
FROM users 
WHERE users.clerk_id = $1::VARCHAR
2026-08-31 16:13:56,698 INFO sqlalchemy.engine.Engine [cached since 1886s ago] ('user_3IJjXjFLcG4qaagJWxQnHqHoXEr',)
2026-08-31 16:13:56,700 INFO sqlalchemy.engine.Engine COMMIT
2026-08-31 16:13:56,798 INFO sqlalchemy.engine.Engine BEGIN (implicit)
2026-08-31 16:13:56,798 INFO sqlalchemy.engine.Engine SELECT users.id, users.practice_id, users.clerk_id, users.email, users.name, users.role, users.phone, users.is_active, users.permissions, users.is_platform_admin, users.created_at, users.updated_at 
FROM users 
WHERE users.clerk_id = $1::VARCHAR
2026-08-31 16:13:56,799 INFO sqlalchemy.engine.Engine [cached since 1886s ago] ('user_3IJjXjFLcG4qaagJWxQnHqHoXEr',)
2026-08-31 16:13:57,410 INFO sqlalchemy.engine.Engine BEGIN (implicit)
2026-08-31 16:13:57,410 INFO sqlalchemy.engine.Engine SELECT users.id, users.practice_id, users.clerk_id, users.email, users.name, users.role, users.phone, users.is_active, users.permissions, users.is_platform_admin, users.created_at, users.updated_at 
FROM users 
WHERE users.clerk_id = $1::VARCHAR
2026-08-31 16:13:57,411 INFO sqlalchemy.engine.Engine [cached since 1886s ago] ('user_3IJjXjFLcG4qaagJWxQnHqHoXEr',)
2026-08-31 16:13:57,413 INFO sqlalchemy.engine.Engine SELECT doctors.id, doctors.practice_id, doctors.user_id, doctors.name, doctors.email, doctors.phone, doctors.specialty, doctors.license_number, doctors.bio, doctors.photo_url, doctors.capabilities, doctors.permissions, doctors.is_active, doctors.created_at, doctors.updated_at 
FROM doctors 
WHERE doctors.practice_id = $1::UUID ORDER BY doctors.created_at DESC
2026-08-31 16:13:57,413 INFO sqlalchemy.engine.Engine [cached since 1863s ago] (UUID('4d1123f3-3ba2-42f3-b584-a5009c7b3e39'),)
2026-08-31 16:13:57,415 INFO sqlalchemy.engine.Engine SELECT patients.id, patients.practice_id, patients.first_name, patients.last_name, patients.email, patients.phone, patients.date_of_birth, patients.medical_history, patients.consent_status, patients.plan_type, patients.chief_complaint, patients.needs_surgery, patients.ai_agent_assigned, patients.agent_status, patients.agent_cost, patients.lifecycle_stage, patients.lost_reason, patients.source, patients.created_at, patients.updated_at 
FROM patients 
WHERE patients.practice_id = $1::UUID ORDER BY patients.created_at DESC
2026-08-31 16:13:57,415 INFO sqlalchemy.engine.Engine [cached since 1863s ago] (UUID('4d1123f3-3ba2-42f3-b584-a5009c7b3e39'),)
INFO:     127.0.0.1:56274 - "GET /api/v1/doctor-applications/me HTTP/1.1" 200 OK
2026-08-31 16:13:57,418 INFO sqlalchemy.engine.Engine COMMIT
2026-08-31 16:13:57,419 INFO sqlalchemy.engine.Engine SELECT appointments.id, appointments.practice_id, appointments.patient_id, appointments.doctor_id, appointments.appointment_type, appointments.status, appointments.start_time, appointments.end_time, appointments.checked_in_at, appointments.notes, appointments.created_at, appointments.updated_at 
FROM appointments 
WHERE appointments.practice_id = $1::UUID ORDER BY appointments.start_time
2026-08-31 16:13:57,420 INFO sqlalchemy.engine.Engine [cached since 30.23s ago] (UUID('4d1123f3-3ba2-42f3-b584-a5009c7b3e39'),)
2026-08-31 16:13:57,421 INFO sqlalchemy.engine.Engine SELECT DISTINCT appointments.patient_id 
FROM appointments 
WHERE appointments.practice_id = $1::UUID AND appointments.patient_id IN ($4::UUID) AND appointments.start_time >= $2::TIMESTAMP WITH TIME ZONE AND appointments.status != $3::appointmentstatus
2026-08-31 16:13:57,421 INFO sqlalchemy.engine.Engine [cached since 1863s ago] (UUID('4d1123f3-3ba2-42f3-b584-a5009c7b3e39'), datetime.datetime(2026, 8, 31, 11, 13, 57, 420694, tzinfo=datetime.timezone.utc), 'CANCELLED', UUID('c4a9ef0d-7c8d-4da9-aaf7-e9e94a6fdc44'))
2026-08-31 16:13:57,423 INFO sqlalchemy.engine.Engine SELECT DISTINCT appointments.patient_id 
FROM appointments 
WHERE appointments.practice_id = $1::UUID AND appointments.patient_id IN ($3::UUID) AND appointments.status = $2::appointmentstatus
2026-08-31 16:13:57,423 INFO sqlalchemy.engine.Engine [cached since 1863s ago] (UUID('4d1123f3-3ba2-42f3-b584-a5009c7b3e39'), 'COMPLETED', UUID('c4a9ef0d-7c8d-4da9-aaf7-e9e94a6fdc44'))
INFO:     127.0.0.1:56277 - "GET /api/v1/doctors HTTP/1.1" 200 OK
2026-08-31 16:13:57,425 INFO sqlalchemy.engine.Engine COMMIT
INFO:     127.0.0.1:56275 - "GET /api/v1/patients HTTP/1.1" 200 OK
2026-08-31 16:13:57,438 INFO sqlalchemy.engine.Engine COMMIT
INFO:     127.0.0.1:56280 - "GET /api/v1/appointments?scope=practice HTTP/1.1" 200 OK
2026-08-31 16:14:06,014 INFO sqlalchemy.engine.Engine BEGIN (implicit)
2026-08-31 16:14:06,015 INFO sqlalchemy.engine.Engine SELECT users.id, users.practice_id, users.clerk_id, users.email, users.name, users.role, users.phone, users.is_active, users.permissions, users.is_platform_admin, users.created_at, users.updated_at 
FROM users 
WHERE users.clerk_id = $1::VARCHAR
2026-08-31 16:14:06,015 INFO sqlalchemy.engine.Engine [cached since 1895s ago] ('user_3Idz3lR4nUx32RQ08fmzLywvcaV',)
2026-08-31 16:14:06,017 INFO sqlalchemy.engine.Engine SELECT pending_doctor_requests.id, pending_doctor_requests.practice_id, pending_doctor_requests.clerk_id, pending_doctor_requests.name, pending_doctor_requests.email, pending_doctor_requests.phone, pending_doctor_requests.specialty, pending_doctor_requests.license_number, pending_doctor_requests.bio, pending_doctor_requests.photo_url, pending_doctor_requests.documents, pending_doctor_requests.status, pending_doctor_requests.rejected_reason, pending_doctor_requests.doctor_id, pending_doctor_requests.submitted_at, pending_doctor_requests.reviewed_at 
FROM pending_doctor_requests 
WHERE pending_doctor_requests.clerk_id = $1::VARCHAR
2026-08-31 16:14:06,017 INFO sqlalchemy.engine.Engine [cached since 1895s ago] ('user_3Idz3lR4nUx32RQ08fmzLywvcaV',)
2026-08-31 16:14:06,019 INFO sqlalchemy.engine.Engine COMMIT
INFO:     127.0.0.1:56286 - "GET /api/v1/doctor-applications/me HTTP/1.1" 200 OK
2026-08-31 16:14:08,847 INFO sqlalchemy.engine.Engine BEGIN (implicit)
2026-08-31 16:14:08,848 INFO sqlalchemy.engine.Engine SELECT users.id, users.practice_id, users.clerk_id, users.email, users.name, users.role, users.phone, users.is_active, users.permissions, users.is_platform_admin, users.created_at, users.updated_at 
FROM users 
WHERE users.clerk_id = $1::VARCHAR
2026-08-31 16:14:08,848 INFO sqlalchemy.engine.Engine [cached since 1898s ago] ('user_3IJjXjFLcG4qaagJWxQnHqHoXEr',)
2026-08-31 16:14:09,385 INFO sqlalchemy.engine.Engine BEGIN (implicit)
2026-08-31 16:14:09,387 INFO sqlalchemy.engine.Engine SELECT users.id, users.practice_id, users.clerk_id, users.email, users.name, users.role, users.phone, users.is_active, users.permissions, users.is_platform_admin, users.created_at, users.updated_at 
FROM users 
WHERE users.clerk_id = $1::VARCHAR
2026-08-31 16:14:09,388 INFO sqlalchemy.engine.Engine [cached since 1898s ago] ('user_3IJjXjFLcG4qaagJWxQnHqHoXEr',)
2026-08-31 16:14:09,756 INFO sqlalchemy.engine.Engine BEGIN (implicit)
2026-08-31 16:14:09,757 INFO sqlalchemy.engine.Engine SELECT users.id, users.practice_id, users.clerk_id, users.email, users.name, users.role, users.phone, users.is_active, users.permissions, users.is_platform_admin, users.created_at, users.updated_at 
FROM users 
WHERE users.clerk_id = $1::VARCHAR
2026-08-31 16:14:09,757 INFO sqlalchemy.engine.Engine [cached since 1899s ago] ('user_3IJjXjFLcG4qaagJWxQnHqHoXEr',)
2026-08-31 16:14:09,766 INFO sqlalchemy.engine.Engine SELECT patients.id, patients.practice_id, patients.first_name, patients.last_name, patients.email, patients.phone, patients.date_of_birth, patients.medical_history, patients.consent_status, patients.plan_type, patients.chief_complaint, patients.needs_surgery, patients.ai_agent_assigned, patients.agent_status, patients.agent_cost, patients.lifecycle_stage, patients.lost_reason, patients.source, patients.created_at, patients.updated_at 
FROM patients 
WHERE patients.practice_id = $1::UUID ORDER BY patients.created_at DESC
2026-08-31 16:14:09,767 INFO sqlalchemy.engine.Engine [cached since 1875s ago] (UUID('4d1123f3-3ba2-42f3-b584-a5009c7b3e39'),)
2026-08-31 16:14:09,768 INFO sqlalchemy.engine.Engine SELECT doctors.id, doctors.practice_id, doctors.user_id, doctors.name, doctors.email, doctors.phone, doctors.specialty, doctors.license_number, doctors.bio, doctors.photo_url, doctors.capabilities, doctors.permissions, doctors.is_active, doctors.created_at, doctors.updated_at 
FROM doctors 
WHERE doctors.practice_id = $1::UUID ORDER BY doctors.created_at DESC
2026-08-31 16:14:09,768 INFO sqlalchemy.engine.Engine [cached since 1875s ago] (UUID('4d1123f3-3ba2-42f3-b584-a5009c7b3e39'),)
2026-08-31 16:14:09,770 INFO sqlalchemy.engine.Engine SELECT appointments.id, appointments.practice_id, appointments.patient_id, appointments.doctor_id, appointments.appointment_type, appointments.status, appointments.start_time, appointments.end_time, appointments.checked_in_at, appointments.notes, appointments.created_at, appointments.updated_at 
FROM appointments 
WHERE appointments.practice_id = $1::UUID ORDER BY appointments.start_time
2026-08-31 16:14:09,770 INFO sqlalchemy.engine.Engine [cached since 42.58s ago] (UUID('4d1123f3-3ba2-42f3-b584-a5009c7b3e39'),)
2026-08-31 16:14:09,772 INFO sqlalchemy.engine.Engine SELECT DISTINCT appointments.patient_id 
FROM appointments 
WHERE appointments.practice_id = $1::UUID AND appointments.patient_id IN ($4::UUID) AND appointments.start_time >= $2::TIMESTAMP WITH TIME ZONE AND appointments.status != $3::appointmentstatus
2026-08-31 16:14:09,772 INFO sqlalchemy.engine.Engine [cached since 1875s ago] (UUID('4d1123f3-3ba2-42f3-b584-a5009c7b3e39'), datetime.datetime(2026, 8, 31, 11, 14, 9, 771630, tzinfo=datetime.timezone.utc), 'CANCELLED', UUID('c4a9ef0d-7c8d-4da9-aaf7-e9e94a6fdc44'))
2026-08-31 16:14:09,773 INFO sqlalchemy.engine.Engine COMMIT
2026-08-31 16:14:09,774 INFO sqlalchemy.engine.Engine SELECT DISTINCT appointments.patient_id 
FROM appointments 
WHERE appointments.practice_id = $1::UUID AND appointments.patient_id IN ($3::UUID) AND appointments.status = $2::appointmentstatus
2026-08-31 16:14:09,775 INFO sqlalchemy.engine.Engine [cached since 1875s ago] (UUID('4d1123f3-3ba2-42f3-b584-a5009c7b3e39'), 'COMPLETED', UUID('c4a9ef0d-7c8d-4da9-aaf7-e9e94a6fdc44'))
2026-08-31 16:14:09,776 INFO sqlalchemy.engine.Engine COMMIT
2026-08-31 16:14:09,777 INFO sqlalchemy.engine.Engine COMMIT
INFO:     127.0.0.1:56291 - "GET /api/v1/doctors HTTP/1.1" 200 OK
INFO:     127.0.0.1:56290 - "GET /api/v1/appointments?scope=practice HTTP/1.1" 200 OK
INFO:     127.0.0.1:56289 - "GET /api/v1/patients HTTP/1.1" 200 OK
2026-08-31 16:14:15,001 INFO sqlalchemy.engine.Engine BEGIN (implicit)
2026-08-31 16:14:15,002 INFO sqlalchemy.engine.Engine SELECT users.id, users.practice_id, users.clerk_id, users.email, users.name, users.role, users.phone, users.is_active, users.permissions, users.is_platform_admin, users.created_at, users.updated_at 
FROM users 
WHERE users.clerk_id = $1::VARCHAR
2026-08-31 16:14:15,002 INFO sqlalchemy.engine.Engine [cached since 1904s ago] ('user_3Idz3lR4nUx32RQ08fmzLywvcaV',)
2026-08-31 16:14:15,003 INFO sqlalchemy.engine.Engine SELECT pending_doctor_requests.id, pending_doctor_requests.practice_id, pending_doctor_requests.clerk_id, pending_doctor_requests.name, pending_doctor_requests.email, pending_doctor_requests.phone, pending_doctor_requests.specialty, pending_doctor_requests.license_number, pending_doctor_requests.bio, pending_doctor_requests.photo_url, pending_doctor_requests.documents, pending_doctor_requests.status, pending_doctor_requests.rejected_reason, pending_doctor_requests.doctor_id, pending_doctor_requests.submitted_at, pending_doctor_requests.reviewed_at 
FROM pending_doctor_requests 
WHERE pending_doctor_requests.clerk_id = $1::VARCHAR
2026-08-31 16:14:15,003 INFO sqlalchemy.engine.Engine [cached since 1904s ago] ('user_3Idz3lR4nUx32RQ08fmzLywvcaV',)
2026-08-31 16:14:15,004 INFO sqlalchemy.engine.Engine COMMIT
INFO:     127.0.0.1:56296 - "GET /api/v1/doctor-applications/me HTTP/1.1" 200 OK
2026-08-31 16:14:32,734 INFO sqlalchemy.engine.Engine BEGIN (implicit)
2026-08-31 16:14:32,736 INFO sqlalchemy.engine.Engine SELECT users.id, users.practice_id, users.clerk_id, users.email, users.name, users.role, users.phone, users.is_active, users.permissions, users.is_platform_admin, users.created_at, users.updated_at 
FROM users 
WHERE users.clerk_id = $1::VARCHAR
2026-08-31 16:14:32,737 INFO sqlalchemy.engine.Engine [cached since 1922s ago] ('user_3Idz3lR4nUx32RQ08fmzLywvcaV',)
INFO:     127.0.0.1:56300 - "OPTIONS /api/v1/staff HTTP/1.1" 200 OK
2026-08-31 16:14:32,745 INFO sqlalchemy.engine.Engine SELECT pending_doctor_requests.id, pending_doctor_requests.practice_id, pending_doctor_requests.clerk_id, pending_doctor_requests.name, pending_doctor_requests.email, pending_doctor_requests.phone, pending_doctor_requests.specialty, pending_doctor_requests.license_number, pending_doctor_requests.bio, pending_doctor_requests.photo_url, pending_doctor_requests.documents, pending_doctor_requests.status, pending_doctor_requests.rejected_reason, pending_doctor_requests.doctor_id, pending_doctor_requests.submitted_at, pending_doctor_requests.reviewed_at 
FROM pending_doctor_requests 
WHERE pending_doctor_requests.clerk_id = $1::VARCHAR
2026-08-31 16:14:32,746 INFO sqlalchemy.engine.Engine [cached since 1922s ago] ('user_3Idz3lR4nUx32RQ08fmzLywvcaV',)
2026-08-31 16:14:32,748 INFO sqlalchemy.engine.Engine COMMIT
2026-08-31 16:14:32,861 INFO sqlalchemy.engine.Engine BEGIN (implicit)
2026-08-31 16:14:32,862 INFO sqlalchemy.engine.Engine SELECT users.id, users.practice_id, users.clerk_id, users.email, users.name, users.role, users.phone, users.is_active, users.permissions, users.is_platform_admin, users.created_at, users.updated_at 
FROM users 
WHERE users.clerk_id = $1::VARCHAR
2026-08-31 16:14:32,862 INFO sqlalchemy.engine.Engine [cached since 1922s ago] ('user_3IJjXjFLcG4qaagJWxQnHqHoXEr',)
INFO:     127.0.0.1:56298 - "GET /api/v1/doctor-applications/me HTTP/1.1" 200 OK
2026-08-31 16:14:32,869 INFO sqlalchemy.engine.Engine SELECT users.id, users.practice_id, users.clerk_id, users.email, users.name, users.role, users.phone, users.is_active, users.permissions, users.is_platform_admin, users.created_at, users.updated_at 
FROM users 
WHERE users.practice_id = $1::UUID AND users.role = $2::userrole ORDER BY users.created_at DESC
2026-08-31 16:14:32,869 INFO sqlalchemy.engine.Engine [generated in 0.00041s] (UUID('4d1123f3-3ba2-42f3-b584-a5009c7b3e39'), 'RECEPTIONIST')
2026-08-31 16:14:32,872 INFO sqlalchemy.engine.Engine COMMIT
INFO:     127.0.0.1:56300 - "GET /api/v1/staff HTTP/1.1" 200 OK
INFO:     127.0.0.1:56305 - "OPTIONS /api/v1/doctor-applications/me HTTP/1.1" 200 OK
2026-08-31 16:14:41,547 INFO sqlalchemy.engine.Engine BEGIN (implicit)
2026-08-31 16:14:41,549 INFO sqlalchemy.engine.Engine SELECT users.id, users.practice_id, users.clerk_id, users.email, users.name, users.role, users.phone, users.is_active, users.permissions, users.is_platform_admin, users.created_at, users.updated_at 
FROM users 
WHERE users.clerk_id = $1::VARCHAR
2026-08-31 16:14:41,549 INFO sqlalchemy.engine.Engine [cached since 1931s ago] ('user_3Idz3lR4nUx32RQ08fmzLywvcaV',)
2026-08-31 16:14:41,554 INFO sqlalchemy.engine.Engine SELECT pending_doctor_requests.id, pending_doctor_requests.practice_id, pending_doctor_requests.clerk_id, pending_doctor_requests.name, pending_doctor_requests.email, pending_doctor_requests.phone, pending_doctor_requests.specialty, pending_doctor_requests.license_number, pending_doctor_requests.bio, pending_doctor_requests.photo_url, pending_doctor_requests.documents, pending_doctor_requests.status, pending_doctor_requests.rejected_reason, pending_doctor_requests.doctor_id, pending_doctor_requests.submitted_at, pending_doctor_requests.reviewed_at 
FROM pending_doctor_requests 
WHERE pending_doctor_requests.clerk_id = $1::VARCHAR
2026-08-31 16:14:41,555 INFO sqlalchemy.engine.Engine [cached since 1931s ago] ('user_3Idz3lR4nUx32RQ08fmzLywvcaV',)
2026-08-31 16:14:41,557 INFO sqlalchemy.engine.Engine COMMIT
INFO:     127.0.0.1:56305 - "GET /api/v1/doctor-applications/me HTTP/1.1" 200 OK
INFO:     127.0.0.1:56307 - "OPTIONS /api/v1/procedures HTTP/1.1" 200 OK
2026-08-31 16:14:42,909 INFO sqlalchemy.engine.Engine BEGIN (implicit)
2026-08-31 16:14:42,910 INFO sqlalchemy.engine.Engine SELECT users.id, users.practice_id, users.clerk_id, users.email, users.name, users.role, users.phone, users.is_active, users.permissions, users.is_platform_admin, users.created_at, users.updated_at 
FROM users 
WHERE users.clerk_id = $1::VARCHAR
2026-08-31 16:14:42,910 INFO sqlalchemy.engine.Engine [cached since 1932s ago] ('user_3IJjXjFLcG4qaagJWxQnHqHoXEr',)
2026-08-31 16:14:42,913 INFO sqlalchemy.engine.Engine SELECT procedures.id, procedures.practice_id, procedures.name, procedures.category, procedures.description, procedures.base_price, procedures.duration_minutes, procedures.is_active, procedures.created_at, procedures.updated_at 
FROM procedures 
WHERE procedures.practice_id = $1::UUID ORDER BY procedures.name
2026-08-31 16:14:42,913 INFO sqlalchemy.engine.Engine [generated in 0.00023s] (UUID('4d1123f3-3ba2-42f3-b584-a5009c7b3e39'),)
2026-08-31 16:14:42,918 INFO sqlalchemy.engine.Engine COMMIT
INFO:     127.0.0.1:56307 - "GET /api/v1/procedures HTTP/1.1" 200 OK
INFO:     127.0.0.1:56311 - "OPTIONS /api/v1/invoices HTTP/1.1" 200 OK
2026-08-31 16:14:49,433 INFO sqlalchemy.engine.Engine BEGIN (implicit)
2026-08-31 16:14:49,433 INFO sqlalchemy.engine.Engine SELECT users.id, users.practice_id, users.clerk_id, users.email, users.name, users.role, users.phone, users.is_active, users.permissions, users.is_platform_admin, users.created_at, users.updated_at 
FROM users 
WHERE users.clerk_id = $1::VARCHAR
2026-08-31 16:14:49,433 INFO sqlalchemy.engine.Engine [cached since 1939s ago] ('user_3IJjXjFLcG4qaagJWxQnHqHoXEr',)
2026-08-31 16:14:49,843 INFO sqlalchemy.engine.Engine BEGIN (implicit)
2026-08-31 16:14:49,843 INFO sqlalchemy.engine.Engine SELECT users.id, users.practice_id, users.clerk_id, users.email, users.name, users.role, users.phone, users.is_active, users.permissions, users.is_platform_admin, users.created_at, users.updated_at 
FROM users 
WHERE users.clerk_id = $1::VARCHAR
2026-08-31 16:14:49,844 INFO sqlalchemy.engine.Engine [cached since 1939s ago] ('user_3IJjXjFLcG4qaagJWxQnHqHoXEr',)
2026-08-31 16:14:49,848 INFO sqlalchemy.engine.Engine SELECT invoices.id, invoices.practice_id, invoices.patient_id, invoices.appointment_id, invoices.treatment_plan_id, invoices.subtotal_amount, invoices.tax_amount, invoices.discount_amount, invoices.total_amount, invoices.status, invoices.due_date, invoices.paid_at, invoices.created_at, invoices.updated_at 
FROM invoices 
WHERE invoices.practice_id = $1::UUID ORDER BY invoices.created_at DESC
2026-08-31 16:14:49,849 INFO sqlalchemy.engine.Engine [cached since 86.55s ago] (UUID('4d1123f3-3ba2-42f3-b584-a5009c7b3e39'),)
2026-08-31 16:14:49,850 INFO sqlalchemy.engine.Engine SELECT patients.id, patients.practice_id, patients.first_name, patients.last_name, patients.email, patients.phone, patients.date_of_birth, patients.medical_history, patients.consent_status, patients.plan_type, patients.chief_complaint, patients.needs_surgery, patients.ai_agent_assigned, patients.agent_status, patients.agent_cost, patients.lifecycle_stage, patients.lost_reason, patients.source, patients.created_at, patients.updated_at 
FROM patients 
WHERE patients.practice_id = $1::UUID ORDER BY patients.created_at DESC
2026-08-31 16:14:49,851 INFO sqlalchemy.engine.Engine [cached since 1915s ago] (UUID('4d1123f3-3ba2-42f3-b584-a5009c7b3e39'),)
2026-08-31 16:14:49,854 INFO sqlalchemy.engine.Engine SELECT DISTINCT appointments.patient_id 
FROM appointments 
WHERE appointments.practice_id = $1::UUID AND appointments.patient_id IN ($4::UUID) AND appointments.start_time >= $2::TIMESTAMP WITH TIME ZONE AND appointments.status != $3::appointmentstatus
2026-08-31 16:14:49,854 INFO sqlalchemy.engine.Engine [cached since 1915s ago] (UUID('4d1123f3-3ba2-42f3-b584-a5009c7b3e39'), datetime.datetime(2026, 8, 31, 11, 14, 49, 853119, tzinfo=datetime.timezone.utc), 'CANCELLED', UUID('c4a9ef0d-7c8d-4da9-aaf7-e9e94a6fdc44'))
2026-08-31 16:14:49,858 INFO sqlalchemy.engine.Engine SELECT DISTINCT appointments.patient_id 
FROM appointments 
WHERE appointments.practice_id = $1::UUID AND appointments.patient_id IN ($3::UUID) AND appointments.status = $2::appointmentstatus
2026-08-31 16:14:49,858 INFO sqlalchemy.engine.Engine [cached since 1915s ago] (UUID('4d1123f3-3ba2-42f3-b584-a5009c7b3e39'), 'COMPLETED', UUID('c4a9ef0d-7c8d-4da9-aaf7-e9e94a6fdc44'))
2026-08-31 16:14:49,864 INFO sqlalchemy.engine.Engine COMMIT
INFO:     127.0.0.1:56312 - "GET /api/v1/patients HTTP/1.1" 200 OK
2026-08-31 16:14:49,871 INFO sqlalchemy.engine.Engine SELECT invoice_line_items.invoice_id AS invoice_line_items_invoice_id, invoice_line_items.id AS invoice_line_items_id, invoice_line_items.treatment_plan_item_id AS invoice_line_items_treatment_plan_item_id, invoice_line_items.description AS invoice_line_items_description, invoice_line_items.quantity AS invoice_line_items_quantity, invoice_line_items.unit_price AS invoice_line_items_unit_price, invoice_line_items.created_at AS invoice_line_items_created_at, invoice_line_items.updated_at AS invoice_line_items_updated_at 
FROM invoice_line_items 
WHERE invoice_line_items.invoice_id IN ($1::UUID) ORDER BY invoice_line_items.created_at
2026-08-31 16:14:49,871 INFO sqlalchemy.engine.Engine [cached since 172.3s ago] (UUID('2eed001e-3956-4aea-9ff0-3226c046eac6'),)
2026-08-31 16:14:49,877 INFO sqlalchemy.engine.Engine COMMIT
INFO:     127.0.0.1:56311 - "GET /api/v1/invoices HTTP/1.1" 200 OK
2026-08-31 16:14:51,733 INFO sqlalchemy.engine.Engine BEGIN (implicit)
2026-08-31 16:14:51,735 INFO sqlalchemy.engine.Engine SELECT users.id, users.practice_id, users.clerk_id, users.email, users.name, users.role, users.phone, users.is_active, users.permissions, users.is_platform_admin, users.created_at, users.updated_at 
FROM users 
WHERE users.clerk_id = $1::VARCHAR
2026-08-31 16:14:51,735 INFO sqlalchemy.engine.Engine [cached since 1941s ago] ('user_3Idz3lR4nUx32RQ08fmzLywvcaV',)
2026-08-31 16:14:51,741 INFO sqlalchemy.engine.Engine SELECT pending_doctor_requests.id, pending_doctor_requests.practice_id, pending_doctor_requests.clerk_id, pending_doctor_requests.name, pending_doctor_requests.email, pending_doctor_requests.phone, pending_doctor_requests.specialty, pending_doctor_requests.license_number, pending_doctor_requests.bio, pending_doctor_requests.photo_url, pending_doctor_requests.documents, pending_doctor_requests.status, pending_doctor_requests.rejected_reason, pending_doctor_requests.doctor_id, pending_doctor_requests.submitted_at, pending_doctor_requests.reviewed_at 
FROM pending_doctor_requests 
WHERE pending_doctor_requests.clerk_id = $1::VARCHAR
2026-08-31 16:14:51,742 INFO sqlalchemy.engine.Engine [cached since 1941s ago] ('user_3Idz3lR4nUx32RQ08fmzLywvcaV',)
2026-08-31 16:14:51,746 INFO sqlalchemy.engine.Engine COMMIT
INFO:     127.0.0.1:56315 - "GET /api/v1/doctor-applications/me HTTP/1.1" 200 OK
2026-08-31 16:15:00,458 INFO sqlalchemy.engine.Engine BEGIN (implicit)
2026-08-31 16:15:00,459 INFO sqlalchemy.engine.Engine SELECT users.id, users.practice_id, users.clerk_id, users.email, users.name, users.role, users.phone, users.is_active, users.permissions, users.is_platform_admin, users.created_at, users.updated_at 
FROM users 
WHERE users.clerk_id = $1::VARCHAR
2026-08-31 16:15:00,459 INFO sqlalchemy.engine.Engine [cached since 1950s ago] ('user_3Idz3lR4nUx32RQ08fmzLywvcaV',)
2026-08-31 16:15:00,460 INFO sqlalchemy.engine.Engine SELECT pending_doctor_requests.id, pending_doctor_requests.practice_id, pending_doctor_requests.clerk_id, pending_doctor_requests.name, pending_doctor_requests.email, pending_doctor_requests.phone, pending_doctor_requests.specialty, pending_doctor_requests.license_number, pending_doctor_requests.bio, pending_doctor_requests.photo_url, pending_doctor_requests.documents, pending_doctor_requests.status, pending_doctor_requests.rejected_reason, pending_doctor_requests.doctor_id, pending_doctor_requests.submitted_at, pending_doctor_requests.reviewed_at 
FROM pending_doctor_requests 
WHERE pending_doctor_requests.clerk_id = $1::VARCHAR
2026-08-31 16:15:00,460 INFO sqlalchemy.engine.Engine [cached since 1949s ago] ('user_3Idz3lR4nUx32RQ08fmzLywvcaV',)
2026-08-31 16:15:00,461 INFO sqlalchemy.engine.Engine COMMIT
INFO:     127.0.0.1:56318 - "GET /api/v1/doctor-applications/me HTTP/1.1" 200 OK
INFO:     127.0.0.1:56320 - "OPTIONS /api/v1/finance/overview HTTP/1.1" 200 OK
2026-08-31 16:15:03,001 INFO sqlalchemy.engine.Engine BEGIN (implicit)
2026-08-31 16:15:03,002 INFO sqlalchemy.engine.Engine SELECT users.id, users.practice_id, users.clerk_id, users.email, users.name, users.role, users.phone, users.is_active, users.permissions, users.is_platform_admin, users.created_at, users.updated_at 
FROM users 
WHERE users.clerk_id = $1::VARCHAR
2026-08-31 16:15:03,002 INFO sqlalchemy.engine.Engine [cached since 1952s ago] ('user_3IJjXjFLcG4qaagJWxQnHqHoXEr',)
2026-08-31 16:15:03,014 INFO sqlalchemy.engine.Engine SELECT coalesce(sum(invoices.total_amount), $1::INTEGER) AS coalesce_1, count(*) AS count_1 
FROM invoices 
WHERE invoices.practice_id = $2::UUID AND invoices.status = $3::invoicestatus
2026-08-31 16:15:03,015 INFO sqlalchemy.engine.Engine [generated in 0.00093s] (0, UUID('4d1123f3-3ba2-42f3-b584-a5009c7b3e39'), 'PAID')
2026-08-31 16:15:03,040 INFO sqlalchemy.engine.Engine SELECT coalesce(sum(expenses.amount), $1::INTEGER) AS coalesce_1, count(*) AS count_1 
FROM expenses 
WHERE expenses.practice_id = $2::UUID
2026-08-31 16:15:03,040 INFO sqlalchemy.engine.Engine [generated in 0.00053s] (0, UUID('4d1123f3-3ba2-42f3-b584-a5009c7b3e39'))
2026-08-31 16:15:03,046 INFO sqlalchemy.engine.Engine COMMIT
INFO:     127.0.0.1:56320 - "GET /api/v1/finance/overview HTTP/1.1" 200 OK
2026-08-31 16:15:08,603 INFO sqlalchemy.engine.Engine BEGIN (implicit)
2026-08-31 16:15:08,604 INFO sqlalchemy.engine.Engine SELECT users.id, users.practice_id, users.clerk_id, users.email, users.name, users.role, users.phone, users.is_active, users.permissions, users.is_platform_admin, users.created_at, users.updated_at 
FROM users 
WHERE users.clerk_id = $1::VARCHAR
2026-08-31 16:15:08,604 INFO sqlalchemy.engine.Engine [cached since 1958s ago] ('user_3Idz3lR4nUx32RQ08fmzLywvcaV',)
2026-08-31 16:15:08,605 INFO sqlalchemy.engine.Engine SELECT pending_doctor_requests.id, pending_doctor_requests.practice_id, pending_doctor_requests.clerk_id, pending_doctor_requests.name, pending_doctor_requests.email, pending_doctor_requests.phone, pending_doctor_requests.specialty, pending_doctor_requests.license_number, pending_doctor_requests.bio, pending_doctor_requests.photo_url, pending_doctor_requests.documents, pending_doctor_requests.status, pending_doctor_requests.rejected_reason, pending_doctor_requests.doctor_id, pending_doctor_requests.submitted_at, pending_doctor_requests.reviewed_at 
FROM pending_doctor_requests 
WHERE pending_doctor_requests.clerk_id = $1::VARCHAR
2026-08-31 16:15:08,605 INFO sqlalchemy.engine.Engine [cached since 1958s ago] ('user_3Idz3lR4nUx32RQ08fmzLywvcaV',)
2026-08-31 16:15:08,607 INFO sqlalchemy.engine.Engine COMMIT
INFO:     127.0.0.1:56323 - "GET /api/v1/doctor-applications/me HTTP/1.1" 200 OK
INFO:     127.0.0.1:56325 - "OPTIONS /api/v1/finance/expenses HTTP/1.1" 200 OK
2026-08-31 16:15:12,944 INFO sqlalchemy.engine.Engine BEGIN (implicit)
2026-08-31 16:15:12,944 INFO sqlalchemy.engine.Engine SELECT users.id, users.practice_id, users.clerk_id, users.email, users.name, users.role, users.phone, users.is_active, users.permissions, users.is_platform_admin, users.created_at, users.updated_at 
FROM users 
WHERE users.clerk_id = $1::VARCHAR
2026-08-31 16:15:12,944 INFO sqlalchemy.engine.Engine [cached since 1962s ago] ('user_3IJjXjFLcG4qaagJWxQnHqHoXEr',)
2026-08-31 16:15:12,946 INFO sqlalchemy.engine.Engine SELECT expenses.id, expenses.practice_id, expenses.category, expenses.amount, expenses.vendor, expenses.expense_date, expenses.notes, expenses.recorded_by, expenses.created_at, expenses.updated_at 
FROM expenses 
WHERE expenses.practice_id = $1::UUID ORDER BY expenses.expense_date DESC
2026-08-31 16:15:12,946 INFO sqlalchemy.engine.Engine [cached since 109.6s ago] (UUID('4d1123f3-3ba2-42f3-b584-a5009c7b3e39'),)
2026-08-31 16:15:12,950 INFO sqlalchemy.engine.Engine COMMIT
INFO:     127.0.0.1:56325 - "GET /api/v1/finance/expenses HTTP/1.1" 200 OK
2026-08-31 16:15:17,103 INFO sqlalchemy.engine.Engine BEGIN (implicit)
2026-08-31 16:15:17,105 INFO sqlalchemy.engine.Engine SELECT users.id, users.practice_id, users.clerk_id, users.email, users.name, users.role, users.phone, users.is_active, users.permissions, users.is_platform_admin, users.created_at, users.updated_at 
FROM users 
WHERE users.clerk_id = $1::VARCHAR
2026-08-31 16:15:17,105 INFO sqlalchemy.engine.Engine [cached since 1966s ago] ('user_3Idz3lR4nUx32RQ08fmzLywvcaV',)
2026-08-31 16:15:17,108 INFO sqlalchemy.engine.Engine SELECT pending_doctor_requests.id, pending_doctor_requests.practice_id, pending_doctor_requests.clerk_id, pending_doctor_requests.name, pending_doctor_requests.email, pending_doctor_requests.phone, pending_doctor_requests.specialty, pending_doctor_requests.license_number, pending_doctor_requests.bio, pending_doctor_requests.photo_url, pending_doctor_requests.documents, pending_doctor_requests.status, pending_doctor_requests.rejected_reason, pending_doctor_requests.doctor_id, pending_doctor_requests.submitted_at, pending_doctor_requests.reviewed_at 
FROM pending_doctor_requests 
WHERE pending_doctor_requests.clerk_id = $1::VARCHAR
2026-08-31 16:15:17,108 INFO sqlalchemy.engine.Engine [cached since 1966s ago] ('user_3Idz3lR4nUx32RQ08fmzLywvcaV',)
2026-08-31 16:15:17,110 INFO sqlalchemy.engine.Engine COMMIT
INFO:     127.0.0.1:56328 - "GET /api/v1/doctor-applications/me HTTP/1.1" 200 OK
2026-08-31 16:15:17,686 INFO sqlalchemy.engine.Engine BEGIN (implicit)
2026-08-31 16:15:17,687 INFO sqlalchemy.engine.Engine SELECT users.id, users.practice_id, users.clerk_id, users.email, users.name, users.role, users.phone, users.is_active, users.permissions, users.is_platform_admin, users.created_at, users.updated_at 
FROM users 
WHERE users.clerk_id = $1::VARCHAR
2026-08-31 16:15:17,687 INFO sqlalchemy.engine.Engine [cached since 1967s ago] ('user_3Idz3tQrP5vUET2Tr73OtYcK5Vw',)
2026-08-31 16:15:17,688 INFO sqlalchemy.engine.Engine SELECT expenses.id, expenses.practice_id, expenses.category, expenses.amount, expenses.vendor, expenses.expense_date, expenses.notes, expenses.recorded_by, expenses.created_at, expenses.updated_at 
FROM expenses 
WHERE expenses.practice_id = $1::UUID ORDER BY expenses.expense_date DESC
2026-08-31 16:15:17,688 INFO sqlalchemy.engine.Engine [cached since 114.4s ago] (UUID('4d1123f3-3ba2-42f3-b584-a5009c7b3e39'),)
2026-08-31 16:15:17,692 INFO sqlalchemy.engine.Engine COMMIT
INFO:     127.0.0.1:56330 - "GET /api/v1/finance/expenses HTTP/1.1" 200 OK
2026-08-31 16:15:23,033 INFO sqlalchemy.engine.Engine BEGIN (implicit)
2026-08-31 16:15:23,033 INFO sqlalchemy.engine.Engine SELECT users.id, users.practice_id, users.clerk_id, users.email, users.name, users.role, users.phone, users.is_active, users.permissions, users.is_platform_admin, users.created_at, users.updated_at 
FROM users 
WHERE users.clerk_id = $1::VARCHAR
2026-08-31 16:15:23,033 INFO sqlalchemy.engine.Engine [cached since 1972s ago] ('user_3IJjXjFLcG4qaagJWxQnHqHoXEr',)
2026-08-31 16:15:23,036 INFO sqlalchemy.engine.Engine SELECT coalesce(sum(invoices.total_amount), $1::INTEGER) AS coalesce_1, count(*) AS count_1 
FROM invoices 
WHERE invoices.practice_id = $2::UUID AND invoices.status = $3::invoicestatus
2026-08-31 16:15:23,036 INFO sqlalchemy.engine.Engine [cached since 20.02s ago] (0, UUID('4d1123f3-3ba2-42f3-b584-a5009c7b3e39'), 'PAID')
2026-08-31 16:15:23,037 INFO sqlalchemy.engine.Engine SELECT coalesce(sum(expenses.amount), $1::INTEGER) AS coalesce_1, count(*) AS count_1 
FROM expenses 
WHERE expenses.practice_id = $2::UUID
2026-08-31 16:15:23,037 INFO sqlalchemy.engine.Engine [cached since 20s ago] (0, UUID('4d1123f3-3ba2-42f3-b584-a5009c7b3e39'))
2026-08-31 16:15:23,038 INFO sqlalchemy.engine.Engine COMMIT
INFO:     127.0.0.1:56337 - "GET /api/v1/finance/overview HTTP/1.1" 200 OK
2026-08-31 16:15:26,023 INFO sqlalchemy.engine.Engine BEGIN (implicit)
2026-08-31 16:15:26,023 INFO sqlalchemy.engine.Engine SELECT users.id, users.practice_id, users.clerk_id, users.email, users.name, users.role, users.phone, users.is_active, users.permissions, users.is_platform_admin, users.created_at, users.updated_at 
FROM users 
WHERE users.clerk_id = $1::VARCHAR
2026-08-31 16:15:26,023 INFO sqlalchemy.engine.Engine [cached since 1975s ago] ('user_3Idz3lR4nUx32RQ08fmzLywvcaV',)
2026-08-31 16:15:26,025 INFO sqlalchemy.engine.Engine SELECT pending_doctor_requests.id, pending_doctor_requests.practice_id, pending_doctor_requests.clerk_id, pending_doctor_requests.name, pending_doctor_requests.email, pending_doctor_requests.phone, pending_doctor_requests.specialty, pending_doctor_requests.license_number, pending_doctor_requests.bio, pending_doctor_requests.photo_url, pending_doctor_requests.documents, pending_doctor_requests.status, pending_doctor_requests.rejected_reason, pending_doctor_requests.doctor_id, pending_doctor_requests.submitted_at, pending_doctor_requests.reviewed_at 
FROM pending_doctor_requests 
WHERE pending_doctor_requests.clerk_id = $1::VARCHAR
2026-08-31 16:15:26,026 INFO sqlalchemy.engine.Engine [cached since 1975s ago] ('user_3Idz3lR4nUx32RQ08fmzLywvcaV',)
2026-08-31 16:15:26,026 INFO sqlalchemy.engine.Engine COMMIT
INFO:     127.0.0.1:56340 - "GET /api/v1/doctor-applications/me HTTP/1.1" 200 OK
INFO:     127.0.0.1:56337 - "OPTIONS /api/v1/patients/funnel-summary HTTP/1.1" 200 OK
2026-08-31 16:15:27,775 INFO sqlalchemy.engine.Engine BEGIN (implicit)
2026-08-31 16:15:27,776 INFO sqlalchemy.engine.Engine SELECT users.id, users.practice_id, users.clerk_id, users.email, users.name, users.role, users.phone, users.is_active, users.permissions, users.is_platform_admin, users.created_at, users.updated_at 
FROM users 
WHERE users.clerk_id = $1::VARCHAR
2026-08-31 16:15:27,777 INFO sqlalchemy.engine.Engine [cached since 1977s ago] ('user_3IJjXjFLcG4qaagJWxQnHqHoXEr',)
2026-08-31 16:15:27,782 INFO sqlalchemy.engine.Engine SELECT patients.lifecycle_stage, count(*) AS count_1 
FROM patients 
WHERE patients.practice_id = $1::UUID GROUP BY patients.lifecycle_stage
2026-08-31 16:15:27,783 INFO sqlalchemy.engine.Engine [cached since 121.7s ago] (UUID('4d1123f3-3ba2-42f3-b584-a5009c7b3e39'),)
2026-08-31 16:15:27,790 INFO sqlalchemy.engine.Engine COMMIT
INFO:     127.0.0.1:56337 - "GET /api/v1/patients/funnel-summary HTTP/1.1" 200 OK
INFO:     127.0.0.1:56337 - "OPTIONS /api/v1/inventory/items HTTP/1.1" 200 OK
2026-08-31 16:15:31,643 INFO sqlalchemy.engine.Engine BEGIN (implicit)
2026-08-31 16:15:31,644 INFO sqlalchemy.engine.Engine SELECT users.id, users.practice_id, users.clerk_id, users.email, users.name, users.role, users.phone, users.is_active, users.permissions, users.is_platform_admin, users.created_at, users.updated_at 
FROM users 
WHERE users.clerk_id = $1::VARCHAR
2026-08-31 16:15:31,644 INFO sqlalchemy.engine.Engine [cached since 1981s ago] ('user_3IJjXjFLcG4qaagJWxQnHqHoXEr',)
2026-08-31 16:15:31,646 INFO sqlalchemy.engine.Engine SELECT inventory_items.id, inventory_items.practice_id, inventory_items.name, inventory_items.sku, inventory_items.category, inventory_items.unit, inventory_items.reorder_threshold, inventory_items.is_active, inventory_items.created_at, inventory_items.updated_at 
FROM inventory_items 
WHERE inventory_items.practice_id = $1::UUID ORDER BY inventory_items.name
2026-08-31 16:15:31,646 INFO sqlalchemy.engine.Engine [cached since 126.6s ago] (UUID('4d1123f3-3ba2-42f3-b584-a5009c7b3e39'),)
2026-08-31 16:15:31,649 INFO sqlalchemy.engine.Engine COMMIT
INFO:     127.0.0.1:56337 - "GET /api/v1/inventory/items HTTP/1.1" 200 OK
2026-08-31 16:15:35,052 INFO sqlalchemy.engine.Engine BEGIN (implicit)
2026-08-31 16:15:35,053 INFO sqlalchemy.engine.Engine SELECT users.id, users.practice_id, users.clerk_id, users.email, users.name, users.role, users.phone, users.is_active, users.permissions, users.is_platform_admin, users.created_at, users.updated_at 
FROM users 
WHERE users.clerk_id = $1::VARCHAR
2026-08-31 16:15:35,053 INFO sqlalchemy.engine.Engine [cached since 1984s ago] ('user_3Idz3lR4nUx32RQ08fmzLywvcaV',)
2026-08-31 16:15:35,059 INFO sqlalchemy.engine.Engine SELECT pending_doctor_requests.id, pending_doctor_requests.practice_id, pending_doctor_requests.clerk_id, pending_doctor_requests.name, pending_doctor_requests.email, pending_doctor_requests.phone, pending_doctor_requests.specialty, pending_doctor_requests.license_number, pending_doctor_requests.bio, pending_doctor_requests.photo_url, pending_doctor_requests.documents, pending_doctor_requests.status, pending_doctor_requests.rejected_reason, pending_doctor_requests.doctor_id, pending_doctor_requests.submitted_at, pending_doctor_requests.reviewed_at 
FROM pending_doctor_requests 
WHERE pending_doctor_requests.clerk_id = $1::VARCHAR
2026-08-31 16:15:35,059 INFO sqlalchemy.engine.Engine [cached since 1984s ago] ('user_3Idz3lR4nUx32RQ08fmzLywvcaV',)
2026-08-31 16:15:35,063 INFO sqlalchemy.engine.Engine COMMIT
INFO:     127.0.0.1:56357 - "GET /api/v1/doctor-applications/me HTTP/1.1" 200 OK
2026-08-31 16:15:38,032 INFO sqlalchemy.engine.Engine BEGIN (implicit)
2026-08-31 16:15:38,033 INFO sqlalchemy.engine.Engine SELECT users.id, users.practice_id, users.clerk_id, users.email, users.name, users.role, users.phone, users.is_active, users.permissions, users.is_platform_admin, users.created_at, users.updated_at 
FROM users 
WHERE users.clerk_id = $1::VARCHAR
2026-08-31 16:15:38,034 INFO sqlalchemy.engine.Engine [cached since 1987s ago] ('user_3IJjXjFLcG4qaagJWxQnHqHoXEr',)
2026-08-31 16:15:38,038 INFO sqlalchemy.engine.Engine SELECT agent_logs.action, count(*) AS count_1 
FROM agent_logs 
WHERE agent_logs.practice_id = $1::UUID AND agent_logs.agent_type = $2::VARCHAR GROUP BY agent_logs.action
2026-08-31 16:15:38,038 INFO sqlalchemy.engine.Engine [cached since 1963s ago] (UUID('4d1123f3-3ba2-42f3-b584-a5009c7b3e39'), 'ai_receptionist')
2026-08-31 16:15:38,048 INFO sqlalchemy.engine.Engine SELECT agent_logs.action, count(*) AS count_1 
FROM agent_logs 
WHERE agent_logs.practice_id = $1::UUID AND agent_logs.agent_type = $2::VARCHAR AND agent_logs.created_at >= $3::TIMESTAMP WITH TIME ZONE GROUP BY agent_logs.action
2026-08-31 16:15:38,048 INFO sqlalchemy.engine.Engine [cached since 1963s ago] (UUID('4d1123f3-3ba2-42f3-b584-a5009c7b3e39'), 'ai_receptionist', datetime.datetime(2026, 8, 1, 11, 15, 38, 36687, tzinfo=datetime.timezone.utc))
2026-08-31 16:15:38,052 INFO sqlalchemy.engine.Engine SELECT agent_costing.id, agent_costing.agent_slug, agent_costing.cost_per_session, agent_costing.is_active, agent_costing.total_sessions, agent_costing.total_earned, agent_costing.created_at, agent_costing.updated_at 
FROM agent_costing
2026-08-31 16:15:38,052 INFO sqlalchemy.engine.Engine [cached since 1963s ago] ()
2026-08-31 16:15:38,059 INFO sqlalchemy.engine.Engine COMMIT
INFO:     127.0.0.1:56359 - "GET /api/v1/ai-receptionist/overview HTTP/1.1" 200 OK
2026-08-31 16:15:44,004 INFO sqlalchemy.engine.Engine BEGIN (implicit)
2026-08-31 16:15:44,004 INFO sqlalchemy.engine.Engine SELECT users.id, users.practice_id, users.clerk_id, users.email, users.name, users.role, users.phone, users.is_active, users.permissions, users.is_platform_admin, users.created_at, users.updated_at 
FROM users 
WHERE users.clerk_id = $1::VARCHAR
2026-08-31 16:15:44,005 INFO sqlalchemy.engine.Engine [cached since 1993s ago] ('user_3Idz3lR4nUx32RQ08fmzLywvcaV',)
2026-08-31 16:15:44,007 INFO sqlalchemy.engine.Engine SELECT pending_doctor_requests.id, pending_doctor_requests.practice_id, pending_doctor_requests.clerk_id, pending_doctor_requests.name, pending_doctor_requests.email, pending_doctor_requests.phone, pending_doctor_requests.specialty, pending_doctor_requests.license_number, pending_doctor_requests.bio, pending_doctor_requests.photo_url, pending_doctor_requests.documents, pending_doctor_requests.status, pending_doctor_requests.rejected_reason, pending_doctor_requests.doctor_id, pending_doctor_requests.submitted_at, pending_doctor_requests.reviewed_at 
FROM pending_doctor_requests 
WHERE pending_doctor_requests.clerk_id = $1::VARCHAR
2026-08-31 16:15:44,007 INFO sqlalchemy.engine.Engine [cached since 1993s ago] ('user_3Idz3lR4nUx32RQ08fmzLywvcaV',)
2026-08-31 16:15:44,009 INFO sqlalchemy.engine.Engine COMMIT
INFO:     127.0.0.1:56361 - "GET /api/v1/doctor-applications/me HTTP/1.1" 200 OK
2026-08-31 16:15:53,018 INFO sqlalchemy.engine.Engine BEGIN (implicit)
2026-08-31 16:15:53,019 INFO sqlalchemy.engine.Engine SELECT users.id, users.practice_id, users.clerk_id, users.email, users.name, users.role, users.phone, users.is_active, users.permissions, users.is_platform_admin, users.created_at, users.updated_at 
FROM users 
WHERE users.clerk_id = $1::VARCHAR
2026-08-31 16:15:53,019 INFO sqlalchemy.engine.Engine [cached since 2002s ago] ('user_3Idz3lR4nUx32RQ08fmzLywvcaV',)
2026-08-31 16:15:53,021 INFO sqlalchemy.engine.Engine SELECT pending_doctor_requests.id, pending_doctor_requests.practice_id, pending_doctor_requests.clerk_id, pending_doctor_requests.name, pending_doctor_requests.email, pending_doctor_requests.phone, pending_doctor_requests.specialty, pending_doctor_requests.license_number, pending_doctor_requests.bio, pending_doctor_requests.photo_url, pending_doctor_requests.documents, pending_doctor_requests.status, pending_doctor_requests.rejected_reason, pending_doctor_requests.doctor_id, pending_doctor_requests.submitted_at, pending_doctor_requests.reviewed_at 
FROM pending_doctor_requests 
WHERE pending_doctor_requests.clerk_id = $1::VARCHAR
2026-08-31 16:15:53,022 INFO sqlalchemy.engine.Engine [cached since 2002s ago] ('user_3Idz3lR4nUx32RQ08fmzLywvcaV',)
2026-08-31 16:15:53,023 INFO sqlalchemy.engine.Engine COMMIT
INFO:     127.0.0.1:56365 - "GET /api/v1/doctor-applications/me HTTP/1.1" 200 OK
2026-08-31 16:16:02,323 INFO sqlalchemy.engine.Engine BEGIN (implicit)
2026-08-31 16:16:02,324 INFO sqlalchemy.engine.Engine SELECT users.id, users.practice_id, users.clerk_id, users.email, users.name, users.role, users.phone, users.is_active, users.permissions, users.is_platform_admin, users.created_at, users.updated_at 
FROM users 
WHERE users.clerk_id = $1::VARCHAR
2026-08-31 16:16:02,324 INFO sqlalchemy.engine.Engine [cached since 2011s ago] ('user_3Idz3lR4nUx32RQ08fmzLywvcaV',)
2026-08-31 16:16:02,325 INFO sqlalchemy.engine.Engine SELECT pending_doctor_requests.id, pending_doctor_requests.practice_id, pending_doctor_requests.clerk_id, pending_doctor_requests.name, pending_doctor_requests.email, pending_doctor_requests.phone, pending_doctor_requests.specialty, pending_doctor_requests.license_number, pending_doctor_requests.bio, pending_doctor_requests.photo_url, pending_doctor_requests.documents, pending_doctor_requests.status, pending_doctor_requests.rejected_reason, pending_doctor_requests.doctor_id, pending_doctor_requests.submitted_at, pending_doctor_requests.reviewed_at 
FROM pending_doctor_requests 
WHERE pending_doctor_requests.clerk_id = $1::VARCHAR
2026-08-31 16:16:02,325 INFO sqlalchemy.engine.Engine [cached since 2011s ago] ('user_3Idz3lR4nUx32RQ08fmzLywvcaV',)
2026-08-31 16:16:02,326 INFO sqlalchemy.engine.Engine COMMIT
INFO:     127.0.0.1:56370 - "GET /api/v1/doctor-applications/me HTTP/1.1" 200 OK
2026-08-31 16:16:11,335 INFO sqlalchemy.engine.Engine BEGIN (implicit)
2026-08-31 16:16:11,336 INFO sqlalchemy.engine.Engine SELECT users.id, users.practice_id, users.clerk_id, users.email, users.name, users.role, users.phone, users.is_active, users.permissions, users.is_platform_admin, users.created_at, users.updated_at 
FROM users 
WHERE users.clerk_id = $1::VARCHAR
2026-08-31 16:16:11,337 INFO sqlalchemy.engine.Engine [cached since 2020s ago] ('user_3Idz3lR4nUx32RQ08fmzLywvcaV',)
2026-08-31 16:16:11,343 INFO sqlalchemy.engine.Engine SELECT pending_doctor_requests.id, pending_doctor_requests.practice_id, pending_doctor_requests.clerk_id, pending_doctor_requests.name, pending_doctor_requests.email, pending_doctor_requests.phone, pending_doctor_requests.specialty, pending_doctor_requests.license_number, pending_doctor_requests.bio, pending_doctor_requests.photo_url, pending_doctor_requests.documents, pending_doctor_requests.status, pending_doctor_requests.rejected_reason, pending_doctor_requests.doctor_id, pending_doctor_requests.submitted_at, pending_doctor_requests.reviewed_at 
FROM pending_doctor_requests 
WHERE pending_doctor_requests.clerk_id = $1::VARCHAR
2026-08-31 16:16:11,344 INFO sqlalchemy.engine.Engine [cached since 2020s ago] ('user_3Idz3lR4nUx32RQ08fmzLywvcaV',)
2026-08-31 16:16:11,348 INFO sqlalchemy.engine.Engine COMMIT
INFO:     127.0.0.1:56373 - "GET /api/v1/doctor-applications/me HTTP/1.1" 200 OK
2026-08-31 16:16:20,005 INFO sqlalchemy.engine.Engine BEGIN (implicit)
2026-08-31 16:16:20,006 INFO sqlalchemy.engine.Engine SELECT users.id, users.practice_id, users.clerk_id, users.email, users.name, users.role, users.phone, users.is_active, users.permissions, users.is_platform_admin, users.created_at, users.updated_at 
FROM users 
WHERE users.clerk_id = $1::VARCHAR
2026-08-31 16:16:20,006 INFO sqlalchemy.engine.Engine [cached since 2029s ago] ('user_3Idz3lR4nUx32RQ08fmzLywvcaV',)
2026-08-31 16:16:20,009 INFO sqlalchemy.engine.Engine SELECT pending_doctor_requests.id, pending_doctor_requests.practice_id, pending_doctor_requests.clerk_id, pending_doctor_requests.name, pending_doctor_requests.email, pending_doctor_requests.phone, pending_doctor_requests.specialty, pending_doctor_requests.license_number, pending_doctor_requests.bio, pending_doctor_requests.photo_url, pending_doctor_requests.documents, pending_doctor_requests.status, pending_doctor_requests.rejected_reason, pending_doctor_requests.doctor_id, pending_doctor_requests.submitted_at, pending_doctor_requests.reviewed_at 
FROM pending_doctor_requests 
WHERE pending_doctor_requests.clerk_id = $1::VARCHAR
2026-08-31 16:16:20,009 INFO sqlalchemy.engine.Engine [cached since 2029s ago] ('user_3Idz3lR4nUx32RQ08fmzLywvcaV',)
2026-08-31 16:16:20,011 INFO sqlalchemy.engine.Engine COMMIT
INFO:     127.0.0.1:56376 - "GET /api/v1/doctor-applications/me HTTP/1.1" 200 OK
2026-08-31 16:16:31,008 INFO sqlalchemy.engine.Engine BEGIN (implicit)
2026-08-31 16:16:31,009 INFO sqlalchemy.engine.Engine SELECT users.id, users.practice_id, users.clerk_id, users.email, users.name, users.role, users.phone, users.is_active, users.permissions, users.is_platform_admin, users.created_at, users.updated_at 
FROM users 
WHERE users.clerk_id = $1::VARCHAR
2026-08-31 16:16:31,009 INFO sqlalchemy.engine.Engine [cached since 2040s ago] ('user_3Idz3lR4nUx32RQ08fmzLywvcaV',)
2026-08-31 16:16:31,012 INFO sqlalchemy.engine.Engine SELECT pending_doctor_requests.id, pending_doctor_requests.practice_id, pending_doctor_requests.clerk_id, pending_doctor_requests.name, pending_doctor_requests.email, pending_doctor_requests.phone, pending_doctor_requests.specialty, pending_doctor_requests.license_number, pending_doctor_requests.bio, pending_doctor_requests.photo_url, pending_doctor_requests.documents, pending_doctor_requests.status, pending_doctor_requests.rejected_reason, pending_doctor_requests.doctor_id, pending_doctor_requests.submitted_at, pending_doctor_requests.reviewed_at 
FROM pending_doctor_requests 
WHERE pending_doctor_requests.clerk_id = $1::VARCHAR
2026-08-31 16:16:31,013 INFO sqlalchemy.engine.Engine [cached since 2040s ago] ('user_3Idz3lR4nUx32RQ08fmzLywvcaV',)
2026-08-31 16:16:31,014 INFO sqlalchemy.engine.Engine COMMIT
INFO:     127.0.0.1:56379 - "GET /api/v1/doctor-applications/me HTTP/1.1" 200 OK
2026-08-31 16:16:39,153 INFO sqlalchemy.engine.Engine BEGIN (implicit)
2026-08-31 16:16:39,153 INFO sqlalchemy.engine.Engine SELECT users.id, users.practice_id, users.clerk_id, users.email, users.name, users.role, users.phone, users.is_active, users.permissions, users.is_platform_admin, users.created_at, users.updated_at 
FROM users 
WHERE users.clerk_id = $1::VARCHAR
2026-08-31 16:16:39,153 INFO sqlalchemy.engine.Engine [cached since 2048s ago] ('user_3Idz3lR4nUx32RQ08fmzLywvcaV',)
2026-08-31 16:16:39,156 INFO sqlalchemy.engine.Engine SELECT pending_doctor_requests.id, pending_doctor_requests.practice_id, pending_doctor_requests.clerk_id, pending_doctor_requests.name, pending_doctor_requests.email, pending_doctor_requests.phone, pending_doctor_requests.specialty, pending_doctor_requests.license_number, pending_doctor_requests.bio, pending_doctor_requests.photo_url, pending_doctor_requests.documents, pending_doctor_requests.status, pending_doctor_requests.rejected_reason, pending_doctor_requests.doctor_id, pending_doctor_requests.submitted_at, pending_doctor_requests.reviewed_at 
FROM pending_doctor_requests 
WHERE pending_doctor_requests.clerk_id = $1::VARCHAR
2026-08-31 16:16:39,156 INFO sqlalchemy.engine.Engine [cached since 2048s ago] ('user_3Idz3lR4nUx32RQ08fmzLywvcaV',)
2026-08-31 16:16:39,158 INFO sqlalchemy.engine.Engine COMMIT
INFO:     127.0.0.1:56382 - "GET /api/v1/doctor-applications/me HTTP/1.1" 200 OK
2026-08-31 16:16:47,248 INFO sqlalchemy.engine.Engine BEGIN (implicit)
2026-08-31 16:16:47,248 INFO sqlalchemy.engine.Engine SELECT users.id, users.practice_id, users.clerk_id, users.email, users.name, users.role, users.phone, users.is_active, users.permissions, users.is_platform_admin, users.created_at, users.updated_at 
FROM users 
WHERE users.clerk_id = $1::VARCHAR
2026-08-31 16:16:47,249 INFO sqlalchemy.engine.Engine [cached since 2056s ago] ('user_3Idz3lR4nUx32RQ08fmzLywvcaV',)
2026-08-31 16:16:47,250 INFO sqlalchemy.engine.Engine SELECT pending_doctor_requests.id, pending_doctor_requests.practice_id, pending_doctor_requests.clerk_id, pending_doctor_requests.name, pending_doctor_requests.email, pending_doctor_requests.phone, pending_doctor_requests.specialty, pending_doctor_requests.license_number, pending_doctor_requests.bio, pending_doctor_requests.photo_url, pending_doctor_requests.documents, pending_doctor_requests.status, pending_doctor_requests.rejected_reason, pending_doctor_requests.doctor_id, pending_doctor_requests.submitted_at, pending_doctor_requests.reviewed_at 
FROM pending_doctor_requests 
WHERE pending_doctor_requests.clerk_id = $1::VARCHAR
2026-08-31 16:16:47,250 INFO sqlalchemy.engine.Engine [cached since 2056s ago] ('user_3Idz3lR4nUx32RQ08fmzLywvcaV',)
2026-08-31 16:16:47,251 INFO sqlalchemy.engine.Engine COMMIT
INFO:     127.0.0.1:56386 - "GET /api/v1/doctor-applications/me HTTP/1.1" 200 OK
2026-08-31 16:16:55,800 INFO sqlalchemy.engine.Engine BEGIN (implicit)
2026-08-31 16:16:55,801 INFO sqlalchemy.engine.Engine SELECT users.id, users.practice_id, users.clerk_id, users.email, users.name, users.role, users.phone, users.is_active, users.permissions, users.is_platform_admin, users.created_at, users.updated_at 
FROM users 
WHERE users.clerk_id = $1::VARCHAR
2026-08-31 16:16:55,803 INFO sqlalchemy.engine.Engine [cached since 2065s ago] ('user_3Idz3lR4nUx32RQ08fmzLywvcaV',)
2026-08-31 16:16:55,809 INFO sqlalchemy.engine.Engine SELECT pending_doctor_requests.id, pending_doctor_requests.practice_id, pending_doctor_requests.clerk_id, pending_doctor_requests.name, pending_doctor_requests.email, pending_doctor_requests.phone, pending_doctor_requests.specialty, pending_doctor_requests.license_number, pending_doctor_requests.bio, pending_doctor_requests.photo_url, pending_doctor_requests.documents, pending_doctor_requests.status, pending_doctor_requests.rejected_reason, pending_doctor_requests.doctor_id, pending_doctor_requests.submitted_at, pending_doctor_requests.reviewed_at 
FROM pending_doctor_requests 
WHERE pending_doctor_requests.clerk_id = $1::VARCHAR
2026-08-31 16:16:55,810 INFO sqlalchemy.engine.Engine [cached since 2065s ago] ('user_3Idz3lR4nUx32RQ08fmzLywvcaV',)
2026-08-31 16:16:55,814 INFO sqlalchemy.engine.Engine COMMIT
INFO:     127.0.0.1:56389 - "GET /api/v1/doctor-applications/me HTTP/1.1" 200 OK
2026-08-31 16:17:03,942 INFO sqlalchemy.engine.Engine BEGIN (implicit)
2026-08-31 16:17:03,944 INFO sqlalchemy.engine.Engine SELECT users.id, users.practice_id, users.clerk_id, users.email, users.name, users.role, users.phone, users.is_active, users.permissions, users.is_platform_admin, users.created_at, users.updated_at 
FROM users 
WHERE users.clerk_id = $1::VARCHAR
2026-08-31 16:17:03,944 INFO sqlalchemy.engine.Engine [cached since 2073s ago] ('user_3Idz3lR4nUx32RQ08fmzLywvcaV',)
2026-08-31 16:17:03,948 INFO sqlalchemy.engine.Engine SELECT pending_doctor_requests.id, pending_doctor_requests.practice_id, pending_doctor_requests.clerk_id, pending_doctor_requests.name, pending_doctor_requests.email, pending_doctor_requests.phone, pending_doctor_requests.specialty, pending_doctor_requests.license_number, pending_doctor_requests.bio, pending_doctor_requests.photo_url, pending_doctor_requests.documents, pending_doctor_requests.status, pending_doctor_requests.rejected_reason, pending_doctor_requests.doctor_id, pending_doctor_requests.submitted_at, pending_doctor_requests.reviewed_at 
FROM pending_doctor_requests 
WHERE pending_doctor_requests.clerk_id = $1::VARCHAR
2026-08-31 16:17:03,949 INFO sqlalchemy.engine.Engine [cached since 2073s ago] ('user_3Idz3lR4nUx32RQ08fmzLywvcaV',)
2026-08-31 16:17:03,951 INFO sqlalchemy.engine.Engine COMMIT
INFO:     127.0.0.1:56391 - "GET /api/v1/doctor-applications/me HTTP/1.1" 200 OK
2026-08-31 16:17:12,031 INFO sqlalchemy.engine.Engine BEGIN (implicit)
2026-08-31 16:17:12,031 INFO sqlalchemy.engine.Engine SELECT users.id, users.practice_id, users.clerk_id, users.email, users.name, users.role, users.phone, users.is_active, users.permissions, users.is_platform_admin, users.created_at, users.updated_at 
FROM users 
WHERE users.clerk_id = $1::VARCHAR
2026-08-31 16:17:12,031 INFO sqlalchemy.engine.Engine [cached since 2081s ago] ('user_3Idz3lR4nUx32RQ08fmzLywvcaV',)
2026-08-31 16:17:12,033 INFO sqlalchemy.engine.Engine SELECT pending_doctor_requests.id, pending_doctor_requests.practice_id, pending_doctor_requests.clerk_id, pending_doctor_requests.name, pending_doctor_requests.email, pending_doctor_requests.phone, pending_doctor_requests.specialty, pending_doctor_requests.license_number, pending_doctor_requests.bio, pending_doctor_requests.photo_url, pending_doctor_requests.documents, pending_doctor_requests.status, pending_doctor_requests.rejected_reason, pending_doctor_requests.doctor_id, pending_doctor_requests.submitted_at, pending_doctor_requests.reviewed_at 
FROM pending_doctor_requests 
WHERE pending_doctor_requests.clerk_id = $1::VARCHAR
2026-08-31 16:17:12,033 INFO sqlalchemy.engine.Engine [cached since 2081s ago] ('user_3Idz3lR4nUx32RQ08fmzLywvcaV',)
2026-08-31 16:17:12,034 INFO sqlalchemy.engine.Engine COMMIT
INFO:     127.0.0.1:56394 - "GET /api/v1/doctor-applications/me HTTP/1.1" 200 OK
2026-08-31 16:17:20,147 INFO sqlalchemy.engine.Engine BEGIN (implicit)
2026-08-31 16:17:20,148 INFO sqlalchemy.engine.Engine SELECT users.id, users.practice_id, users.clerk_id, users.email, users.name, users.role, users.phone, users.is_active, users.permissions, users.is_platform_admin, users.created_at, users.updated_at 
FROM users 
WHERE users.clerk_id = $1::VARCHAR
2026-08-31 16:17:20,148 INFO sqlalchemy.engine.Engine [cached since 2089s ago] ('user_3Idz3lR4nUx32RQ08fmzLywvcaV',)
2026-08-31 16:17:20,149 INFO sqlalchemy.engine.Engine SELECT pending_doctor_requests.id, pending_doctor_requests.practice_id, pending_doctor_requests.clerk_id, pending_doctor_requests.name, pending_doctor_requests.email, pending_doctor_requests.phone, pending_doctor_requests.specialty, pending_doctor_requests.license_number, pending_doctor_requests.bio, pending_doctor_requests.photo_url, pending_doctor_requests.documents, pending_doctor_requests.status, pending_doctor_requests.rejected_reason, pending_doctor_requests.doctor_id, pending_doctor_requests.submitted_at, pending_doctor_requests.reviewed_at 
FROM pending_doctor_requests 
WHERE pending_doctor_requests.clerk_id = $1::VARCHAR
2026-08-31 16:17:20,150 INFO sqlalchemy.engine.Engine [cached since 2089s ago] ('user_3Idz3lR4nUx32RQ08fmzLywvcaV',)
2026-08-31 16:17:20,151 INFO sqlalchemy.engine.Engine COMMIT
INFO:     127.0.0.1:56401 - "GET /api/v1/doctor-applications/me HTTP/1.1" 200 OK
2026-08-31 16:17:31,566 INFO sqlalchemy.engine.Engine BEGIN (implicit)
2026-08-31 16:17:31,566 INFO sqlalchemy.engine.Engine SELECT users.id, users.practice_id, users.clerk_id, users.email, users.name, users.role, users.phone, users.is_active, users.permissions, users.is_platform_admin, users.created_at, users.updated_at 
FROM users 
WHERE users.clerk_id = $1::VARCHAR
2026-08-31 16:17:31,566 INFO sqlalchemy.engine.Engine [cached since 2101s ago] ('user_3Idz3lR4nUx32RQ08fmzLywvcaV',)
2026-08-31 16:17:31,569 INFO sqlalchemy.engine.Engine SELECT pending_doctor_requests.id, pending_doctor_requests.practice_id, pending_doctor_requests.clerk_id, pending_doctor_requests.name, pending_doctor_requests.email, pending_doctor_requests.phone, pending_doctor_requests.specialty, pending_doctor_requests.license_number, pending_doctor_requests.bio, pending_doctor_requests.photo_url, pending_doctor_requests.documents, pending_doctor_requests.status, pending_doctor_requests.rejected_reason, pending_doctor_requests.doctor_id, pending_doctor_requests.submitted_at, pending_doctor_requests.reviewed_at 
FROM pending_doctor_requests 
WHERE pending_doctor_requests.clerk_id = $1::VARCHAR
2026-08-31 16:17:31,569 INFO sqlalchemy.engine.Engine [cached since 2101s ago] ('user_3Idz3lR4nUx32RQ08fmzLywvcaV',)
2026-08-31 16:17:31,570 INFO sqlalchemy.engine.Engine COMMIT
INFO:     127.0.0.1:56405 - "GET /api/v1/doctor-applications/me HTTP/1.1" 200 OK
2026-08-31 16:17:40,193 INFO sqlalchemy.engine.Engine BEGIN (implicit)
2026-08-31 16:17:40,194 INFO sqlalchemy.engine.Engine SELECT users.id, users.practice_id, users.clerk_id, users.email, users.name, users.role, users.phone, users.is_active, users.permissions, users.is_platform_admin, users.created_at, users.updated_at 
FROM users 
WHERE users.clerk_id = $1::VARCHAR
2026-08-31 16:17:40,194 INFO sqlalchemy.engine.Engine [cached since 2109s ago] ('user_3Idz3lR4nUx32RQ08fmzLywvcaV',)
2026-08-31 16:17:40,196 INFO sqlalchemy.engine.Engine SELECT pending_doctor_requests.id, pending_doctor_requests.practice_id, pending_doctor_requests.clerk_id, pending_doctor_requests.name, pending_doctor_requests.email, pending_doctor_requests.phone, pending_doctor_requests.specialty, pending_doctor_requests.license_number, pending_doctor_requests.bio, pending_doctor_requests.photo_url, pending_doctor_requests.documents, pending_doctor_requests.status, pending_doctor_requests.rejected_reason, pending_doctor_requests.doctor_id, pending_doctor_requests.submitted_at, pending_doctor_requests.reviewed_at 
FROM pending_doctor_requests 
WHERE pending_doctor_requests.clerk_id = $1::VARCHAR
2026-08-31 16:17:40,196 INFO sqlalchemy.engine.Engine [cached since 2109s ago] ('user_3Idz3lR4nUx32RQ08fmzLywvcaV',)
2026-08-31 16:17:40,197 INFO sqlalchemy.engine.Engine COMMIT
INFO:     127.0.0.1:56411 - "GET /api/v1/doctor-applications/me HTTP/1.1" 200 OK
2026-08-31 16:17:49,539 INFO sqlalchemy.engine.Engine BEGIN (implicit)
2026-08-31 16:17:49,541 INFO sqlalchemy.engine.Engine SELECT users.id, users.practice_id, users.clerk_id, users.email, users.name, users.role, users.phone, users.is_active, users.permissions, users.is_platform_admin, users.created_at, users.updated_at 
FROM users 
WHERE users.clerk_id = $1::VARCHAR
2026-08-31 16:17:49,543 INFO sqlalchemy.engine.Engine [cached since 2119s ago] ('user_3Idz3lR4nUx32RQ08fmzLywvcaV',)
2026-08-31 16:17:49,551 INFO sqlalchemy.engine.Engine SELECT pending_doctor_requests.id, pending_doctor_requests.practice_id, pending_doctor_requests.clerk_id, pending_doctor_requests.name, pending_doctor_requests.email, pending_doctor_requests.phone, pending_doctor_requests.specialty, pending_doctor_requests.license_number, pending_doctor_requests.bio, pending_doctor_requests.photo_url, pending_doctor_requests.documents, pending_doctor_requests.status, pending_doctor_requests.rejected_reason, pending_doctor_requests.doctor_id, pending_doctor_requests.submitted_at, pending_doctor_requests.reviewed_at 
FROM pending_doctor_requests 
WHERE pending_doctor_requests.clerk_id = $1::VARCHAR
2026-08-31 16:17:49,552 INFO sqlalchemy.engine.Engine [cached since 2119s ago] ('user_3Idz3lR4nUx32RQ08fmzLywvcaV',)
2026-08-31 16:17:49,557 INFO sqlalchemy.engine.Engine COMMIT
INFO:     127.0.0.1:56415 - "GET /api/v1/doctor-applications/me HTTP/1.1" 200 OK
2026-08-31 16:17:58,150 INFO sqlalchemy.engine.Engine BEGIN (implicit)
2026-08-31 16:17:58,152 INFO sqlalchemy.engine.Engine SELECT users.id, users.practice_id, users.clerk_id, users.email, users.name, users.role, users.phone, users.is_active, users.permissions, users.is_platform_admin, users.created_at, users.updated_at 
FROM users 
WHERE users.clerk_id = $1::VARCHAR
2026-08-31 16:17:58,155 INFO sqlalchemy.engine.Engine [cached since 2127s ago] ('user_3Idz3lR4nUx32RQ08fmzLywvcaV',)
2026-08-31 16:17:58,162 INFO sqlalchemy.engine.Engine SELECT pending_doctor_requests.id, pending_doctor_requests.practice_id, pending_doctor_requests.clerk_id, pending_doctor_requests.name, pending_doctor_requests.email, pending_doctor_requests.phone, pending_doctor_requests.specialty, pending_doctor_requests.license_number, pending_doctor_requests.bio, pending_doctor_requests.photo_url, pending_doctor_requests.documents, pending_doctor_requests.status, pending_doctor_requests.rejected_reason, pending_doctor_requests.doctor_id, pending_doctor_requests.submitted_at, pending_doctor_requests.reviewed_at 
FROM pending_doctor_requests 
WHERE pending_doctor_requests.clerk_id = $1::VARCHAR
2026-08-31 16:17:58,162 INFO sqlalchemy.engine.Engine [cached since 2127s ago] ('user_3Idz3lR4nUx32RQ08fmzLywvcaV',)
2026-08-31 16:17:58,167 INFO sqlalchemy.engine.Engine COMMIT
INFO:     127.0.0.1:56418 - "GET /api/v1/doctor-applications/me HTTP/1.1" 200 OK
2026-08-31 16:18:06,609 INFO sqlalchemy.engine.Engine BEGIN (implicit)
2026-08-31 16:18:06,611 INFO sqlalchemy.engine.Engine SELECT users.id, users.practice_id, users.clerk_id, users.email, users.name, users.role, users.phone, users.is_active, users.permissions, users.is_platform_admin, users.created_at, users.updated_at 
FROM users 
WHERE users.clerk_id = $1::VARCHAR
2026-08-31 16:18:06,612 INFO sqlalchemy.engine.Engine [cached since 2136s ago] ('user_3Idz3lR4nUx32RQ08fmzLywvcaV',)
2026-08-31 16:18:06,619 INFO sqlalchemy.engine.Engine SELECT pending_doctor_requests.id, pending_doctor_requests.practice_id, pending_doctor_requests.clerk_id, pending_doctor_requests.name, pending_doctor_requests.email, pending_doctor_requests.phone, pending_doctor_requests.specialty, pending_doctor_requests.license_number, pending_doctor_requests.bio, pending_doctor_requests.photo_url, pending_doctor_requests.documents, pending_doctor_requests.status, pending_doctor_requests.rejected_reason, pending_doctor_requests.doctor_id, pending_doctor_requests.submitted_at, pending_doctor_requests.reviewed_at 
FROM pending_doctor_requests 
WHERE pending_doctor_requests.clerk_id = $1::VARCHAR
2026-08-31 16:18:06,619 INFO sqlalchemy.engine.Engine [cached since 2136s ago] ('user_3Idz3lR4nUx32RQ08fmzLywvcaV',)
2026-08-31 16:18:06,623 INFO sqlalchemy.engine.Engine COMMIT
INFO:     127.0.0.1:56421 - "GET /api/v1/doctor-applications/me HTTP/1.1" 200 OK
2026-08-31 16:18:15,066 INFO sqlalchemy.engine.Engine BEGIN (implicit)
2026-08-31 16:18:15,066 INFO sqlalchemy.engine.Engine SELECT users.id, users.practice_id, users.clerk_id, users.email, users.name, users.role, users.phone, users.is_active, users.permissions, users.is_platform_admin, users.created_at, users.updated_at 
FROM users 
WHERE users.clerk_id = $1::VARCHAR
2026-08-31 16:18:15,066 INFO sqlalchemy.engine.Engine [cached since 2144s ago] ('user_3Idz3lR4nUx32RQ08fmzLywvcaV',)
2026-08-31 16:18:15,068 INFO sqlalchemy.engine.Engine SELECT pending_doctor_requests.id, pending_doctor_requests.practice_id, pending_doctor_requests.clerk_id, pending_doctor_requests.name, pending_doctor_requests.email, pending_doctor_requests.phone, pending_doctor_requests.specialty, pending_doctor_requests.license_number, pending_doctor_requests.bio, pending_doctor_requests.photo_url, pending_doctor_requests.documents, pending_doctor_requests.status, pending_doctor_requests.rejected_reason, pending_doctor_requests.doctor_id, pending_doctor_requests.submitted_at, pending_doctor_requests.reviewed_at 
FROM pending_doctor_requests 
WHERE pending_doctor_requests.clerk_id = $1::VARCHAR
2026-08-31 16:18:15,069 INFO sqlalchemy.engine.Engine [cached since 2144s ago] ('user_3Idz3lR4nUx32RQ08fmzLywvcaV',)
2026-08-31 16:18:15,070 INFO sqlalchemy.engine.Engine COMMIT
INFO:     127.0.0.1:56424 - "GET /api/v1/doctor-applications/me HTTP/1.1" 200 OK
2026-08-31 16:18:23,632 INFO sqlalchemy.engine.Engine BEGIN (implicit)
2026-08-31 16:18:23,632 INFO sqlalchemy.engine.Engine SELECT users.id, users.practice_id, users.clerk_id, users.email, users.name, users.role, users.phone, users.is_active, users.permissions, users.is_platform_admin, users.created_at, users.updated_at 
FROM users 
WHERE users.clerk_id = $1::VARCHAR
2026-08-31 16:18:23,632 INFO sqlalchemy.engine.Engine [cached since 2153s ago] ('user_3Idz3lR4nUx32RQ08fmzLywvcaV',)
2026-08-31 16:18:23,634 INFO sqlalchemy.engine.Engine SELECT pending_doctor_requests.id, pending_doctor_requests.practice_id, pending_doctor_requests.clerk_id, pending_doctor_requests.name, pending_doctor_requests.email, pending_doctor_requests.phone, pending_doctor_requests.specialty, pending_doctor_requests.license_number, pending_doctor_requests.bio, pending_doctor_requests.photo_url, pending_doctor_requests.documents, pending_doctor_requests.status, pending_doctor_requests.rejected_reason, pending_doctor_requests.doctor_id, pending_doctor_requests.submitted_at, pending_doctor_requests.reviewed_at 
FROM pending_doctor_requests 
WHERE pending_doctor_requests.clerk_id = $1::VARCHAR
2026-08-31 16:18:23,634 INFO sqlalchemy.engine.Engine [cached since 2153s ago] ('user_3Idz3lR4nUx32RQ08fmzLywvcaV',)
2026-08-31 16:18:23,635 INFO sqlalchemy.engine.Engine COMMIT
INFO:     127.0.0.1:56428 - "GET /api/v1/doctor-applications/me HTTP/1.1" 200 OK
2026-08-31 16:18:33,286 INFO sqlalchemy.engine.Engine BEGIN (implicit)
2026-08-31 16:18:33,288 INFO sqlalchemy.engine.Engine SELECT users.id, users.practice_id, users.clerk_id, users.email, users.name, users.role, users.phone, users.is_active, users.permissions, users.is_platform_admin, users.created_at, users.updated_at 
FROM users 
WHERE users.clerk_id = $1::VARCHAR
2026-08-31 16:18:33,289 INFO sqlalchemy.engine.Engine [cached since 2162s ago] ('user_3Idz3lR4nUx32RQ08fmzLywvcaV',)
2026-08-31 16:18:33,295 INFO sqlalchemy.engine.Engine SELECT pending_doctor_requests.id, pending_doctor_requests.practice_id, pending_doctor_requests.clerk_id, pending_doctor_requests.name, pending_doctor_requests.email, pending_doctor_requests.phone, pending_doctor_requests.specialty, pending_doctor_requests.license_number, pending_doctor_requests.bio, pending_doctor_requests.photo_url, pending_doctor_requests.documents, pending_doctor_requests.status, pending_doctor_requests.rejected_reason, pending_doctor_requests.doctor_id, pending_doctor_requests.submitted_at, pending_doctor_requests.reviewed_at 
FROM pending_doctor_requests 
WHERE pending_doctor_requests.clerk_id = $1::VARCHAR
2026-08-31 16:18:33,296 INFO sqlalchemy.engine.Engine [cached since 2162s ago] ('user_3Idz3lR4nUx32RQ08fmzLywvcaV',)
2026-08-31 16:18:33,299 INFO sqlalchemy.engine.Engine COMMIT
INFO:     127.0.0.1:56431 - "GET /api/v1/doctor-applications/me HTTP/1.1" 200 OK
2026-08-31 16:18:41,908 INFO sqlalchemy.engine.Engine BEGIN (implicit)
2026-08-31 16:18:41,910 INFO sqlalchemy.engine.Engine SELECT users.id, users.practice_id, users.clerk_id, users.email, users.name, users.role, users.phone, users.is_active, users.permissions, users.is_platform_admin, users.created_at, users.updated_at 
FROM users 
WHERE users.clerk_id = $1::VARCHAR
2026-08-31 16:18:41,911 INFO sqlalchemy.engine.Engine [cached since 2171s ago] ('user_3Idz3lR4nUx32RQ08fmzLywvcaV',)
2026-08-31 16:18:41,914 INFO sqlalchemy.engine.Engine SELECT pending_doctor_requests.id, pending_doctor_requests.practice_id, pending_doctor_requests.clerk_id, pending_doctor_requests.name, pending_doctor_requests.email, pending_doctor_requests.phone, pending_doctor_requests.specialty, pending_doctor_requests.license_number, pending_doctor_requests.bio, pending_doctor_requests.photo_url, pending_doctor_requests.documents, pending_doctor_requests.status, pending_doctor_requests.rejected_reason, pending_doctor_requests.doctor_id, pending_doctor_requests.submitted_at, pending_doctor_requests.reviewed_at 
FROM pending_doctor_requests 
WHERE pending_doctor_requests.clerk_id = $1::VARCHAR
2026-08-31 16:18:41,915 INFO sqlalchemy.engine.Engine [cached since 2171s ago] ('user_3Idz3lR4nUx32RQ08fmzLywvcaV',)
2026-08-31 16:18:41,917 INFO sqlalchemy.engine.Engine COMMIT
INFO:     127.0.0.1:56434 - "GET /api/v1/doctor-applications/me HTTP/1.1" 200 OK
2026-08-31 16:18:50,028 INFO sqlalchemy.engine.Engine BEGIN (implicit)
2026-08-31 16:18:50,029 INFO sqlalchemy.engine.Engine SELECT users.id, users.practice_id, users.clerk_id, users.email, users.name, users.role, users.phone, users.is_active, users.permissions, users.is_platform_admin, users.created_at, users.updated_at 
FROM users 
WHERE users.clerk_id = $1::VARCHAR
2026-08-31 16:18:50,029 INFO sqlalchemy.engine.Engine [cached since 2179s ago] ('user_3Idz3lR4nUx32RQ08fmzLywvcaV',)
2026-08-31 16:18:50,033 INFO sqlalchemy.engine.Engine SELECT pending_doctor_requests.id, pending_doctor_requests.practice_id, pending_doctor_requests.clerk_id, pending_doctor_requests.name, pending_doctor_requests.email, pending_doctor_requests.phone, pending_doctor_requests.specialty, pending_doctor_requests.license_number, pending_doctor_requests.bio, pending_doctor_requests.photo_url, pending_doctor_requests.documents, pending_doctor_requests.status, pending_doctor_requests.rejected_reason, pending_doctor_requests.doctor_id, pending_doctor_requests.submitted_at, pending_doctor_requests.reviewed_at 
FROM pending_doctor_requests 
WHERE pending_doctor_requests.clerk_id = $1::VARCHAR
2026-08-31 16:18:50,034 INFO sqlalchemy.engine.Engine [cached since 2179s ago] ('user_3Idz3lR4nUx32RQ08fmzLywvcaV',)
2026-08-31 16:18:50,037 INFO sqlalchemy.engine.Engine COMMIT
INFO:     127.0.0.1:56437 - "GET /api/v1/doctor-applications/me HTTP/1.1" 200 OK
2026-08-31 16:18:58,457 INFO sqlalchemy.engine.Engine BEGIN (implicit)
2026-08-31 16:18:58,457 INFO sqlalchemy.engine.Engine SELECT users.id, users.practice_id, users.clerk_id, users.email, users.name, users.role, users.phone, users.is_active, users.permissions, users.is_platform_admin, users.created_at, users.updated_at 
FROM users 
WHERE users.clerk_id = $1::VARCHAR
2026-08-31 16:18:58,458 INFO sqlalchemy.engine.Engine [cached since 2188s ago] ('user_3Idz3lR4nUx32RQ08fmzLywvcaV',)
2026-08-31 16:18:58,460 INFO sqlalchemy.engine.Engine SELECT pending_doctor_requests.id, pending_doctor_requests.practice_id, pending_doctor_requests.clerk_id, pending_doctor_requests.name, pending_doctor_requests.email, pending_doctor_requests.phone, pending_doctor_requests.specialty, pending_doctor_requests.license_number, pending_doctor_requests.bio, pending_doctor_requests.photo_url, pending_doctor_requests.documents, pending_doctor_requests.status, pending_doctor_requests.rejected_reason, pending_doctor_requests.doctor_id, pending_doctor_requests.submitted_at, pending_doctor_requests.reviewed_at 
FROM pending_doctor_requests 
WHERE pending_doctor_requests.clerk_id = $1::VARCHAR
2026-08-31 16:18:58,460 INFO sqlalchemy.engine.Engine [cached since 2187s ago] ('user_3Idz3lR4nUx32RQ08fmzLywvcaV',)
2026-08-31 16:18:58,462 INFO sqlalchemy.engine.Engine COMMIT
INFO:     127.0.0.1:56440 - "GET /api/v1/doctor-applications/me HTTP/1.1" 200 OK
2026-08-31 16:19:06,576 INFO sqlalchemy.engine.Engine BEGIN (implicit)
2026-08-31 16:19:06,577 INFO sqlalchemy.engine.Engine SELECT users.id, users.practice_id, users.clerk_id, users.email, users.name, users.role, users.phone, users.is_active, users.permissions, users.is_platform_admin, users.created_at, users.updated_at 
FROM users 
WHERE users.clerk_id = $1::VARCHAR
2026-08-31 16:19:06,578 INFO sqlalchemy.engine.Engine [cached since 2196s ago] ('user_3Idz3lR4nUx32RQ08fmzLywvcaV',)
2026-08-31 16:19:06,584 INFO sqlalchemy.engine.Engine SELECT pending_doctor_requests.id, pending_doctor_requests.practice_id, pending_doctor_requests.clerk_id, pending_doctor_requests.name, pending_doctor_requests.email, pending_doctor_requests.phone, pending_doctor_requests.specialty, pending_doctor_requests.license_number, pending_doctor_requests.bio, pending_doctor_requests.photo_url, pending_doctor_requests.documents, pending_doctor_requests.status, pending_doctor_requests.rejected_reason, pending_doctor_requests.doctor_id, pending_doctor_requests.submitted_at, pending_doctor_requests.reviewed_at 
FROM pending_doctor_requests 
WHERE pending_doctor_requests.clerk_id = $1::VARCHAR
2026-08-31 16:19:06,585 INFO sqlalchemy.engine.Engine [cached since 2196s ago] ('user_3Idz3lR4nUx32RQ08fmzLywvcaV',)
2026-08-31 16:19:06,589 INFO sqlalchemy.engine.Engine COMMIT
INFO:     127.0.0.1:56443 - "GET /api/v1/doctor-applications/me HTTP/1.1" 200 OK
2026-08-31 16:19:14,711 INFO sqlalchemy.engine.Engine BEGIN (implicit)
2026-08-31 16:19:14,713 INFO sqlalchemy.engine.Engine SELECT users.id, users.practice_id, users.clerk_id, users.email, users.name, users.role, users.phone, users.is_active, users.permissions, users.is_platform_admin, users.created_at, users.updated_at 
FROM users 
WHERE users.clerk_id = $1::VARCHAR
2026-08-31 16:19:14,713 INFO sqlalchemy.engine.Engine [cached since 2204s ago] ('user_3Idz3lR4nUx32RQ08fmzLywvcaV',)
2026-08-31 16:19:14,719 INFO sqlalchemy.engine.Engine SELECT pending_doctor_requests.id, pending_doctor_requests.practice_id, pending_doctor_requests.clerk_id, pending_doctor_requests.name, pending_doctor_requests.email, pending_doctor_requests.phone, pending_doctor_requests.specialty, pending_doctor_requests.license_number, pending_doctor_requests.bio, pending_doctor_requests.photo_url, pending_doctor_requests.documents, pending_doctor_requests.status, pending_doctor_requests.rejected_reason, pending_doctor_requests.doctor_id, pending_doctor_requests.submitted_at, pending_doctor_requests.reviewed_at 
FROM pending_doctor_requests 
WHERE pending_doctor_requests.clerk_id = $1::VARCHAR
2026-08-31 16:19:14,719 INFO sqlalchemy.engine.Engine [cached since 2204s ago] ('user_3Idz3lR4nUx32RQ08fmzLywvcaV',)
2026-08-31 16:19:14,723 INFO sqlalchemy.engine.Engine COMMIT
INFO:     127.0.0.1:56445 - "GET /api/v1/doctor-applications/me HTTP/1.1" 200 OK
2026-08-31 16:19:23,211 INFO sqlalchemy.engine.Engine BEGIN (implicit)
2026-08-31 16:19:23,213 INFO sqlalchemy.engine.Engine SELECT users.id, users.practice_id, users.clerk_id, users.email, users.name, users.role, users.phone, users.is_active, users.permissions, users.is_platform_admin, users.created_at, users.updated_at 
FROM users 
WHERE users.clerk_id = $1::VARCHAR
2026-08-31 16:19:23,214 INFO sqlalchemy.engine.Engine [cached since 2212s ago] ('user_3Idz3lR4nUx32RQ08fmzLywvcaV',)
2026-08-31 16:19:23,220 INFO sqlalchemy.engine.Engine SELECT pending_doctor_requests.id, pending_doctor_requests.practice_id, pending_doctor_requests.clerk_id, pending_doctor_requests.name, pending_doctor_requests.email, pending_doctor_requests.phone, pending_doctor_requests.specialty, pending_doctor_requests.license_number, pending_doctor_requests.bio, pending_doctor_requests.photo_url, pending_doctor_requests.documents, pending_doctor_requests.status, pending_doctor_requests.rejected_reason, pending_doctor_requests.doctor_id, pending_doctor_requests.submitted_at, pending_doctor_requests.reviewed_at 
FROM pending_doctor_requests 
WHERE pending_doctor_requests.clerk_id = $1::VARCHAR
2026-08-31 16:19:23,221 INFO sqlalchemy.engine.Engine [cached since 2212s ago] ('user_3Idz3lR4nUx32RQ08fmzLywvcaV',)
2026-08-31 16:19:23,224 INFO sqlalchemy.engine.Engine COMMIT
INFO:     127.0.0.1:56448 - "GET /api/v1/doctor-applications/me HTTP/1.1" 200 OK
2026-08-31 16:19:35,008 INFO sqlalchemy.engine.Engine BEGIN (implicit)
2026-08-31 16:19:35,010 INFO sqlalchemy.engine.Engine SELECT users.id, users.practice_id, users.clerk_id, users.email, users.name, users.role, users.phone, users.is_active, users.permissions, users.is_platform_admin, users.created_at, users.updated_at 
FROM users 
WHERE users.clerk_id = $1::VARCHAR
2026-08-31 16:19:35,010 INFO sqlalchemy.engine.Engine [cached since 2224s ago] ('user_3Idz3lR4nUx32RQ08fmzLywvcaV',)
2026-08-31 16:19:35,016 INFO sqlalchemy.engine.Engine SELECT pending_doctor_requests.id, pending_doctor_requests.practice_id, pending_doctor_requests.clerk_id, pending_doctor_requests.name, pending_doctor_requests.email, pending_doctor_requests.phone, pending_doctor_requests.specialty, pending_doctor_requests.license_number, pending_doctor_requests.bio, pending_doctor_requests.photo_url, pending_doctor_requests.documents, pending_doctor_requests.status, pending_doctor_requests.rejected_reason, pending_doctor_requests.doctor_id, pending_doctor_requests.submitted_at, pending_doctor_requests.reviewed_at 
FROM pending_doctor_requests 
WHERE pending_doctor_requests.clerk_id = $1::VARCHAR
2026-08-31 16:19:35,017 INFO sqlalchemy.engine.Engine [cached since 2224s ago] ('user_3Idz3lR4nUx32RQ08fmzLywvcaV',)
2026-08-31 16:19:35,021 INFO sqlalchemy.engine.Engine COMMIT
INFO:     127.0.0.1:56451 - "GET /api/v1/doctor-applications/me HTTP/1.1" 200 OK
2026-08-31 16:19:43,475 INFO sqlalchemy.engine.Engine BEGIN (implicit)
2026-08-31 16:19:43,475 INFO sqlalchemy.engine.Engine SELECT users.id, users.practice_id, users.clerk_id, users.email, users.name, users.role, users.phone, users.is_active, users.permissions, users.is_platform_admin, users.created_at, users.updated_at 
FROM users 
WHERE users.clerk_id = $1::VARCHAR
2026-08-31 16:19:43,475 INFO sqlalchemy.engine.Engine [cached since 2233s ago] ('user_3Idz3lR4nUx32RQ08fmzLywvcaV',)
2026-08-31 16:19:43,477 INFO sqlalchemy.engine.Engine SELECT pending_doctor_requests.id, pending_doctor_requests.practice_id, pending_doctor_requests.clerk_id, pending_doctor_requests.name, pending_doctor_requests.email, pending_doctor_requests.phone, pending_doctor_requests.specialty, pending_doctor_requests.license_number, pending_doctor_requests.bio, pending_doctor_requests.photo_url, pending_doctor_requests.documents, pending_doctor_requests.status, pending_doctor_requests.rejected_reason, pending_doctor_requests.doctor_id, pending_doctor_requests.submitted_at, pending_doctor_requests.reviewed_at 
FROM pending_doctor_requests 
WHERE pending_doctor_requests.clerk_id = $1::VARCHAR
2026-08-31 16:19:43,477 INFO sqlalchemy.engine.Engine [cached since 2233s ago] ('user_3Idz3lR4nUx32RQ08fmzLywvcaV',)
2026-08-31 16:19:43,479 INFO sqlalchemy.engine.Engine COMMIT
INFO:     127.0.0.1:56458 - "GET /api/v1/doctor-applications/me HTTP/1.1" 200 OK
2026-08-31 16:19:51,574 INFO sqlalchemy.engine.Engine BEGIN (implicit)
2026-08-31 16:19:51,574 INFO sqlalchemy.engine.Engine SELECT users.id, users.practice_id, users.clerk_id, users.email, users.name, users.role, users.phone, users.is_active, users.permissions, users.is_platform_admin, users.created_at, users.updated_at 
FROM users 
WHERE users.clerk_id = $1::VARCHAR
2026-08-31 16:19:51,575 INFO sqlalchemy.engine.Engine [cached since 2241s ago] ('user_3Idz3lR4nUx32RQ08fmzLywvcaV',)
2026-08-31 16:19:51,576 INFO sqlalchemy.engine.Engine SELECT pending_doctor_requests.id, pending_doctor_requests.practice_id, pending_doctor_requests.clerk_id, pending_doctor_requests.name, pending_doctor_requests.email, pending_doctor_requests.phone, pending_doctor_requests.specialty, pending_doctor_requests.license_number, pending_doctor_requests.bio, pending_doctor_requests.photo_url, pending_doctor_requests.documents, pending_doctor_requests.status, pending_doctor_requests.rejected_reason, pending_doctor_requests.doctor_id, pending_doctor_requests.submitted_at, pending_doctor_requests.reviewed_at 
FROM pending_doctor_requests 
WHERE pending_doctor_requests.clerk_id = $1::VARCHAR
2026-08-31 16:19:51,576 INFO sqlalchemy.engine.Engine [cached since 2241s ago] ('user_3Idz3lR4nUx32RQ08fmzLywvcaV',)
2026-08-31 16:19:51,577 INFO sqlalchemy.engine.Engine COMMIT
INFO:     127.0.0.1:56461 - "GET /api/v1/doctor-applications/me HTTP/1.1" 200 OK
2026-08-31 16:20:00,033 INFO sqlalchemy.engine.Engine BEGIN (implicit)
2026-08-31 16:20:00,033 INFO sqlalchemy.engine.Engine SELECT users.id, users.practice_id, users.clerk_id, users.email, users.name, users.role, users.phone, users.is_active, users.permissions, users.is_platform_admin, users.created_at, users.updated_at 
FROM users 
WHERE users.clerk_id = $1::VARCHAR
2026-08-31 16:20:00,033 INFO sqlalchemy.engine.Engine [cached since 2249s ago] ('user_3Idz3lR4nUx32RQ08fmzLywvcaV',)
2026-08-31 16:20:00,035 INFO sqlalchemy.engine.Engine SELECT pending_doctor_requests.id, pending_doctor_requests.practice_id, pending_doctor_requests.clerk_id, pending_doctor_requests.name, pending_doctor_requests.email, pending_doctor_requests.phone, pending_doctor_requests.specialty, pending_doctor_requests.license_number, pending_doctor_requests.bio, pending_doctor_requests.photo_url, pending_doctor_requests.documents, pending_doctor_requests.status, pending_doctor_requests.rejected_reason, pending_doctor_requests.doctor_id, pending_doctor_requests.submitted_at, pending_doctor_requests.reviewed_at 
FROM pending_doctor_requests 
WHERE pending_doctor_requests.clerk_id = $1::VARCHAR
2026-08-31 16:20:00,035 INFO sqlalchemy.engine.Engine [cached since 2249s ago] ('user_3Idz3lR4nUx32RQ08fmzLywvcaV',)
2026-08-31 16:20:00,036 INFO sqlalchemy.engine.Engine COMMIT
INFO:     127.0.0.1:56467 - "GET /api/v1/doctor-applications/me HTTP/1.1" 200 OK
2026-08-31 16:20:08,924 INFO sqlalchemy.engine.Engine BEGIN (implicit)
2026-08-31 16:20:08,924 INFO sqlalchemy.engine.Engine SELECT users.id, users.practice_id, users.clerk_id, users.email, users.name, users.role, users.phone, users.is_active, users.permissions, users.is_platform_admin, users.created_at, users.updated_at 
FROM users 
WHERE users.clerk_id = $1::VARCHAR
2026-08-31 16:20:08,924 INFO sqlalchemy.engine.Engine [cached since 2258s ago] ('user_3Idz3lR4nUx32RQ08fmzLywvcaV',)
2026-08-31 16:20:08,926 INFO sqlalchemy.engine.Engine SELECT pending_doctor_requests.id, pending_doctor_requests.practice_id, pending_doctor_requests.clerk_id, pending_doctor_requests.name, pending_doctor_requests.email, pending_doctor_requests.phone, pending_doctor_requests.specialty, pending_doctor_requests.license_number, pending_doctor_requests.bio, pending_doctor_requests.photo_url, pending_doctor_requests.documents, pending_doctor_requests.status, pending_doctor_requests.rejected_reason, pending_doctor_requests.doctor_id, pending_doctor_requests.submitted_at, pending_doctor_requests.reviewed_at 
FROM pending_doctor_requests 
WHERE pending_doctor_requests.clerk_id = $1::VARCHAR
2026-08-31 16:20:08,926 INFO sqlalchemy.engine.Engine [cached since 2258s ago] ('user_3Idz3lR4nUx32RQ08fmzLywvcaV',)
2026-08-31 16:20:08,928 INFO sqlalchemy.engine.Engine COMMIT
INFO:     127.0.0.1:56470 - "GET /api/v1/doctor-applications/me HTTP/1.1" 200 OK
2026-08-31 16:20:17,348 INFO sqlalchemy.engine.Engine BEGIN (implicit)
2026-08-31 16:20:17,348 INFO sqlalchemy.engine.Engine SELECT users.id, users.practice_id, users.clerk_id, users.email, users.name, users.role, users.phone, users.is_active, users.permissions, users.is_platform_admin, users.created_at, users.updated_at 
FROM users 
WHERE users.clerk_id = $1::VARCHAR
2026-08-31 16:20:17,348 INFO sqlalchemy.engine.Engine [cached since 2266s ago] ('user_3Idz3lR4nUx32RQ08fmzLywvcaV',)
2026-08-31 16:20:17,350 INFO sqlalchemy.engine.Engine SELECT pending_doctor_requests.id, pending_doctor_requests.practice_id, pending_doctor_requests.clerk_id, pending_doctor_requests.name, pending_doctor_requests.email, pending_doctor_requests.phone, pending_doctor_requests.specialty, pending_doctor_requests.license_number, pending_doctor_requests.bio, pending_doctor_requests.photo_url, pending_doctor_requests.documents, pending_doctor_requests.status, pending_doctor_requests.rejected_reason, pending_doctor_requests.doctor_id, pending_doctor_requests.submitted_at, pending_doctor_requests.reviewed_at 
FROM pending_doctor_requests 
WHERE pending_doctor_requests.clerk_id = $1::VARCHAR
2026-08-31 16:20:17,351 INFO sqlalchemy.engine.Engine [cached since 2266s ago] ('user_3Idz3lR4nUx32RQ08fmzLywvcaV',)
2026-08-31 16:20:17,352 INFO sqlalchemy.engine.Engine COMMIT
INFO:     127.0.0.1:56473 - "GET /api/v1/doctor-applications/me HTTP/1.1" 200 OK
2026-08-31 16:20:25,753 INFO sqlalchemy.engine.Engine BEGIN (implicit)
2026-08-31 16:20:25,754 INFO sqlalchemy.engine.Engine SELECT users.id, users.practice_id, users.clerk_id, users.email, users.name, users.role, users.phone, users.is_active, users.permissions, users.is_platform_admin, users.created_at, users.updated_at 
FROM users 
WHERE users.clerk_id = $1::VARCHAR
2026-08-31 16:20:25,754 INFO sqlalchemy.engine.Engine [cached since 2275s ago] ('user_3Idz3lR4nUx32RQ08fmzLywvcaV',)
2026-08-31 16:20:25,756 INFO sqlalchemy.engine.Engine SELECT pending_doctor_requests.id, pending_doctor_requests.practice_id, pending_doctor_requests.clerk_id, pending_doctor_requests.name, pending_doctor_requests.email, pending_doctor_requests.phone, pending_doctor_requests.specialty, pending_doctor_requests.license_number, pending_doctor_requests.bio, pending_doctor_requests.photo_url, pending_doctor_requests.documents, pending_doctor_requests.status, pending_doctor_requests.rejected_reason, pending_doctor_requests.doctor_id, pending_doctor_requests.submitted_at, pending_doctor_requests.reviewed_at 
FROM pending_doctor_requests 
WHERE pending_doctor_requests.clerk_id = $1::VARCHAR
2026-08-31 16:20:25,756 INFO sqlalchemy.engine.Engine [cached since 2275s ago] ('user_3Idz3lR4nUx32RQ08fmzLywvcaV',)
2026-08-31 16:20:25,758 INFO sqlalchemy.engine.Engine COMMIT
INFO:     127.0.0.1:56476 - "GET /api/v1/doctor-applications/me HTTP/1.1" 200 OK
2026-08-31 16:20:34,177 INFO sqlalchemy.engine.Engine BEGIN (implicit)
2026-08-31 16:20:34,178 INFO sqlalchemy.engine.Engine SELECT users.id, users.practice_id, users.clerk_id, users.email, users.name, users.role, users.phone, users.is_active, users.permissions, users.is_platform_admin, users.created_at, users.updated_at 
FROM users 
WHERE users.clerk_id = $1::VARCHAR
2026-08-31 16:20:34,180 INFO sqlalchemy.engine.Engine [cached since 2283s ago] ('user_3Idz3lR4nUx32RQ08fmzLywvcaV',)
2026-08-31 16:20:34,183 INFO sqlalchemy.engine.Engine SELECT pending_doctor_requests.id, pending_doctor_requests.practice_id, pending_doctor_requests.clerk_id, pending_doctor_requests.name, pending_doctor_requests.email, pending_doctor_requests.phone, pending_doctor_requests.specialty, pending_doctor_requests.license_number, pending_doctor_requests.bio, pending_doctor_requests.photo_url, pending_doctor_requests.documents, pending_doctor_requests.status, pending_doctor_requests.rejected_reason, pending_doctor_requests.doctor_id, pending_doctor_requests.submitted_at, pending_doctor_requests.reviewed_at 
FROM pending_doctor_requests 
WHERE pending_doctor_requests.clerk_id = $1::VARCHAR
2026-08-31 16:20:34,183 INFO sqlalchemy.engine.Engine [cached since 2283s ago] ('user_3Idz3lR4nUx32RQ08fmzLywvcaV',)
2026-08-31 16:20:34,185 INFO sqlalchemy.engine.Engine COMMIT
INFO:     127.0.0.1:56478 - "GET /api/v1/doctor-applications/me HTTP/1.1" 200 OK
2026-08-31 16:20:43,297 INFO sqlalchemy.engine.Engine BEGIN (implicit)
2026-08-31 16:20:43,298 INFO sqlalchemy.engine.Engine SELECT users.id, users.practice_id, users.clerk_id, users.email, users.name, users.role, users.phone, users.is_active, users.permissions, users.is_platform_admin, users.created_at, users.updated_at 
FROM users 
WHERE users.clerk_id = $1::VARCHAR
2026-08-31 16:20:43,299 INFO sqlalchemy.engine.Engine [cached since 2292s ago] ('user_3Idz3lR4nUx32RQ08fmzLywvcaV',)
2026-08-31 16:20:43,303 INFO sqlalchemy.engine.Engine SELECT pending_doctor_requests.id, pending_doctor_requests.practice_id, pending_doctor_requests.clerk_id, pending_doctor_requests.name, pending_doctor_requests.email, pending_doctor_requests.phone, pending_doctor_requests.specialty, pending_doctor_requests.license_number, pending_doctor_requests.bio, pending_doctor_requests.photo_url, pending_doctor_requests.documents, pending_doctor_requests.status, pending_doctor_requests.rejected_reason, pending_doctor_requests.doctor_id, pending_doctor_requests.submitted_at, pending_doctor_requests.reviewed_at 
FROM pending_doctor_requests 
WHERE pending_doctor_requests.clerk_id = $1::VARCHAR
2026-08-31 16:20:43,304 INFO sqlalchemy.engine.Engine [cached since 2292s ago] ('user_3Idz3lR4nUx32RQ08fmzLywvcaV',)
2026-08-31 16:20:43,307 INFO sqlalchemy.engine.Engine COMMIT
INFO:     127.0.0.1:56481 - "GET /api/v1/doctor-applications/me HTTP/1.1" 200 OK
2026-08-31 16:20:52,634 INFO sqlalchemy.engine.Engine BEGIN (implicit)
2026-08-31 16:20:52,634 INFO sqlalchemy.engine.Engine SELECT users.id, users.practice_id, users.clerk_id, users.email, users.name, users.role, users.phone, users.is_active, users.permissions, users.is_platform_admin, users.created_at, users.updated_at 
FROM users 
WHERE users.clerk_id = $1::VARCHAR
2026-08-31 16:20:52,634 INFO sqlalchemy.engine.Engine [cached since 2302s ago] ('user_3Idz3lR4nUx32RQ08fmzLywvcaV',)
2026-08-31 16:20:52,636 INFO sqlalchemy.engine.Engine SELECT pending_doctor_requests.id, pending_doctor_requests.practice_id, pending_doctor_requests.clerk_id, pending_doctor_requests.name, pending_doctor_requests.email, pending_doctor_requests.phone, pending_doctor_requests.specialty, pending_doctor_requests.license_number, pending_doctor_requests.bio, pending_doctor_requests.photo_url, pending_doctor_requests.documents, pending_doctor_requests.status, pending_doctor_requests.rejected_reason, pending_doctor_requests.doctor_id, pending_doctor_requests.submitted_at, pending_doctor_requests.reviewed_at 
FROM pending_doctor_requests 
WHERE pending_doctor_requests.clerk_id = $1::VARCHAR
2026-08-31 16:20:52,637 INFO sqlalchemy.engine.Engine [cached since 2302s ago] ('user_3Idz3lR4nUx32RQ08fmzLywvcaV',)
2026-08-31 16:20:52,638 INFO sqlalchemy.engine.Engine COMMIT
INFO:     127.0.0.1:56484 - "GET /api/v1/doctor-applications/me HTTP/1.1" 200 OK
2026-08-31 16:21:01,070 INFO sqlalchemy.engine.Engine BEGIN (implicit)
2026-08-31 16:21:01,070 INFO sqlalchemy.engine.Engine SELECT users.id, users.practice_id, users.clerk_id, users.email, users.name, users.role, users.phone, users.is_active, users.permissions, users.is_platform_admin, users.created_at, users.updated_at 
FROM users 
WHERE users.clerk_id = $1::VARCHAR
2026-08-31 16:21:01,070 INFO sqlalchemy.engine.Engine [cached since 2310s ago] ('user_3Idz3lR4nUx32RQ08fmzLywvcaV',)
2026-08-31 16:21:01,072 INFO sqlalchemy.engine.Engine SELECT pending_doctor_requests.id, pending_doctor_requests.practice_id, pending_doctor_requests.clerk_id, pending_doctor_requests.name, pending_doctor_requests.email, pending_doctor_requests.phone, pending_doctor_requests.specialty, pending_doctor_requests.license_number, pending_doctor_requests.bio, pending_doctor_requests.photo_url, pending_doctor_requests.documents, pending_doctor_requests.status, pending_doctor_requests.rejected_reason, pending_doctor_requests.doctor_id, pending_doctor_requests.submitted_at, pending_doctor_requests.reviewed_at 
FROM pending_doctor_requests 
WHERE pending_doctor_requests.clerk_id = $1::VARCHAR
2026-08-31 16:21:01,072 INFO sqlalchemy.engine.Engine [cached since 2310s ago] ('user_3Idz3lR4nUx32RQ08fmzLywvcaV',)
2026-08-31 16:21:01,073 INFO sqlalchemy.engine.Engine COMMIT
INFO:     127.0.0.1:56487 - "GET /api/v1/doctor-applications/me HTTP/1.1" 200 OK
2026-08-31 16:21:09,257 INFO sqlalchemy.engine.Engine BEGIN (implicit)
2026-08-31 16:21:09,258 INFO sqlalchemy.engine.Engine SELECT users.id, users.practice_id, users.clerk_id, users.email, users.name, users.role, users.phone, users.is_active, users.permissions, users.is_platform_admin, users.created_at, users.updated_at 
FROM users 
WHERE users.clerk_id = $1::VARCHAR
2026-08-31 16:21:09,258 INFO sqlalchemy.engine.Engine [cached since 2318s ago] ('user_3Idz3lR4nUx32RQ08fmzLywvcaV',)
2026-08-31 16:21:09,263 INFO sqlalchemy.engine.Engine SELECT pending_doctor_requests.id, pending_doctor_requests.practice_id, pending_doctor_requests.clerk_id, pending_doctor_requests.name, pending_doctor_requests.email, pending_doctor_requests.phone, pending_doctor_requests.specialty, pending_doctor_requests.license_number, pending_doctor_requests.bio, pending_doctor_requests.photo_url, pending_doctor_requests.documents, pending_doctor_requests.status, pending_doctor_requests.rejected_reason, pending_doctor_requests.doctor_id, pending_doctor_requests.submitted_at, pending_doctor_requests.reviewed_at 
FROM pending_doctor_requests 
WHERE pending_doctor_requests.clerk_id = $1::VARCHAR
2026-08-31 16:21:09,264 INFO sqlalchemy.engine.Engine [cached since 2318s ago] ('user_3Idz3lR4nUx32RQ08fmzLywvcaV',)
2026-08-31 16:21:09,267 INFO sqlalchemy.engine.Engine COMMIT
INFO:     127.0.0.1:56490 - "GET /api/v1/doctor-applications/me HTTP/1.1" 200 OK
2026-08-31 16:21:17,737 INFO sqlalchemy.engine.Engine BEGIN (implicit)
2026-08-31 16:21:17,737 INFO sqlalchemy.engine.Engine SELECT users.id, users.practice_id, users.clerk_id, users.email, users.name, users.role, users.phone, users.is_active, users.permissions, users.is_platform_admin, users.created_at, users.updated_at 
FROM users 
WHERE users.clerk_id = $1::VARCHAR
2026-08-31 16:21:17,738 INFO sqlalchemy.engine.Engine [cached since 2327s ago] ('user_3Idz3lR4nUx32RQ08fmzLywvcaV',)
2026-08-31 16:21:17,739 INFO sqlalchemy.engine.Engine SELECT pending_doctor_requests.id, pending_doctor_requests.practice_id, pending_doctor_requests.clerk_id, pending_doctor_requests.name, pending_doctor_requests.email, pending_doctor_requests.phone, pending_doctor_requests.specialty, pending_doctor_requests.license_number, pending_doctor_requests.bio, pending_doctor_requests.photo_url, pending_doctor_requests.documents, pending_doctor_requests.status, pending_doctor_requests.rejected_reason, pending_doctor_requests.doctor_id, pending_doctor_requests.submitted_at, pending_doctor_requests.reviewed_at 
FROM pending_doctor_requests 
WHERE pending_doctor_requests.clerk_id = $1::VARCHAR
2026-08-31 16:21:17,739 INFO sqlalchemy.engine.Engine [cached since 2327s ago] ('user_3Idz3lR4nUx32RQ08fmzLywvcaV',)
2026-08-31 16:21:17,741 INFO sqlalchemy.engine.Engine COMMIT
INFO:     127.0.0.1:56494 - "GET /api/v1/doctor-applications/me HTTP/1.1" 200 OK
2026-08-31 16:21:26,150 INFO sqlalchemy.engine.Engine BEGIN (implicit)
2026-08-31 16:21:26,151 INFO sqlalchemy.engine.Engine SELECT users.id, users.practice_id, users.clerk_id, users.email, users.name, users.role, users.phone, users.is_active, users.permissions, users.is_platform_admin, users.created_at, users.updated_at 
FROM users 
WHERE users.clerk_id = $1::VARCHAR
2026-08-31 16:21:26,151 INFO sqlalchemy.engine.Engine [cached since 2335s ago] ('user_3Idz3lR4nUx32RQ08fmzLywvcaV',)
2026-08-31 16:21:26,153 INFO sqlalchemy.engine.Engine SELECT pending_doctor_requests.id, pending_doctor_requests.practice_id, pending_doctor_requests.clerk_id, pending_doctor_requests.name, pending_doctor_requests.email, pending_doctor_requests.phone, pending_doctor_requests.specialty, pending_doctor_requests.license_number, pending_doctor_requests.bio, pending_doctor_requests.photo_url, pending_doctor_requests.documents, pending_doctor_requests.status, pending_doctor_requests.rejected_reason, pending_doctor_requests.doctor_id, pending_doctor_requests.submitted_at, pending_doctor_requests.reviewed_at 
FROM pending_doctor_requests 
WHERE pending_doctor_requests.clerk_id = $1::VARCHAR
2026-08-31 16:21:26,153 INFO sqlalchemy.engine.Engine [cached since 2335s ago] ('user_3Idz3lR4nUx32RQ08fmzLywvcaV',)
2026-08-31 16:21:26,154 INFO sqlalchemy.engine.Engine COMMIT
INFO:     127.0.0.1:56497 - "GET /api/v1/doctor-applications/me HTTP/1.1" 200 OK
2026-08-31 16:21:34,281 INFO sqlalchemy.engine.Engine BEGIN (implicit)
2026-08-31 16:21:34,282 INFO sqlalchemy.engine.Engine SELECT users.id, users.practice_id, users.clerk_id, users.email, users.name, users.role, users.phone, users.is_active, users.permissions, users.is_platform_admin, users.created_at, users.updated_at 
FROM users 
WHERE users.clerk_id = $1::VARCHAR
2026-08-31 16:21:34,282 INFO sqlalchemy.engine.Engine [cached since 2343s ago] ('user_3Idz3lR4nUx32RQ08fmzLywvcaV',)
2026-08-31 16:21:34,285 INFO sqlalchemy.engine.Engine SELECT pending_doctor_requests.id, pending_doctor_requests.practice_id, pending_doctor_requests.clerk_id, pending_doctor_requests.name, pending_doctor_requests.email, pending_doctor_requests.phone, pending_doctor_requests.specialty, pending_doctor_requests.license_number, pending_doctor_requests.bio, pending_doctor_requests.photo_url, pending_doctor_requests.documents, pending_doctor_requests.status, pending_doctor_requests.rejected_reason, pending_doctor_requests.doctor_id, pending_doctor_requests.submitted_at, pending_doctor_requests.reviewed_at 
FROM pending_doctor_requests 
WHERE pending_doctor_requests.clerk_id = $1::VARCHAR
2026-08-31 16:21:34,285 INFO sqlalchemy.engine.Engine [cached since 2343s ago] ('user_3Idz3lR4nUx32RQ08fmzLywvcaV',)
2026-08-31 16:21:34,287 INFO sqlalchemy.engine.Engine COMMIT
INFO:     127.0.0.1:56501 - "GET /api/v1/doctor-applications/me HTTP/1.1" 200 OK
2026-08-31 16:21:42,376 INFO sqlalchemy.engine.Engine BEGIN (implicit)
2026-08-31 16:21:42,377 INFO sqlalchemy.engine.Engine SELECT users.id, users.practice_id, users.clerk_id, users.email, users.name, users.role, users.phone, users.is_active, users.permissions, users.is_platform_admin, users.created_at, users.updated_at 
FROM users 
WHERE users.clerk_id = $1::VARCHAR
2026-08-31 16:21:42,377 INFO sqlalchemy.engine.Engine [cached since 2351s ago] ('user_3Idz3lR4nUx32RQ08fmzLywvcaV',)
2026-08-31 16:21:42,378 INFO sqlalchemy.engine.Engine SELECT pending_doctor_requests.id, pending_doctor_requests.practice_id, pending_doctor_requests.clerk_id, pending_doctor_requests.name, pending_doctor_requests.email, pending_doctor_requests.phone, pending_doctor_requests.specialty, pending_doctor_requests.license_number, pending_doctor_requests.bio, pending_doctor_requests.photo_url, pending_doctor_requests.documents, pending_doctor_requests.status, pending_doctor_requests.rejected_reason, pending_doctor_requests.doctor_id, pending_doctor_requests.submitted_at, pending_doctor_requests.reviewed_at 
FROM pending_doctor_requests 
WHERE pending_doctor_requests.clerk_id = $1::VARCHAR
2026-08-31 16:21:42,379 INFO sqlalchemy.engine.Engine [cached since 2351s ago] ('user_3Idz3lR4nUx32RQ08fmzLywvcaV',)
2026-08-31 16:21:42,380 INFO sqlalchemy.engine.Engine COMMIT
INFO:     127.0.0.1:56504 - "GET /api/v1/doctor-applications/me HTTP/1.1" 200 OK
2026-08-31 16:21:51,074 INFO sqlalchemy.engine.Engine BEGIN (implicit)
2026-08-31 16:21:51,075 INFO sqlalchemy.engine.Engine SELECT users.id, users.practice_id, users.clerk_id, users.email, users.name, users.role, users.phone, users.is_active, users.permissions, users.is_platform_admin, users.created_at, users.updated_at 
FROM users 
WHERE users.clerk_id = $1::VARCHAR
2026-08-31 16:21:51,075 INFO sqlalchemy.engine.Engine [cached since 2360s ago] ('user_3Idz3lR4nUx32RQ08fmzLywvcaV',)
2026-08-31 16:21:51,077 INFO sqlalchemy.engine.Engine SELECT pending_doctor_requests.id, pending_doctor_requests.practice_id, pending_doctor_requests.clerk_id, pending_doctor_requests.name, pending_doctor_requests.email, pending_doctor_requests.phone, pending_doctor_requests.specialty, pending_doctor_requests.license_number, pending_doctor_requests.bio, pending_doctor_requests.photo_url, pending_doctor_requests.documents, pending_doctor_requests.status, pending_doctor_requests.rejected_reason, pending_doctor_requests.doctor_id, pending_doctor_requests.submitted_at, pending_doctor_requests.reviewed_at 
FROM pending_doctor_requests 
WHERE pending_doctor_requests.clerk_id = $1::VARCHAR
2026-08-31 16:21:51,077 INFO sqlalchemy.engine.Engine [cached since 2360s ago] ('user_3Idz3lR4nUx32RQ08fmzLywvcaV',)
2026-08-31 16:21:51,078 INFO sqlalchemy.engine.Engine COMMIT
INFO:     127.0.0.1:56508 - "GET /api/v1/doctor-applications/me HTTP/1.1" 200 OK
2026-08-31 16:22:01,110 INFO sqlalchemy.engine.Engine BEGIN (implicit)
2026-08-31 16:22:01,110 INFO sqlalchemy.engine.Engine SELECT users.id, users.practice_id, users.clerk_id, users.email, users.name, users.role, users.phone, users.is_active, users.permissions, users.is_platform_admin, users.created_at, users.updated_at 
FROM users 
WHERE users.clerk_id = $1::VARCHAR
2026-08-31 16:22:01,110 INFO sqlalchemy.engine.Engine [cached since 2370s ago] ('user_3Idz3lR4nUx32RQ08fmzLywvcaV',)
2026-08-31 16:22:01,112 INFO sqlalchemy.engine.Engine SELECT pending_doctor_requests.id, pending_doctor_requests.practice_id, pending_doctor_requests.clerk_id, pending_doctor_requests.name, pending_doctor_requests.email, pending_doctor_requests.phone, pending_doctor_requests.specialty, pending_doctor_requests.license_number, pending_doctor_requests.bio, pending_doctor_requests.photo_url, pending_doctor_requests.documents, pending_doctor_requests.status, pending_doctor_requests.rejected_reason, pending_doctor_requests.doctor_id, pending_doctor_requests.submitted_at, pending_doctor_requests.reviewed_at 
FROM pending_doctor_requests 
WHERE pending_doctor_requests.clerk_id = $1::VARCHAR
2026-08-31 16:22:01,112 INFO sqlalchemy.engine.Engine [cached since 2370s ago] ('user_3Idz3lR4nUx32RQ08fmzLywvcaV',)
2026-08-31 16:22:01,113 INFO sqlalchemy.engine.Engine COMMIT
INFO:     127.0.0.1:56514 - "GET /api/v1/doctor-applications/me HTTP/1.1" 200 OK
2026-08-31 16:22:09,223 INFO sqlalchemy.engine.Engine BEGIN (implicit)
2026-08-31 16:22:09,223 INFO sqlalchemy.engine.Engine SELECT users.id, users.practice_id, users.clerk_id, users.email, users.name, users.role, users.phone, users.is_active, users.permissions, users.is_platform_admin, users.created_at, users.updated_at 
FROM users 
WHERE users.clerk_id = $1::VARCHAR
2026-08-31 16:22:09,223 INFO sqlalchemy.engine.Engine [cached since 2378s ago] ('user_3Idz3lR4nUx32RQ08fmzLywvcaV',)
2026-08-31 16:22:09,225 INFO sqlalchemy.engine.Engine SELECT pending_doctor_requests.id, pending_doctor_requests.practice_id, pending_doctor_requests.clerk_id, pending_doctor_requests.name, pending_doctor_requests.email, pending_doctor_requests.phone, pending_doctor_requests.specialty, pending_doctor_requests.license_number, pending_doctor_requests.bio, pending_doctor_requests.photo_url, pending_doctor_requests.documents, pending_doctor_requests.status, pending_doctor_requests.rejected_reason, pending_doctor_requests.doctor_id, pending_doctor_requests.submitted_at, pending_doctor_requests.reviewed_at 
FROM pending_doctor_requests 
WHERE pending_doctor_requests.clerk_id = $1::VARCHAR
2026-08-31 16:22:09,225 INFO sqlalchemy.engine.Engine [cached since 2378s ago] ('user_3Idz3lR4nUx32RQ08fmzLywvcaV',)
2026-08-31 16:22:09,227 INFO sqlalchemy.engine.Engine COMMIT
INFO:     127.0.0.1:56518 - "GET /api/v1/doctor-applications/me HTTP/1.1" 200 OK
2026-08-31 16:22:17,331 INFO sqlalchemy.engine.Engine BEGIN (implicit)
2026-08-31 16:22:17,331 INFO sqlalchemy.engine.Engine SELECT users.id, users.practice_id, users.clerk_id, users.email, users.name, users.role, users.phone, users.is_active, users.permissions, users.is_platform_admin, users.created_at, users.updated_at 
FROM users 
WHERE users.clerk_id = $1::VARCHAR
2026-08-31 16:22:17,331 INFO sqlalchemy.engine.Engine [cached since 2386s ago] ('user_3Idz3lR4nUx32RQ08fmzLywvcaV',)
2026-08-31 16:22:17,333 INFO sqlalchemy.engine.Engine SELECT pending_doctor_requests.id, pending_doctor_requests.practice_id, pending_doctor_requests.clerk_id, pending_doctor_requests.name, pending_doctor_requests.email, pending_doctor_requests.phone, pending_doctor_requests.specialty, pending_doctor_requests.license_number, pending_doctor_requests.bio, pending_doctor_requests.photo_url, pending_doctor_requests.documents, pending_doctor_requests.status, pending_doctor_requests.rejected_reason, pending_doctor_requests.doctor_id, pending_doctor_requests.submitted_at, pending_doctor_requests.reviewed_at 
FROM pending_doctor_requests 
WHERE pending_doctor_requests.clerk_id = $1::VARCHAR
2026-08-31 16:22:17,333 INFO sqlalchemy.engine.Engine [cached since 2386s ago] ('user_3Idz3lR4nUx32RQ08fmzLywvcaV',)
2026-08-31 16:22:17,335 INFO sqlalchemy.engine.Engine COMMIT
INFO:     127.0.0.1:56523 - "GET /api/v1/doctor-applications/me HTTP/1.1" 200 OK
2026-08-31 16:22:25,416 INFO sqlalchemy.engine.Engine BEGIN (implicit)
2026-08-31 16:22:25,416 INFO sqlalchemy.engine.Engine SELECT users.id, users.practice_id, users.clerk_id, users.email, users.name, users.role, users.phone, users.is_active, users.permissions, users.is_platform_admin, users.created_at, users.updated_at 
FROM users 
WHERE users.clerk_id = $1::VARCHAR
2026-08-31 16:22:25,416 INFO sqlalchemy.engine.Engine [cached since 2394s ago] ('user_3Idz3lR4nUx32RQ08fmzLywvcaV',)
2026-08-31 16:22:25,418 INFO sqlalchemy.engine.Engine SELECT pending_doctor_requests.id, pending_doctor_requests.practice_id, pending_doctor_requests.clerk_id, pending_doctor_requests.name, pending_doctor_requests.email, pending_doctor_requests.phone, pending_doctor_requests.specialty, pending_doctor_requests.license_number, pending_doctor_requests.bio, pending_doctor_requests.photo_url, pending_doctor_requests.documents, pending_doctor_requests.status, pending_doctor_requests.rejected_reason, pending_doctor_requests.doctor_id, pending_doctor_requests.submitted_at, pending_doctor_requests.reviewed_at 
FROM pending_doctor_requests 
WHERE pending_doctor_requests.clerk_id = $1::VARCHAR
2026-08-31 16:22:25,418 INFO sqlalchemy.engine.Engine [cached since 2394s ago] ('user_3Idz3lR4nUx32RQ08fmzLywvcaV',)
2026-08-31 16:22:25,420 INFO sqlalchemy.engine.Engine COMMIT
INFO:     127.0.0.1:56525 - "GET /api/v1/doctor-applications/me HTTP/1.1" 200 OK
2026-08-31 16:22:33,834 INFO sqlalchemy.engine.Engine BEGIN (implicit)
2026-08-31 16:22:33,835 INFO sqlalchemy.engine.Engine SELECT users.id, users.practice_id, users.clerk_id, users.email, users.name, users.role, users.phone, users.is_active, users.permissions, users.is_platform_admin, users.created_at, users.updated_at 
FROM users 
WHERE users.clerk_id = $1::VARCHAR
2026-08-31 16:22:33,835 INFO sqlalchemy.engine.Engine [cached since 2403s ago] ('user_3Idz3lR4nUx32RQ08fmzLywvcaV',)
2026-08-31 16:22:33,839 INFO sqlalchemy.engine.Engine SELECT pending_doctor_requests.id, pending_doctor_requests.practice_id, pending_doctor_requests.clerk_id, pending_doctor_requests.name, pending_doctor_requests.email, pending_doctor_requests.phone, pending_doctor_requests.specialty, pending_doctor_requests.license_number, pending_doctor_requests.bio, pending_doctor_requests.photo_url, pending_doctor_requests.documents, pending_doctor_requests.status, pending_doctor_requests.rejected_reason, pending_doctor_requests.doctor_id, pending_doctor_requests.submitted_at, pending_doctor_requests.reviewed_at 
FROM pending_doctor_requests 
WHERE pending_doctor_requests.clerk_id = $1::VARCHAR
2026-08-31 16:22:33,839 INFO sqlalchemy.engine.Engine [cached since 2403s ago] ('user_3Idz3lR4nUx32RQ08fmzLywvcaV',)
2026-08-31 16:22:33,841 INFO sqlalchemy.engine.Engine COMMIT
INFO:     127.0.0.1:56528 - "GET /api/v1/doctor-applications/me HTTP/1.1" 200 OK
2026-08-31 16:22:41,950 INFO sqlalchemy.engine.Engine BEGIN (implicit)
2026-08-31 16:22:41,951 INFO sqlalchemy.engine.Engine SELECT users.id, users.practice_id, users.clerk_id, users.email, users.name, users.role, users.phone, users.is_active, users.permissions, users.is_platform_admin, users.created_at, users.updated_at 
FROM users 
WHERE users.clerk_id = $1::VARCHAR
2026-08-31 16:22:41,951 INFO sqlalchemy.engine.Engine [cached since 2411s ago] ('user_3Idz3lR4nUx32RQ08fmzLywvcaV',)
2026-08-31 16:22:41,955 INFO sqlalchemy.engine.Engine SELECT pending_doctor_requests.id, pending_doctor_requests.practice_id, pending_doctor_requests.clerk_id, pending_doctor_requests.name, pending_doctor_requests.email, pending_doctor_requests.phone, pending_doctor_requests.specialty, pending_doctor_requests.license_number, pending_doctor_requests.bio, pending_doctor_requests.photo_url, pending_doctor_requests.documents, pending_doctor_requests.status, pending_doctor_requests.rejected_reason, pending_doctor_requests.doctor_id, pending_doctor_requests.submitted_at, pending_doctor_requests.reviewed_at 
FROM pending_doctor_requests 
WHERE pending_doctor_requests.clerk_id = $1::VARCHAR
2026-08-31 16:22:41,956 INFO sqlalchemy.engine.Engine [cached since 2411s ago] ('user_3Idz3lR4nUx32RQ08fmzLywvcaV',)
2026-08-31 16:22:41,958 INFO sqlalchemy.engine.Engine COMMIT
INFO:     127.0.0.1:56532 - "GET /api/v1/doctor-applications/me HTTP/1.1" 200 OK
2026-08-31 16:22:50,049 INFO sqlalchemy.engine.Engine BEGIN (implicit)
2026-08-31 16:22:50,050 INFO sqlalchemy.engine.Engine SELECT users.id, users.practice_id, users.clerk_id, users.email, users.name, users.role, users.phone, users.is_active, users.permissions, users.is_platform_admin, users.created_at, users.updated_at 
FROM users 
WHERE users.clerk_id = $1::VARCHAR
2026-08-31 16:22:50,050 INFO sqlalchemy.engine.Engine [cached since 2419s ago] ('user_3Idz3lR4nUx32RQ08fmzLywvcaV',)
2026-08-31 16:22:50,051 INFO sqlalchemy.engine.Engine SELECT pending_doctor_requests.id, pending_doctor_requests.practice_id, pending_doctor_requests.clerk_id, pending_doctor_requests.name, pending_doctor_requests.email, pending_doctor_requests.phone, pending_doctor_requests.specialty, pending_doctor_requests.license_number, pending_doctor_requests.bio, pending_doctor_requests.photo_url, pending_doctor_requests.documents, pending_doctor_requests.status, pending_doctor_requests.rejected_reason, pending_doctor_requests.doctor_id, pending_doctor_requests.submitted_at, pending_doctor_requests.reviewed_at 
FROM pending_doctor_requests 
WHERE pending_doctor_requests.clerk_id = $1::VARCHAR
2026-08-31 16:22:50,051 INFO sqlalchemy.engine.Engine [cached since 2419s ago] ('user_3Idz3lR4nUx32RQ08fmzLywvcaV',)
2026-08-31 16:22:50,052 INFO sqlalchemy.engine.Engine COMMIT
INFO:     127.0.0.1:56535 - "GET /api/v1/doctor-applications/me HTTP/1.1" 200 OK
2026-08-31 16:23:00,677 INFO sqlalchemy.engine.Engine BEGIN (implicit)
2026-08-31 16:23:00,677 INFO sqlalchemy.engine.Engine SELECT users.id, users.practice_id, users.clerk_id, users.email, users.name, users.role, users.phone, users.is_active, users.permissions, users.is_platform_admin, users.created_at, users.updated_at 
FROM users 
WHERE users.clerk_id = $1::VARCHAR
2026-08-31 16:23:00,678 INFO sqlalchemy.engine.Engine [cached since 2430s ago] ('user_3Idz3lR4nUx32RQ08fmzLywvcaV',)
2026-08-31 16:23:00,680 INFO sqlalchemy.engine.Engine SELECT pending_doctor_requests.id, pending_doctor_requests.practice_id, pending_doctor_requests.clerk_id, pending_doctor_requests.name, pending_doctor_requests.email, pending_doctor_requests.phone, pending_doctor_requests.specialty, pending_doctor_requests.license_number, pending_doctor_requests.bio, pending_doctor_requests.photo_url, pending_doctor_requests.documents, pending_doctor_requests.status, pending_doctor_requests.rejected_reason, pending_doctor_requests.doctor_id, pending_doctor_requests.submitted_at, pending_doctor_requests.reviewed_at 
FROM pending_doctor_requests 
WHERE pending_doctor_requests.clerk_id = $1::VARCHAR
2026-08-31 16:23:00,681 INFO sqlalchemy.engine.Engine [cached since 2430s ago] ('user_3Idz3lR4nUx32RQ08fmzLywvcaV',)
2026-08-31 16:23:00,686 INFO sqlalchemy.engine.Engine COMMIT
INFO:     127.0.0.1:56550 - "GET /api/v1/doctor-applications/me HTTP/1.1" 200 OK
2026-08-31 16:23:09,177 INFO sqlalchemy.engine.Engine BEGIN (implicit)
2026-08-31 16:23:09,177 INFO sqlalchemy.engine.Engine SELECT users.id, users.practice_id, users.clerk_id, users.email, users.name, users.role, users.phone, users.is_active, users.permissions, users.is_platform_admin, users.created_at, users.updated_at 
FROM users 
WHERE users.clerk_id = $1::VARCHAR
2026-08-31 16:23:09,178 INFO sqlalchemy.engine.Engine [cached since 2438s ago] ('user_3Idz3lR4nUx32RQ08fmzLywvcaV',)
2026-08-31 16:23:09,180 INFO sqlalchemy.engine.Engine SELECT pending_doctor_requests.id, pending_doctor_requests.practice_id, pending_doctor_requests.clerk_id, pending_doctor_requests.name, pending_doctor_requests.email, pending_doctor_requests.phone, pending_doctor_requests.specialty, pending_doctor_requests.license_number, pending_doctor_requests.bio, pending_doctor_requests.photo_url, pending_doctor_requests.documents, pending_doctor_requests.status, pending_doctor_requests.rejected_reason, pending_doctor_requests.doctor_id, pending_doctor_requests.submitted_at, pending_doctor_requests.reviewed_at 
FROM pending_doctor_requests 
WHERE pending_doctor_requests.clerk_id = $1::VARCHAR
2026-08-31 16:23:09,180 INFO sqlalchemy.engine.Engine [cached since 2438s ago] ('user_3Idz3lR4nUx32RQ08fmzLywvcaV',)
2026-08-31 16:23:09,181 INFO sqlalchemy.engine.Engine COMMIT
INFO:     127.0.0.1:56556 - "GET /api/v1/doctor-applications/me HTTP/1.1" 200 OK
2026-08-31 16:23:17,316 INFO sqlalchemy.engine.Engine BEGIN (implicit)
2026-08-31 16:23:17,317 INFO sqlalchemy.engine.Engine SELECT users.id, users.practice_id, users.clerk_id, users.email, users.name, users.role, users.phone, users.is_active, users.permissions, users.is_platform_admin, users.created_at, users.updated_at 
FROM users 
WHERE users.clerk_id = $1::VARCHAR
2026-08-31 16:23:17,317 INFO sqlalchemy.engine.Engine [cached since 2446s ago] ('user_3Idz3lR4nUx32RQ08fmzLywvcaV',)
2026-08-31 16:23:17,319 INFO sqlalchemy.engine.Engine SELECT pending_doctor_requests.id, pending_doctor_requests.practice_id, pending_doctor_requests.clerk_id, pending_doctor_requests.name, pending_doctor_requests.email, pending_doctor_requests.phone, pending_doctor_requests.specialty, pending_doctor_requests.license_number, pending_doctor_requests.bio, pending_doctor_requests.photo_url, pending_doctor_requests.documents, pending_doctor_requests.status, pending_doctor_requests.rejected_reason, pending_doctor_requests.doctor_id, pending_doctor_requests.submitted_at, pending_doctor_requests.reviewed_at 
FROM pending_doctor_requests 
WHERE pending_doctor_requests.clerk_id = $1::VARCHAR
2026-08-31 16:23:17,319 INFO sqlalchemy.engine.Engine [cached since 2446s ago] ('user_3Idz3lR4nUx32RQ08fmzLywvcaV',)
2026-08-31 16:23:17,320 INFO sqlalchemy.engine.Engine COMMIT
INFO:     127.0.0.1:56559 - "GET /api/v1/doctor-applications/me HTTP/1.1" 200 OK
INFO:     127.0.0.1:56609 - "OPTIONS /api/v1/practice/me HTTP/1.1" 200 OK
2026-08-31 16:25:14,652 INFO sqlalchemy.engine.Engine BEGIN (implicit)
2026-08-31 16:25:14,654 INFO sqlalchemy.engine.Engine SELECT users.id, users.practice_id, users.clerk_id, users.email, users.name, users.role, users.phone, users.is_active, users.permissions, users.is_platform_admin, users.created_at, users.updated_at 
FROM users 
WHERE users.clerk_id = $1::VARCHAR
2026-08-31 16:25:14,655 INFO sqlalchemy.engine.Engine [cached since 2564s ago] ('user_3IPI39bWQg8qtyKNFNsCkylFuuY',)
2026-08-31 16:25:14,659 INFO sqlalchemy.engine.Engine SELECT practices.id, practices.name, practices.email, practices.phone, practices.address, practices.timezone, practices.settings, practices.created_at, practices.updated_at 
FROM practices 
WHERE practices.id = $1::UUID
2026-08-31 16:25:14,660 INFO sqlalchemy.engine.Engine [cached since 2540s ago] (UUID('e43f114a-6036-44d2-8655-d4eaccd5ebb7'),)
2026-08-31 16:25:14,665 INFO sqlalchemy.engine.Engine SELECT subscriptions.id, subscriptions.practice_id, subscriptions.stripe_subscription_id, subscriptions.tier, subscriptions.status, subscriptions.price, subscriptions.start_date, subscriptions.end_date, subscriptions.auto_renew, subscriptions.created_at, subscriptions.updated_at 
FROM subscriptions 
WHERE subscriptions.practice_id = $1::UUID AND subscriptions.status IN ($2::subscriptionstatus, $3::subscriptionstatus) ORDER BY subscriptions.created_at DESC
2026-08-31 16:25:14,665 INFO sqlalchemy.engine.Engine [cached since 2540s ago] (UUID('e43f114a-6036-44d2-8655-d4eaccd5ebb7'), 'ACTIVE', 'TRIAL')
2026-08-31 16:25:14,668 INFO sqlalchemy.engine.Engine SELECT subscriptions.id, subscriptions.practice_id, subscriptions.stripe_subscription_id, subscriptions.tier, subscriptions.status, subscriptions.price, subscriptions.start_date, subscriptions.end_date, subscriptions.auto_renew, subscriptions.created_at, subscriptions.updated_at 
FROM subscriptions 
WHERE subscriptions.practice_id = $1::UUID AND subscriptions.status IN ($2::subscriptionstatus, $3::subscriptionstatus) ORDER BY subscriptions.created_at DESC
2026-08-31 16:25:14,669 INFO sqlalchemy.engine.Engine [cached since 2540s ago] (UUID('e43f114a-6036-44d2-8655-d4eaccd5ebb7'), 'ACTIVE', 'TRIAL')
2026-08-31 16:25:14,670 INFO sqlalchemy.engine.Engine COMMIT
INFO:     127.0.0.1:56609 - "GET /api/v1/practice/me HTTP/1.1" 200 OK
INFO:     127.0.0.1:56609 - "OPTIONS /api/v1/patients HTTP/1.1" 200 OK
2026-08-31 16:25:14,793 INFO sqlalchemy.engine.Engine BEGIN (implicit)
2026-08-31 16:25:14,794 INFO sqlalchemy.engine.Engine SELECT users.id, users.practice_id, users.clerk_id, users.email, users.name, users.role, users.phone, users.is_active, users.permissions, users.is_platform_admin, users.created_at, users.updated_at 
FROM users 
WHERE users.clerk_id = $1::VARCHAR
2026-08-31 16:25:14,794 INFO sqlalchemy.engine.Engine [cached since 2564s ago] ('user_3IPI39bWQg8qtyKNFNsCkylFuuY',)
2026-08-31 16:25:15,200 INFO sqlalchemy.engine.Engine BEGIN (implicit)
2026-08-31 16:25:15,201 INFO sqlalchemy.engine.Engine SELECT users.id, users.practice_id, users.clerk_id, users.email, users.name, users.role, users.phone, users.is_active, users.permissions, users.is_platform_admin, users.created_at, users.updated_at 
FROM users 
WHERE users.clerk_id = $1::VARCHAR
2026-08-31 16:25:15,201 INFO sqlalchemy.engine.Engine [cached since 2564s ago] ('user_3IPI39bWQg8qtyKNFNsCkylFuuY',)
2026-08-31 16:25:15,203 INFO sqlalchemy.engine.Engine SELECT practices.id, practices.name, practices.email, practices.phone, practices.address, practices.timezone, practices.settings, practices.created_at, practices.updated_at 
FROM practices 
WHERE practices.id = $1::UUID
2026-08-31 16:25:15,203 INFO sqlalchemy.engine.Engine [cached since 2541s ago] (UUID('e43f114a-6036-44d2-8655-d4eaccd5ebb7'),)
2026-08-31 16:25:15,205 INFO sqlalchemy.engine.Engine SELECT patients.id, patients.practice_id, patients.first_name, patients.last_name, patients.email, patients.phone, patients.date_of_birth, patients.medical_history, patients.consent_status, patients.plan_type, patients.chief_complaint, patients.needs_surgery, patients.ai_agent_assigned, patients.agent_status, patients.agent_cost, patients.lifecycle_stage, patients.lost_reason, patients.source, patients.created_at, patients.updated_at 
FROM patients 
WHERE patients.practice_id = $1::UUID ORDER BY patients.created_at DESC
2026-08-31 16:25:15,205 INFO sqlalchemy.engine.Engine [cached since 2541s ago] (UUID('e43f114a-6036-44d2-8655-d4eaccd5ebb7'),)
2026-08-31 16:25:15,207 INFO sqlalchemy.engine.Engine SELECT subscriptions.id, subscriptions.practice_id, subscriptions.stripe_subscription_id, subscriptions.tier, subscriptions.status, subscriptions.price, subscriptions.start_date, subscriptions.end_date, subscriptions.auto_renew, subscriptions.created_at, subscriptions.updated_at 
FROM subscriptions 
WHERE subscriptions.practice_id = $1::UUID AND subscriptions.status IN ($2::subscriptionstatus, $3::subscriptionstatus) ORDER BY subscriptions.created_at DESC
2026-08-31 16:25:15,207 INFO sqlalchemy.engine.Engine [cached since 2541s ago] (UUID('e43f114a-6036-44d2-8655-d4eaccd5ebb7'), 'ACTIVE', 'TRIAL')
2026-08-31 16:25:15,209 INFO sqlalchemy.engine.Engine SELECT DISTINCT appointments.patient_id 
FROM appointments 
WHERE appointments.practice_id = $1::UUID AND appointments.patient_id IN ($4::UUID) AND appointments.start_time >= $2::TIMESTAMP WITH TIME ZONE AND appointments.status != $3::appointmentstatus
2026-08-31 16:25:15,209 INFO sqlalchemy.engine.Engine [cached since 2541s ago] (UUID('e43f114a-6036-44d2-8655-d4eaccd5ebb7'), datetime.datetime(2026, 8, 31, 11, 25, 15, 208729, tzinfo=datetime.timezone.utc), 'CANCELLED', UUID('b203eae5-d291-430c-8f59-5087f021fd1e'))
2026-08-31 16:25:15,211 INFO sqlalchemy.engine.Engine SELECT subscriptions.id, subscriptions.practice_id, subscriptions.stripe_subscription_id, subscriptions.tier, subscriptions.status, subscriptions.price, subscriptions.start_date, subscriptions.end_date, subscriptions.auto_renew, subscriptions.created_at, subscriptions.updated_at 
FROM subscriptions 
WHERE subscriptions.practice_id = $1::UUID AND subscriptions.status IN ($2::subscriptionstatus, $3::subscriptionstatus) ORDER BY subscriptions.created_at DESC
2026-08-31 16:25:15,211 INFO sqlalchemy.engine.Engine [cached since 2541s ago] (UUID('e43f114a-6036-44d2-8655-d4eaccd5ebb7'), 'ACTIVE', 'TRIAL')
2026-08-31 16:25:15,213 INFO sqlalchemy.engine.Engine SELECT DISTINCT appointments.patient_id 
FROM appointments 
WHERE appointments.practice_id = $1::UUID AND appointments.patient_id IN ($3::UUID) AND appointments.status = $2::appointmentstatus
2026-08-31 16:25:15,213 INFO sqlalchemy.engine.Engine [cached since 2541s ago] (UUID('e43f114a-6036-44d2-8655-d4eaccd5ebb7'), 'COMPLETED', UUID('b203eae5-d291-430c-8f59-5087f021fd1e'))
2026-08-31 16:25:15,214 INFO sqlalchemy.engine.Engine COMMIT
2026-08-31 16:25:15,216 INFO sqlalchemy.engine.Engine COMMIT
INFO:     127.0.0.1:56613 - "GET /api/v1/practice/me HTTP/1.1" 200 OK
INFO:     127.0.0.1:56609 - "GET /api/v1/patients HTTP/1.1" 200 OK
