INFO:     127.0.0.1:59793 - "GET /health HTTP/1.1" 200 OK
INFO:     127.0.0.1:59860 - "GET /health HTTP/1.1" 200 OK
INFO:     127.0.0.1:60214 - "OPTIONS /api/v1/patients HTTP/1.1" 200 OK
2026-09-01 18:04:57,326 INFO sqlalchemy.engine.Engine select pg_catalog.version()
2026-09-01 18:04:57,326 INFO sqlalchemy.engine.Engine [raw sql] ()
2026-09-01 18:04:57,330 INFO sqlalchemy.engine.Engine select current_schema()
2026-09-01 18:04:57,330 INFO sqlalchemy.engine.Engine [raw sql] ()
2026-09-01 18:04:57,332 INFO sqlalchemy.engine.Engine show standard_conforming_strings
2026-09-01 18:04:57,332 INFO sqlalchemy.engine.Engine [raw sql] ()
2026-09-01 18:04:57,334 INFO sqlalchemy.engine.Engine BEGIN (implicit)
2026-09-01 18:04:57,459 INFO sqlalchemy.engine.Engine SELECT users.id, users.practice_id, users.clerk_id, users.email, users.name, users.role, users.phone, users.is_active, users.permissions, users.is_platform_admin, users.created_at, users.updated_at 
FROM users 
WHERE users.clerk_id = $1::VARCHAR
2026-09-01 18:04:57,461 INFO sqlalchemy.engine.Engine [generated in 0.00185s] ('user_3IJjXjFLcG4qaagJWxQnHqHoXEr',)
2026-09-01 18:04:57,502 INFO sqlalchemy.engine.Engine SELECT patients.id, patients.practice_id, patients.first_name, patients.last_name, patients.email, patients.phone, patients.date_of_birth, patients.medical_history, patients.consent_status, patients.plan_type, patients.chief_complaint, patients.needs_surgery, patients.ai_agent_assigned, patients.agent_status, patients.agent_cost, patients.lifecycle_stage, patients.lost_reason, patients.source, patients.portal_token, patients.portal_enabled, patients.created_at, patients.updated_at 
FROM patients 
WHERE patients.practice_id = $1::UUID ORDER BY patients.created_at DESC
2026-09-01 18:04:57,503 INFO sqlalchemy.engine.Engine [generated in 0.00096s] (UUID('4d1123f3-3ba2-42f3-b584-a5009c7b3e39'),)
2026-09-01 18:04:57,530 INFO sqlalchemy.engine.Engine SELECT DISTINCT appointments.patient_id 
FROM appointments 
WHERE appointments.practice_id = $1::UUID AND appointments.patient_id IN ($4::UUID, $5::UUID) AND appointments.start_time >= $2::TIMESTAMP WITH TIME ZONE AND appointments.status != $3::appointmentstatus
2026-09-01 18:04:57,531 INFO sqlalchemy.engine.Engine [generated in 0.00095s] (UUID('4d1123f3-3ba2-42f3-b584-a5009c7b3e39'), datetime.datetime(2026, 9, 1, 13, 4, 57, 528722, tzinfo=datetime.timezone.utc), 'CANCELLED', UUID('3e6dd1dd-e2aa-46ae-bae4-b64c75f7bafe'), UUID('c4a9ef0d-7c8d-4da9-aaf7-e9e94a6fdc44'))
2026-09-01 18:04:57,549 INFO sqlalchemy.engine.Engine SELECT DISTINCT appointments.patient_id 
FROM appointments 
WHERE appointments.practice_id = $1::UUID AND appointments.patient_id IN ($3::UUID, $4::UUID) AND appointments.status = $2::appointmentstatus
2026-09-01 18:04:57,550 INFO sqlalchemy.engine.Engine [generated in 0.00101s] (UUID('4d1123f3-3ba2-42f3-b584-a5009c7b3e39'), 'COMPLETED', UUID('3e6dd1dd-e2aa-46ae-bae4-b64c75f7bafe'), UUID('c4a9ef0d-7c8d-4da9-aaf7-e9e94a6fdc44'))
2026-09-01 18:04:57,558 INFO sqlalchemy.engine.Engine COMMIT
INFO:     127.0.0.1:60214 - "GET /api/v1/patients HTTP/1.1" 200 OK
2026-09-01 18:05:16,274 INFO sqlalchemy.engine.Engine BEGIN (implicit)
2026-09-01 18:05:16,276 INFO sqlalchemy.engine.Engine SELECT users.id, users.practice_id, users.clerk_id, users.email, users.name, users.role, users.phone, users.is_active, users.permissions, users.is_platform_admin, users.created_at, users.updated_at 
FROM users 
WHERE users.clerk_id = $1::VARCHAR
2026-09-01 18:05:16,277 INFO sqlalchemy.engine.Engine [cached since 18.82s ago] ('user_3IJjXjFLcG4qaagJWxQnHqHoXEr',)
INFO:     127.0.0.1:60278 - "OPTIONS /api/v1/practice/me HTTP/1.1" 200 OK
2026-09-01 18:05:16,286 INFO sqlalchemy.engine.Engine SELECT patients.id, patients.practice_id, patients.first_name, patients.last_name, patients.email, patients.phone, patients.date_of_birth, patients.medical_history, patients.consent_status, patients.plan_type, patients.chief_complaint, patients.needs_surgery, patients.ai_agent_assigned, patients.agent_status, patients.agent_cost, patients.lifecycle_stage, patients.lost_reason, patients.source, patients.portal_token, patients.portal_enabled, patients.created_at, patients.updated_at 
FROM patients 
WHERE patients.practice_id = $1::UUID ORDER BY patients.created_at DESC
2026-09-01 18:05:16,287 INFO sqlalchemy.engine.Engine [cached since 18.78s ago] (UUID('4d1123f3-3ba2-42f3-b584-a5009c7b3e39'),)
INFO:     127.0.0.1:60279 - "OPTIONS /api/v1/practice/me HTTP/1.1" 200 OK
2026-09-01 18:05:16,295 INFO sqlalchemy.engine.Engine SELECT DISTINCT appointments.patient_id 
FROM appointments 
WHERE appointments.practice_id = $1::UUID AND appointments.patient_id IN ($4::UUID, $5::UUID) AND appointments.start_time >= $2::TIMESTAMP WITH TIME ZONE AND appointments.status != $3::appointmentstatus
2026-09-01 18:05:16,297 INFO sqlalchemy.engine.Engine [cached since 18.77s ago] (UUID('4d1123f3-3ba2-42f3-b584-a5009c7b3e39'), datetime.datetime(2026, 9, 1, 13, 5, 16, 294403, tzinfo=datetime.timezone.utc), 'CANCELLED', UUID('3e6dd1dd-e2aa-46ae-bae4-b64c75f7bafe'), UUID('c4a9ef0d-7c8d-4da9-aaf7-e9e94a6fdc44'))
2026-09-01 18:05:16,398 INFO sqlalchemy.engine.Engine SELECT DISTINCT appointments.patient_id 
FROM appointments 
WHERE appointments.practice_id = $1::UUID AND appointments.patient_id IN ($3::UUID, $4::UUID) AND appointments.status = $2::appointmentstatus
2026-09-01 18:05:16,400 INFO sqlalchemy.engine.Engine [cached since 18.85s ago] (UUID('4d1123f3-3ba2-42f3-b584-a5009c7b3e39'), 'COMPLETED', UUID('3e6dd1dd-e2aa-46ae-bae4-b64c75f7bafe'), UUID('c4a9ef0d-7c8d-4da9-aaf7-e9e94a6fdc44'))
2026-09-01 18:05:16,405 INFO sqlalchemy.engine.Engine COMMIT
INFO:     127.0.0.1:60277 - "GET /api/v1/patients HTTP/1.1" 200 OK
2026-09-01 18:05:16,458 INFO sqlalchemy.engine.Engine BEGIN (implicit)
2026-09-01 18:05:16,460 INFO sqlalchemy.engine.Engine SELECT users.id, users.practice_id, users.clerk_id, users.email, users.name, users.role, users.phone, users.is_active, users.permissions, users.is_platform_admin, users.created_at, users.updated_at 
FROM users 
WHERE users.clerk_id = $1::VARCHAR
2026-09-01 18:05:16,461 INFO sqlalchemy.engine.Engine [cached since 19s ago] ('user_3IJjXjFLcG4qaagJWxQnHqHoXEr',)
2026-09-01 18:05:16,491 INFO sqlalchemy.engine.Engine SELECT practices.id, practices.name, practices.email, practices.phone, practices.address, practices.timezone, practices.settings, practices.created_at, practices.updated_at 
FROM practices 
WHERE practices.id = $1::UUID
2026-09-01 18:05:16,492 INFO sqlalchemy.engine.Engine [generated in 0.00091s] (UUID('4d1123f3-3ba2-42f3-b584-a5009c7b3e39'),)
2026-09-01 18:05:16,500 INFO sqlalchemy.engine.Engine SELECT subscriptions.id, subscriptions.practice_id, subscriptions.stripe_subscription_id, subscriptions.tier, subscriptions.status, subscriptions.price, subscriptions.start_date, subscriptions.end_date, subscriptions.auto_renew, subscriptions.created_at, subscriptions.updated_at 
FROM subscriptions 
WHERE subscriptions.practice_id = $1::UUID AND subscriptions.status IN ($2::subscriptionstatus, $3::subscriptionstatus) ORDER BY subscriptions.created_at DESC
2026-09-01 18:05:16,502 INFO sqlalchemy.engine.Engine [generated in 0.00135s] (UUID('4d1123f3-3ba2-42f3-b584-a5009c7b3e39'), 'ACTIVE', 'TRIAL')
2026-09-01 18:05:16,515 INFO sqlalchemy.engine.Engine SELECT subscriptions.id, subscriptions.practice_id, subscriptions.stripe_subscription_id, subscriptions.tier, subscriptions.status, subscriptions.price, subscriptions.start_date, subscriptions.end_date, subscriptions.auto_renew, subscriptions.created_at, subscriptions.updated_at 
FROM subscriptions 
WHERE subscriptions.practice_id = $1::UUID AND subscriptions.status IN ($2::subscriptionstatus, $3::subscriptionstatus) ORDER BY subscriptions.created_at DESC
2026-09-01 18:05:16,516 INFO sqlalchemy.engine.Engine [cached since 0.01552s ago] (UUID('4d1123f3-3ba2-42f3-b584-a5009c7b3e39'), 'ACTIVE', 'TRIAL')
2026-09-01 18:05:16,518 INFO sqlalchemy.engine.Engine COMMIT
INFO:     127.0.0.1:60281 - "GET /api/v1/practice/me HTTP/1.1" 200 OK
2026-09-01 18:05:17,392 INFO sqlalchemy.engine.Engine BEGIN (implicit)
2026-09-01 18:05:17,393 INFO sqlalchemy.engine.Engine SELECT users.id, users.practice_id, users.clerk_id, users.email, users.name, users.role, users.phone, users.is_active, users.permissions, users.is_platform_admin, users.created_at, users.updated_at 
FROM users 
WHERE users.clerk_id = $1::VARCHAR
2026-09-01 18:05:17,394 INFO sqlalchemy.engine.Engine [cached since 19.94s ago] ('user_3IJjXjFLcG4qaagJWxQnHqHoXEr',)
2026-09-01 18:05:17,397 INFO sqlalchemy.engine.Engine SELECT practices.id, practices.name, practices.email, practices.phone, practices.address, practices.timezone, practices.settings, practices.created_at, practices.updated_at 
FROM practices 
WHERE practices.id = $1::UUID
2026-09-01 18:05:17,398 INFO sqlalchemy.engine.Engine [cached since 0.9077s ago] (UUID('4d1123f3-3ba2-42f3-b584-a5009c7b3e39'),)
2026-09-01 18:05:17,405 INFO sqlalchemy.engine.Engine SELECT subscriptions.id, subscriptions.practice_id, subscriptions.stripe_subscription_id, subscriptions.tier, subscriptions.status, subscriptions.price, subscriptions.start_date, subscriptions.end_date, subscriptions.auto_renew, subscriptions.created_at, subscriptions.updated_at 
FROM subscriptions 
WHERE subscriptions.practice_id = $1::UUID AND subscriptions.status IN ($2::subscriptionstatus, $3::subscriptionstatus) ORDER BY subscriptions.created_at DESC
2026-09-01 18:05:17,406 INFO sqlalchemy.engine.Engine [cached since 0.9055s ago] (UUID('4d1123f3-3ba2-42f3-b584-a5009c7b3e39'), 'ACTIVE', 'TRIAL')
2026-09-01 18:05:17,418 INFO sqlalchemy.engine.Engine SELECT subscriptions.id, subscriptions.practice_id, subscriptions.stripe_subscription_id, subscriptions.tier, subscriptions.status, subscriptions.price, subscriptions.start_date, subscriptions.end_date, subscriptions.auto_renew, subscriptions.created_at, subscriptions.updated_at 
FROM subscriptions 
WHERE subscriptions.practice_id = $1::UUID AND subscriptions.status IN ($2::subscriptionstatus, $3::subscriptionstatus) ORDER BY subscriptions.created_at DESC
2026-09-01 18:05:17,419 INFO sqlalchemy.engine.Engine [cached since 0.9186s ago] (UUID('4d1123f3-3ba2-42f3-b584-a5009c7b3e39'), 'ACTIVE', 'TRIAL')
2026-09-01 18:05:17,421 INFO sqlalchemy.engine.Engine COMMIT
INFO:     127.0.0.1:60277 - "GET /api/v1/practice/me HTTP/1.1" 200 OK
2026-09-01 18:05:18,587 INFO sqlalchemy.engine.Engine BEGIN (implicit)
2026-09-01 18:05:18,591 INFO sqlalchemy.engine.Engine SELECT users.id, users.practice_id, users.clerk_id, users.email, users.name, users.role, users.phone, users.is_active, users.permissions, users.is_platform_admin, users.created_at, users.updated_at 
FROM users 
WHERE users.clerk_id = $1::VARCHAR
2026-09-01 18:05:18,593 INFO sqlalchemy.engine.Engine [cached since 21.13s ago] ('user_3IJjXjFLcG4qaagJWxQnHqHoXEr',)
2026-09-01 18:05:18,675 INFO sqlalchemy.engine.Engine BEGIN (implicit)
2026-09-01 18:05:18,676 INFO sqlalchemy.engine.Engine SELECT users.id, users.practice_id, users.clerk_id, users.email, users.name, users.role, users.phone, users.is_active, users.permissions, users.is_platform_admin, users.created_at, users.updated_at 
FROM users 
WHERE users.clerk_id = $1::VARCHAR
2026-09-01 18:05:18,678 INFO sqlalchemy.engine.Engine [cached since 21.22s ago] ('user_3IJjXjFLcG4qaagJWxQnHqHoXEr',)
2026-09-01 18:05:18,681 INFO sqlalchemy.engine.Engine SELECT patients.id, patients.practice_id, patients.first_name, patients.last_name, patients.email, patients.phone, patients.date_of_birth, patients.medical_history, patients.consent_status, patients.plan_type, patients.chief_complaint, patients.needs_surgery, patients.ai_agent_assigned, patients.agent_status, patients.agent_cost, patients.lifecycle_stage, patients.lost_reason, patients.source, patients.portal_token, patients.portal_enabled, patients.created_at, patients.updated_at 
FROM patients 
WHERE patients.practice_id = $1::UUID ORDER BY patients.created_at DESC
2026-09-01 18:05:18,682 INFO sqlalchemy.engine.Engine [cached since 21.18s ago] (UUID('4d1123f3-3ba2-42f3-b584-a5009c7b3e39'),)
2026-09-01 18:05:18,685 INFO sqlalchemy.engine.Engine SELECT practices.id, practices.name, practices.email, practices.phone, practices.address, practices.timezone, practices.settings, practices.created_at, practices.updated_at 
FROM practices 
WHERE practices.id = $1::UUID
2026-09-01 18:05:18,686 INFO sqlalchemy.engine.Engine [cached since 2.195s ago] (UUID('4d1123f3-3ba2-42f3-b584-a5009c7b3e39'),)
2026-09-01 18:05:18,689 INFO sqlalchemy.engine.Engine SELECT subscriptions.id, subscriptions.practice_id, subscriptions.stripe_subscription_id, subscriptions.tier, subscriptions.status, subscriptions.price, subscriptions.start_date, subscriptions.end_date, subscriptions.auto_renew, subscriptions.created_at, subscriptions.updated_at 
FROM subscriptions 
WHERE subscriptions.practice_id = $1::UUID AND subscriptions.status IN ($2::subscriptionstatus, $3::subscriptionstatus) ORDER BY subscriptions.created_at DESC
2026-09-01 18:05:18,691 INFO sqlalchemy.engine.Engine [cached since 2.19s ago] (UUID('4d1123f3-3ba2-42f3-b584-a5009c7b3e39'), 'ACTIVE', 'TRIAL')
2026-09-01 18:05:18,694 INFO sqlalchemy.engine.Engine SELECT subscriptions.id, subscriptions.practice_id, subscriptions.stripe_subscription_id, subscriptions.tier, subscriptions.status, subscriptions.price, subscriptions.start_date, subscriptions.end_date, subscriptions.auto_renew, subscriptions.created_at, subscriptions.updated_at 
FROM subscriptions 
WHERE subscriptions.practice_id = $1::UUID AND subscriptions.status IN ($2::subscriptionstatus, $3::subscriptionstatus) ORDER BY subscriptions.created_at DESC
2026-09-01 18:05:18,696 INFO sqlalchemy.engine.Engine [cached since 2.195s ago] (UUID('4d1123f3-3ba2-42f3-b584-a5009c7b3e39'), 'ACTIVE', 'TRIAL')
2026-09-01 18:05:18,698 INFO sqlalchemy.engine.Engine COMMIT
INFO:     127.0.0.1:60281 - "GET /api/v1/practice/me HTTP/1.1" 200 OK
2026-09-01 18:05:18,708 INFO sqlalchemy.engine.Engine SELECT DISTINCT appointments.patient_id 
FROM appointments 
WHERE appointments.practice_id = $1::UUID AND appointments.patient_id IN ($4::UUID, $5::UUID) AND appointments.start_time >= $2::TIMESTAMP WITH TIME ZONE AND appointments.status != $3::appointmentstatus
2026-09-01 18:05:18,709 INFO sqlalchemy.engine.Engine [cached since 21.18s ago] (UUID('4d1123f3-3ba2-42f3-b584-a5009c7b3e39'), datetime.datetime(2026, 9, 1, 13, 5, 18, 707481, tzinfo=datetime.timezone.utc), 'CANCELLED', UUID('3e6dd1dd-e2aa-46ae-bae4-b64c75f7bafe'), UUID('c4a9ef0d-7c8d-4da9-aaf7-e9e94a6fdc44'))
2026-09-01 18:05:18,725 INFO sqlalchemy.engine.Engine SELECT DISTINCT appointments.patient_id 
FROM appointments 
WHERE appointments.practice_id = $1::UUID AND appointments.patient_id IN ($3::UUID, $4::UUID) AND appointments.status = $2::appointmentstatus
2026-09-01 18:05:18,726 INFO sqlalchemy.engine.Engine [cached since 21.18s ago] (UUID('4d1123f3-3ba2-42f3-b584-a5009c7b3e39'), 'COMPLETED', UUID('3e6dd1dd-e2aa-46ae-bae4-b64c75f7bafe'), UUID('c4a9ef0d-7c8d-4da9-aaf7-e9e94a6fdc44'))
2026-09-01 18:05:18,729 INFO sqlalchemy.engine.Engine COMMIT
INFO:     127.0.0.1:60277 - "GET /api/v1/patients HTTP/1.1" 200 OK
2026-09-01 18:06:24,555 INFO sqlalchemy.engine.Engine BEGIN (implicit)
2026-09-01 18:06:24,558 INFO sqlalchemy.engine.Engine SELECT users.id, users.practice_id, users.clerk_id, users.email, users.name, users.role, users.phone, users.is_active, users.permissions, users.is_platform_admin, users.created_at, users.updated_at 
FROM users 
WHERE users.clerk_id = $1::VARCHAR
2026-09-01 18:06:24,561 INFO sqlalchemy.engine.Engine [cached since 87.1s ago] ('user_3IJjXjFLcG4qaagJWxQnHqHoXEr',)
2026-09-01 18:06:24,664 INFO sqlalchemy.engine.Engine BEGIN (implicit)
2026-09-01 18:06:24,666 INFO sqlalchemy.engine.Engine SELECT users.id, users.practice_id, users.clerk_id, users.email, users.name, users.role, users.phone, users.is_active, users.permissions, users.is_platform_admin, users.created_at, users.updated_at 
FROM users 
WHERE users.clerk_id = $1::VARCHAR
2026-09-01 18:06:24,666 INFO sqlalchemy.engine.Engine [cached since 87.21s ago] ('user_3IJjXjFLcG4qaagJWxQnHqHoXEr',)
2026-09-01 18:06:24,669 INFO sqlalchemy.engine.Engine SELECT patients.id, patients.practice_id, patients.first_name, patients.last_name, patients.email, patients.phone, patients.date_of_birth, patients.medical_history, patients.consent_status, patients.plan_type, patients.chief_complaint, patients.needs_surgery, patients.ai_agent_assigned, patients.agent_status, patients.agent_cost, patients.lifecycle_stage, patients.lost_reason, patients.source, patients.portal_token, patients.portal_enabled, patients.created_at, patients.updated_at 
FROM patients 
WHERE patients.practice_id = $1::UUID ORDER BY patients.created_at DESC
2026-09-01 18:06:24,670 INFO sqlalchemy.engine.Engine [cached since 87.17s ago] (UUID('4d1123f3-3ba2-42f3-b584-a5009c7b3e39'),)
INFO:     127.0.0.1:60341 - "OPTIONS /api/v1/doctors HTTP/1.1" 200 OK
2026-09-01 18:06:24,675 INFO sqlalchemy.engine.Engine SELECT DISTINCT appointments.patient_id 
FROM appointments 
WHERE appointments.practice_id = $1::UUID AND appointments.patient_id IN ($4::UUID, $5::UUID) AND appointments.start_time >= $2::TIMESTAMP WITH TIME ZONE AND appointments.status != $3::appointmentstatus
2026-09-01 18:06:24,676 INFO sqlalchemy.engine.Engine [cached since 87.15s ago] (UUID('4d1123f3-3ba2-42f3-b584-a5009c7b3e39'), datetime.datetime(2026, 9, 1, 13, 6, 24, 673863, tzinfo=datetime.timezone.utc), 'CANCELLED', UUID('3e6dd1dd-e2aa-46ae-bae4-b64c75f7bafe'), UUID('c4a9ef0d-7c8d-4da9-aaf7-e9e94a6fdc44'))
2026-09-01 18:06:24,678 INFO sqlalchemy.engine.Engine SELECT practices.id, practices.name, practices.email, practices.phone, practices.address, practices.timezone, practices.settings, practices.created_at, practices.updated_at 
FROM practices 
WHERE practices.id = $1::UUID
2026-09-01 18:06:24,679 INFO sqlalchemy.engine.Engine [cached since 68.19s ago] (UUID('4d1123f3-3ba2-42f3-b584-a5009c7b3e39'),)
2026-09-01 18:06:25,639 INFO sqlalchemy.engine.Engine SELECT DISTINCT appointments.patient_id 
FROM appointments 
WHERE appointments.practice_id = $1::UUID AND appointments.patient_id IN ($3::UUID, $4::UUID) AND appointments.status = $2::appointmentstatus
2026-09-01 18:06:25,640 INFO sqlalchemy.engine.Engine [cached since 88.09s ago] (UUID('4d1123f3-3ba2-42f3-b584-a5009c7b3e39'), 'COMPLETED', UUID('3e6dd1dd-e2aa-46ae-bae4-b64c75f7bafe'), UUID('c4a9ef0d-7c8d-4da9-aaf7-e9e94a6fdc44'))
2026-09-01 18:06:25,642 INFO sqlalchemy.engine.Engine SELECT subscriptions.id, subscriptions.practice_id, subscriptions.stripe_subscription_id, subscriptions.tier, subscriptions.status, subscriptions.price, subscriptions.start_date, subscriptions.end_date, subscriptions.auto_renew, subscriptions.created_at, subscriptions.updated_at 
FROM subscriptions 
WHERE subscriptions.practice_id = $1::UUID AND subscriptions.status IN ($2::subscriptionstatus, $3::subscriptionstatus) ORDER BY subscriptions.created_at DESC
2026-09-01 18:06:25,643 INFO sqlalchemy.engine.Engine [cached since 69.14s ago] (UUID('4d1123f3-3ba2-42f3-b584-a5009c7b3e39'), 'ACTIVE', 'TRIAL')
2026-09-01 18:06:25,645 INFO sqlalchemy.engine.Engine COMMIT
2026-09-01 18:06:25,650 INFO sqlalchemy.engine.Engine SELECT subscriptions.id, subscriptions.practice_id, subscriptions.stripe_subscription_id, subscriptions.tier, subscriptions.status, subscriptions.price, subscriptions.start_date, subscriptions.end_date, subscriptions.auto_renew, subscriptions.created_at, subscriptions.updated_at 
FROM subscriptions 
WHERE subscriptions.practice_id = $1::UUID AND subscriptions.status IN ($2::subscriptionstatus, $3::subscriptionstatus) ORDER BY subscriptions.created_at DESC
2026-09-01 18:06:25,650 INFO sqlalchemy.engine.Engine [cached since 69.15s ago] (UUID('4d1123f3-3ba2-42f3-b584-a5009c7b3e39'), 'ACTIVE', 'TRIAL')
2026-09-01 18:06:25,653 INFO sqlalchemy.engine.Engine COMMIT
INFO:     127.0.0.1:60337 - "GET /api/v1/patients HTTP/1.1" 200 OK
INFO:     127.0.0.1:60338 - "GET /api/v1/practice/me HTTP/1.1" 200 OK
2026-09-01 18:06:25,713 INFO sqlalchemy.engine.Engine BEGIN (implicit)
2026-09-01 18:06:25,714 INFO sqlalchemy.engine.Engine SELECT users.id, users.practice_id, users.clerk_id, users.email, users.name, users.role, users.phone, users.is_active, users.permissions, users.is_platform_admin, users.created_at, users.updated_at 
FROM users 
WHERE users.clerk_id = $1::VARCHAR
2026-09-01 18:06:25,715 INFO sqlalchemy.engine.Engine [cached since 88.26s ago] ('user_3IJjXjFLcG4qaagJWxQnHqHoXEr',)
2026-09-01 18:06:25,748 INFO sqlalchemy.engine.Engine SELECT doctors.id, doctors.practice_id, doctors.user_id, doctors.name, doctors.email, doctors.phone, doctors.specialty, doctors.license_number, doctors.bio, doctors.photo_url, doctors.capabilities, doctors.permissions, doctors.is_active, doctors.created_at, doctors.updated_at 
FROM doctors 
WHERE doctors.practice_id = $1::UUID ORDER BY doctors.created_at DESC
2026-09-01 18:06:25,749 INFO sqlalchemy.engine.Engine [generated in 0.00092s] (UUID('4d1123f3-3ba2-42f3-b584-a5009c7b3e39'),)
2026-09-01 18:06:25,756 INFO sqlalchemy.engine.Engine COMMIT
INFO:     127.0.0.1:60341 - "GET /api/v1/doctors HTTP/1.1" 200 OK
2026-09-01 18:06:27,704 INFO sqlalchemy.engine.Engine BEGIN (implicit)
2026-09-01 18:06:27,706 INFO sqlalchemy.engine.Engine SELECT users.id, users.practice_id, users.clerk_id, users.email, users.name, users.role, users.phone, users.is_active, users.permissions, users.is_platform_admin, users.created_at, users.updated_at 
FROM users 
WHERE users.clerk_id = $1::VARCHAR
2026-09-01 18:06:27,708 INFO sqlalchemy.engine.Engine [cached since 90.25s ago] ('user_3IJjXjFLcG4qaagJWxQnHqHoXEr',)
2026-09-01 18:06:27,712 INFO sqlalchemy.engine.Engine SELECT practices.id, practices.name, practices.email, practices.phone, practices.address, practices.timezone, practices.settings, practices.created_at, practices.updated_at 
FROM practices 
WHERE practices.id = $1::UUID
2026-09-01 18:06:27,713 INFO sqlalchemy.engine.Engine [cached since 71.22s ago] (UUID('4d1123f3-3ba2-42f3-b584-a5009c7b3e39'),)
2026-09-01 18:06:27,718 INFO sqlalchemy.engine.Engine SELECT subscriptions.id, subscriptions.practice_id, subscriptions.stripe_subscription_id, subscriptions.tier, subscriptions.status, subscriptions.price, subscriptions.start_date, subscriptions.end_date, subscriptions.auto_renew, subscriptions.created_at, subscriptions.updated_at 
FROM subscriptions 
WHERE subscriptions.practice_id = $1::UUID AND subscriptions.status IN ($2::subscriptionstatus, $3::subscriptionstatus) ORDER BY subscriptions.created_at DESC
2026-09-01 18:06:27,720 INFO sqlalchemy.engine.Engine [cached since 71.22s ago] (UUID('4d1123f3-3ba2-42f3-b584-a5009c7b3e39'), 'ACTIVE', 'TRIAL')
2026-09-01 18:06:27,724 INFO sqlalchemy.engine.Engine SELECT subscriptions.id, subscriptions.practice_id, subscriptions.stripe_subscription_id, subscriptions.tier, subscriptions.status, subscriptions.price, subscriptions.start_date, subscriptions.end_date, subscriptions.auto_renew, subscriptions.created_at, subscriptions.updated_at 
FROM subscriptions 
WHERE subscriptions.practice_id = $1::UUID AND subscriptions.status IN ($2::subscriptionstatus, $3::subscriptionstatus) ORDER BY subscriptions.created_at DESC
2026-09-01 18:06:27,726 INFO sqlalchemy.engine.Engine [cached since 71.23s ago] (UUID('4d1123f3-3ba2-42f3-b584-a5009c7b3e39'), 'ACTIVE', 'TRIAL')
2026-09-01 18:06:27,729 INFO sqlalchemy.engine.Engine COMMIT
INFO:     127.0.0.1:60341 - "GET /api/v1/practice/me HTTP/1.1" 200 OK
INFO:     127.0.0.1:60341 - "OPTIONS /api/v1/attendance/me HTTP/1.1" 200 OK
INFO:     127.0.0.1:60338 - "OPTIONS /api/v1/doctors/me HTTP/1.1" 200 OK
INFO:     127.0.0.1:60337 - "OPTIONS /api/v1/appointments?doctor_id=me HTTP/1.1" 200 OK
2026-09-01 18:06:27,937 INFO sqlalchemy.engine.Engine BEGIN (implicit)
2026-09-01 18:06:27,940 INFO sqlalchemy.engine.Engine SELECT users.id, users.practice_id, users.clerk_id, users.email, users.name, users.role, users.phone, users.is_active, users.permissions, users.is_platform_admin, users.created_at, users.updated_at 
FROM users 
WHERE users.clerk_id = $1::VARCHAR
2026-09-01 18:06:27,942 INFO sqlalchemy.engine.Engine [cached since 90.48s ago] ('user_3IJjXjFLcG4qaagJWxQnHqHoXEr',)
2026-09-01 18:06:28,230 INFO sqlalchemy.engine.Engine BEGIN (implicit)
2026-09-01 18:06:28,233 INFO sqlalchemy.engine.Engine SELECT users.id, users.practice_id, users.clerk_id, users.email, users.name, users.role, users.phone, users.is_active, users.permissions, users.is_platform_admin, users.created_at, users.updated_at 
FROM users 
WHERE users.clerk_id = $1::VARCHAR
2026-09-01 18:06:28,235 INFO sqlalchemy.engine.Engine [cached since 90.78s ago] ('user_3IJjXjFLcG4qaagJWxQnHqHoXEr',)
2026-09-01 18:06:29,080 INFO sqlalchemy.engine.Engine BEGIN (implicit)
2026-09-01 18:06:29,082 INFO sqlalchemy.engine.Engine SELECT users.id, users.practice_id, users.clerk_id, users.email, users.name, users.role, users.phone, users.is_active, users.permissions, users.is_platform_admin, users.created_at, users.updated_at 
FROM users 
WHERE users.clerk_id = $1::VARCHAR
2026-09-01 18:06:29,083 INFO sqlalchemy.engine.Engine [cached since 91.62s ago] ('user_3IJjXjFLcG4qaagJWxQnHqHoXEr',)
2026-09-01 18:06:30,110 INFO sqlalchemy.engine.Engine SELECT patients.id, patients.practice_id, patients.first_name, patients.last_name, patients.email, patients.phone, patients.date_of_birth, patients.medical_history, patients.consent_status, patients.plan_type, patients.chief_complaint, patients.needs_surgery, patients.ai_agent_assigned, patients.agent_status, patients.agent_cost, patients.lifecycle_stage, patients.lost_reason, patients.source, patients.portal_token, patients.portal_enabled, patients.created_at, patients.updated_at 
FROM patients 
WHERE patients.practice_id = $1::UUID ORDER BY patients.created_at DESC
2026-09-01 18:06:30,113 INFO sqlalchemy.engine.Engine [cached since 92.61s ago] (UUID('4d1123f3-3ba2-42f3-b584-a5009c7b3e39'),)
2026-09-01 18:06:30,119 INFO sqlalchemy.engine.Engine SELECT doctors.id, doctors.practice_id, doctors.user_id, doctors.name, doctors.email, doctors.phone, doctors.specialty, doctors.license_number, doctors.bio, doctors.photo_url, doctors.capabilities, doctors.permissions, doctors.is_active, doctors.created_at, doctors.updated_at 
FROM doctors 
WHERE doctors.practice_id = $1::UUID AND doctors.user_id = $2::UUID
2026-09-01 18:06:30,121 INFO sqlalchemy.engine.Engine [generated in 0.00193s] (UUID('4d1123f3-3ba2-42f3-b584-a5009c7b3e39'), UUID('7a8e4484-f378-4080-bd7f-e1a399b2254e'))
2026-09-01 18:06:30,124 INFO sqlalchemy.engine.Engine SELECT practices.id, practices.name, practices.email, practices.phone, practices.address, practices.timezone, practices.settings, practices.created_at, practices.updated_at 
FROM practices 
WHERE practices.id = $1::UUID
2026-09-01 18:06:30,126 INFO sqlalchemy.engine.Engine [cached since 73.63s ago] (UUID('4d1123f3-3ba2-42f3-b584-a5009c7b3e39'),)
2026-09-01 18:06:30,130 INFO sqlalchemy.engine.Engine SELECT DISTINCT appointments.patient_id 
FROM appointments 
WHERE appointments.practice_id = $1::UUID AND appointments.patient_id IN ($4::UUID, $5::UUID) AND appointments.start_time >= $2::TIMESTAMP WITH TIME ZONE AND appointments.status != $3::appointmentstatus
2026-09-01 18:06:30,132 INFO sqlalchemy.engine.Engine [cached since 92.6s ago] (UUID('4d1123f3-3ba2-42f3-b584-a5009c7b3e39'), datetime.datetime(2026, 9, 1, 13, 6, 30, 129171, tzinfo=datetime.timezone.utc), 'CANCELLED', UUID('3e6dd1dd-e2aa-46ae-bae4-b64c75f7bafe'), UUID('c4a9ef0d-7c8d-4da9-aaf7-e9e94a6fdc44'))
2026-09-01 18:06:30,135 INFO sqlalchemy.engine.Engine SELECT subscriptions.id, subscriptions.practice_id, subscriptions.stripe_subscription_id, subscriptions.tier, subscriptions.status, subscriptions.price, subscriptions.start_date, subscriptions.end_date, subscriptions.auto_renew, subscriptions.created_at, subscriptions.updated_at 
FROM subscriptions 
WHERE subscriptions.practice_id = $1::UUID AND subscriptions.status IN ($2::subscriptionstatus, $3::subscriptionstatus) ORDER BY subscriptions.created_at DESC
2026-09-01 18:06:30,136 INFO sqlalchemy.engine.Engine [cached since 73.64s ago] (UUID('4d1123f3-3ba2-42f3-b584-a5009c7b3e39'), 'ACTIVE', 'TRIAL')
2026-09-01 18:06:30,138 INFO sqlalchemy.engine.Engine SELECT DISTINCT appointments.patient_id 
FROM appointments 
WHERE appointments.practice_id = $1::UUID AND appointments.patient_id IN ($3::UUID, $4::UUID) AND appointments.status = $2::appointmentstatus
2026-09-01 18:06:30,139 INFO sqlalchemy.engine.Engine [cached since 92.59s ago] (UUID('4d1123f3-3ba2-42f3-b584-a5009c7b3e39'), 'COMPLETED', UUID('3e6dd1dd-e2aa-46ae-bae4-b64c75f7bafe'), UUID('c4a9ef0d-7c8d-4da9-aaf7-e9e94a6fdc44'))
2026-09-01 18:06:30,141 INFO sqlalchemy.engine.Engine ROLLBACK
2026-09-01 18:06:30,143 INFO sqlalchemy.engine.Engine SELECT subscriptions.id, subscriptions.practice_id, subscriptions.stripe_subscription_id, subscriptions.tier, subscriptions.status, subscriptions.price, subscriptions.start_date, subscriptions.end_date, subscriptions.auto_renew, subscriptions.created_at, subscriptions.updated_at 
FROM subscriptions 
WHERE subscriptions.practice_id = $1::UUID AND subscriptions.status IN ($2::subscriptionstatus, $3::subscriptionstatus) ORDER BY subscriptions.created_at DESC
2026-09-01 18:06:30,144 INFO sqlalchemy.engine.Engine [cached since 73.64s ago] (UUID('4d1123f3-3ba2-42f3-b584-a5009c7b3e39'), 'ACTIVE', 'TRIAL')
2026-09-01 18:06:30,146 INFO sqlalchemy.engine.Engine COMMIT
2026-09-01 18:06:30,148 INFO sqlalchemy.engine.Engine COMMIT
INFO:     127.0.0.1:60338 - "GET /api/v1/doctors/me HTTP/1.1" 404 Not Found
INFO:     127.0.0.1:60349 - "GET /api/v1/patients HTTP/1.1" 200 OK
INFO:     127.0.0.1:60350 - "GET /api/v1/practice/me HTTP/1.1" 200 OK
2026-09-01 18:06:30,196 INFO sqlalchemy.engine.Engine BEGIN (implicit)
2026-09-01 18:06:30,197 INFO sqlalchemy.engine.Engine SELECT users.id, users.practice_id, users.clerk_id, users.email, users.name, users.role, users.phone, users.is_active, users.permissions, users.is_platform_admin, users.created_at, users.updated_at 
FROM users 
WHERE users.clerk_id = $1::VARCHAR
2026-09-01 18:06:30,198 INFO sqlalchemy.engine.Engine [cached since 92.74s ago] ('user_3IJjXjFLcG4qaagJWxQnHqHoXEr',)
2026-09-01 18:06:30,224 INFO sqlalchemy.engine.Engine SELECT doctors.id, doctors.practice_id, doctors.user_id, doctors.name, doctors.email, doctors.phone, doctors.specialty, doctors.license_number, doctors.bio, doctors.photo_url, doctors.capabilities, doctors.permissions, doctors.is_active, doctors.created_at, doctors.updated_at 
FROM doctors 
WHERE doctors.practice_id = $1::UUID AND doctors.user_id = $2::UUID
2026-09-01 18:06:30,225 INFO sqlalchemy.engine.Engine [cached since 0.1061s ago] (UUID('4d1123f3-3ba2-42f3-b584-a5009c7b3e39'), UUID('7a8e4484-f378-4080-bd7f-e1a399b2254e'))
2026-09-01 18:06:30,229 INFO sqlalchemy.engine.Engine ROLLBACK
INFO:     127.0.0.1:60352 - "GET /api/v1/appointments?doctor_id=me HTTP/1.1" 404 Not Found
2026-09-01 18:06:30,282 INFO sqlalchemy.engine.Engine BEGIN (implicit)
2026-09-01 18:06:30,282 INFO sqlalchemy.engine.Engine SELECT users.id, users.practice_id, users.clerk_id, users.email, users.name, users.role, users.phone, users.is_active, users.permissions, users.is_platform_admin, users.created_at, users.updated_at 
FROM users 
WHERE users.clerk_id = $1::VARCHAR
2026-09-01 18:06:30,283 INFO sqlalchemy.engine.Engine [cached since 92.82s ago] ('user_3IJjXjFLcG4qaagJWxQnHqHoXEr',)
2026-09-01 18:06:30,313 INFO sqlalchemy.engine.Engine SELECT attendance_records.id, attendance_records.practice_id, attendance_records.user_id, attendance_records.doctor_id, attendance_records.check_in_at, attendance_records.check_out_at 
FROM attendance_records 
WHERE attendance_records.practice_id = $1::UUID AND attendance_records.user_id = $2::UUID ORDER BY attendance_records.check_in_at DESC 
 LIMIT $3::INTEGER
2026-09-01 18:06:30,314 INFO sqlalchemy.engine.Engine [generated in 0.00083s] (UUID('4d1123f3-3ba2-42f3-b584-a5009c7b3e39'), UUID('7a8e4484-f378-4080-bd7f-e1a399b2254e'), 30)
2026-09-01 18:06:30,319 INFO sqlalchemy.engine.Engine COMMIT
INFO:     127.0.0.1:60351 - "GET /api/v1/attendance/me HTTP/1.1" 200 OK
2026-09-01 18:06:32,186 INFO sqlalchemy.engine.Engine BEGIN (implicit)
2026-09-01 18:06:32,189 INFO sqlalchemy.engine.Engine SELECT users.id, users.practice_id, users.clerk_id, users.email, users.name, users.role, users.phone, users.is_active, users.permissions, users.is_platform_admin, users.created_at, users.updated_at 
FROM users 
WHERE users.clerk_id = $1::VARCHAR
2026-09-01 18:06:32,192 INFO sqlalchemy.engine.Engine [cached since 94.73s ago] ('user_3IJjXjFLcG4qaagJWxQnHqHoXEr',)
2026-09-01 18:06:32,202 INFO sqlalchemy.engine.Engine SELECT patients.id, patients.practice_id, patients.first_name, patients.last_name, patients.email, patients.phone, patients.date_of_birth, patients.medical_history, patients.consent_status, patients.plan_type, patients.chief_complaint, patients.needs_surgery, patients.ai_agent_assigned, patients.agent_status, patients.agent_cost, patients.lifecycle_stage, patients.lost_reason, patients.source, patients.portal_token, patients.portal_enabled, patients.created_at, patients.updated_at 
FROM patients 
WHERE patients.practice_id = $1::UUID ORDER BY patients.created_at DESC
2026-09-01 18:06:32,203 INFO sqlalchemy.engine.Engine [cached since 94.7s ago] (UUID('4d1123f3-3ba2-42f3-b584-a5009c7b3e39'),)
2026-09-01 18:06:32,221 INFO sqlalchemy.engine.Engine SELECT DISTINCT appointments.patient_id 
FROM appointments 
WHERE appointments.practice_id = $1::UUID AND appointments.patient_id IN ($4::UUID, $5::UUID) AND appointments.start_time >= $2::TIMESTAMP WITH TIME ZONE AND appointments.status != $3::appointmentstatus
2026-09-01 18:06:32,221 INFO sqlalchemy.engine.Engine [cached since 94.69s ago] (UUID('4d1123f3-3ba2-42f3-b584-a5009c7b3e39'), datetime.datetime(2026, 9, 1, 13, 6, 32, 220365, tzinfo=datetime.timezone.utc), 'CANCELLED', UUID('3e6dd1dd-e2aa-46ae-bae4-b64c75f7bafe'), UUID('c4a9ef0d-7c8d-4da9-aaf7-e9e94a6fdc44'))
2026-09-01 18:06:32,237 INFO sqlalchemy.engine.Engine SELECT DISTINCT appointments.patient_id 
FROM appointments 
WHERE appointments.practice_id = $1::UUID AND appointments.patient_id IN ($3::UUID, $4::UUID) AND appointments.status = $2::appointmentstatus
2026-09-01 18:06:32,237 INFO sqlalchemy.engine.Engine [cached since 94.69s ago] (UUID('4d1123f3-3ba2-42f3-b584-a5009c7b3e39'), 'COMPLETED', UUID('3e6dd1dd-e2aa-46ae-bae4-b64c75f7bafe'), UUID('c4a9ef0d-7c8d-4da9-aaf7-e9e94a6fdc44'))
2026-09-01 18:06:32,239 INFO sqlalchemy.engine.Engine COMMIT
INFO:     127.0.0.1:60351 - "GET /api/v1/patients HTTP/1.1" 200 OK
INFO:     127.0.0.1:60351 - "OPTIONS /api/v1/staff-messages/me HTTP/1.1" 200 OK
2026-09-01 18:06:33,332 INFO sqlalchemy.engine.Engine BEGIN (implicit)
2026-09-01 18:06:33,334 INFO sqlalchemy.engine.Engine SELECT users.id, users.practice_id, users.clerk_id, users.email, users.name, users.role, users.phone, users.is_active, users.permissions, users.is_platform_admin, users.created_at, users.updated_at 
FROM users 
WHERE users.clerk_id = $1::VARCHAR
2026-09-01 18:06:33,334 INFO sqlalchemy.engine.Engine [cached since 95.88s ago] ('user_3IJjXjFLcG4qaagJWxQnHqHoXEr',)
2026-09-01 18:06:33,338 INFO sqlalchemy.engine.Engine SELECT users.id, users.practice_id, users.clerk_id, users.email, users.name, users.role, users.phone, users.is_active, users.permissions, users.is_platform_admin, users.created_at, users.updated_at 
FROM users 
WHERE users.id = $1::UUID AND users.practice_id = $2::UUID AND users.role != $3::userrole
2026-09-01 18:06:33,339 INFO sqlalchemy.engine.Engine [generated in 0.00074s] (UUID('7a8e4484-f378-4080-bd7f-e1a399b2254e'), UUID('4d1123f3-3ba2-42f3-b584-a5009c7b3e39'), 'OWNER')
2026-09-01 18:06:33,343 INFO sqlalchemy.engine.Engine ROLLBACK
INFO:     127.0.0.1:60351 - "GET /api/v1/staff-messages/me HTTP/1.1" 404 Not Found
2026-09-01 18:06:35,098 INFO sqlalchemy.engine.Engine BEGIN (implicit)
2026-09-01 18:06:35,100 INFO sqlalchemy.engine.Engine SELECT users.id, users.practice_id, users.clerk_id, users.email, users.name, users.role, users.phone, users.is_active, users.permissions, users.is_platform_admin, users.created_at, users.updated_at 
FROM users 
WHERE users.clerk_id = $1::VARCHAR
2026-09-01 18:06:35,101 INFO sqlalchemy.engine.Engine [cached since 97.64s ago] ('user_3IJjXjFLcG4qaagJWxQnHqHoXEr',)
2026-09-01 18:06:35,105 INFO sqlalchemy.engine.Engine SELECT doctors.id, doctors.practice_id, doctors.user_id, doctors.name, doctors.email, doctors.phone, doctors.specialty, doctors.license_number, doctors.bio, doctors.photo_url, doctors.capabilities, doctors.permissions, doctors.is_active, doctors.created_at, doctors.updated_at 
FROM doctors 
WHERE doctors.practice_id = $1::UUID AND doctors.user_id = $2::UUID
2026-09-01 18:06:35,106 INFO sqlalchemy.engine.Engine [cached since 4.988s ago] (UUID('4d1123f3-3ba2-42f3-b584-a5009c7b3e39'), UUID('7a8e4484-f378-4080-bd7f-e1a399b2254e'))
2026-09-01 18:06:35,115 INFO sqlalchemy.engine.Engine ROLLBACK
INFO:     127.0.0.1:60351 - "GET /api/v1/appointments?doctor_id=me HTTP/1.1" 404 Not Found
2026-09-01 18:06:36,096 INFO sqlalchemy.engine.Engine BEGIN (implicit)
2026-09-01 18:06:36,098 INFO sqlalchemy.engine.Engine SELECT users.id, users.practice_id, users.clerk_id, users.email, users.name, users.role, users.phone, users.is_active, users.permissions, users.is_platform_admin, users.created_at, users.updated_at 
FROM users 
WHERE users.clerk_id = $1::VARCHAR
2026-09-01 18:06:36,099 INFO sqlalchemy.engine.Engine [cached since 98.64s ago] ('user_3IJjXjFLcG4qaagJWxQnHqHoXEr',)
2026-09-01 18:06:36,264 INFO sqlalchemy.engine.Engine BEGIN (implicit)
2026-09-01 18:06:36,265 INFO sqlalchemy.engine.Engine SELECT users.id, users.practice_id, users.clerk_id, users.email, users.name, users.role, users.phone, users.is_active, users.permissions, users.is_platform_admin, users.created_at, users.updated_at 
FROM users 
WHERE users.clerk_id = $1::VARCHAR
2026-09-01 18:06:36,267 INFO sqlalchemy.engine.Engine [cached since 98.81s ago] ('user_3IJjXjFLcG4qaagJWxQnHqHoXEr',)
2026-09-01 18:06:36,349 INFO sqlalchemy.engine.Engine BEGIN (implicit)
2026-09-01 18:06:36,350 INFO sqlalchemy.engine.Engine SELECT users.id, users.practice_id, users.clerk_id, users.email, users.name, users.role, users.phone, users.is_active, users.permissions, users.is_platform_admin, users.created_at, users.updated_at 
FROM users 
WHERE users.clerk_id = $1::VARCHAR
2026-09-01 18:06:36,351 INFO sqlalchemy.engine.Engine [cached since 98.89s ago] ('user_3IJjXjFLcG4qaagJWxQnHqHoXEr',)
2026-09-01 18:06:36,354 INFO sqlalchemy.engine.Engine SELECT patients.id, patients.practice_id, patients.first_name, patients.last_name, patients.email, patients.phone, patients.date_of_birth, patients.medical_history, patients.consent_status, patients.plan_type, patients.chief_complaint, patients.needs_surgery, patients.ai_agent_assigned, patients.agent_status, patients.agent_cost, patients.lifecycle_stage, patients.lost_reason, patients.source, patients.portal_token, patients.portal_enabled, patients.created_at, patients.updated_at 
FROM patients 
WHERE patients.practice_id = $1::UUID ORDER BY patients.created_at DESC
2026-09-01 18:06:36,355 INFO sqlalchemy.engine.Engine [cached since 98.85s ago] (UUID('4d1123f3-3ba2-42f3-b584-a5009c7b3e39'),)
2026-09-01 18:06:36,359 INFO sqlalchemy.engine.Engine SELECT attendance_records.id, attendance_records.practice_id, attendance_records.user_id, attendance_records.doctor_id, attendance_records.check_in_at, attendance_records.check_out_at 
FROM attendance_records 
WHERE attendance_records.practice_id = $1::UUID AND attendance_records.user_id = $2::UUID ORDER BY attendance_records.check_in_at DESC 
 LIMIT $3::INTEGER
2026-09-01 18:06:36,360 INFO sqlalchemy.engine.Engine [cached since 6.047s ago] (UUID('4d1123f3-3ba2-42f3-b584-a5009c7b3e39'), UUID('7a8e4484-f378-4080-bd7f-e1a399b2254e'), 30)
2026-09-01 18:06:37,388 INFO sqlalchemy.engine.Engine BEGIN (implicit)
2026-09-01 18:06:37,389 INFO sqlalchemy.engine.Engine SELECT users.id, users.practice_id, users.clerk_id, users.email, users.name, users.role, users.phone, users.is_active, users.permissions, users.is_platform_admin, users.created_at, users.updated_at 
FROM users 
WHERE users.clerk_id = $1::VARCHAR
2026-09-01 18:06:37,390 INFO sqlalchemy.engine.Engine [cached since 99.93s ago] ('user_3IJjXjFLcG4qaagJWxQnHqHoXEr',)
2026-09-01 18:06:37,394 INFO sqlalchemy.engine.Engine SELECT doctors.id, doctors.practice_id, doctors.user_id, doctors.name, doctors.email, doctors.phone, doctors.specialty, doctors.license_number, doctors.bio, doctors.photo_url, doctors.capabilities, doctors.permissions, doctors.is_active, doctors.created_at, doctors.updated_at 
FROM doctors 
WHERE doctors.practice_id = $1::UUID AND doctors.user_id = $2::UUID
2026-09-01 18:06:37,395 INFO sqlalchemy.engine.Engine [cached since 7.277s ago] (UUID('4d1123f3-3ba2-42f3-b584-a5009c7b3e39'), UUID('7a8e4484-f378-4080-bd7f-e1a399b2254e'))
2026-09-01 18:06:37,397 INFO sqlalchemy.engine.Engine COMMIT
2026-09-01 18:06:37,399 INFO sqlalchemy.engine.Engine ROLLBACK
2026-09-01 18:06:37,403 INFO sqlalchemy.engine.Engine SELECT doctors.id, doctors.practice_id, doctors.user_id, doctors.name, doctors.email, doctors.phone, doctors.specialty, doctors.license_number, doctors.bio, doctors.photo_url, doctors.capabilities, doctors.permissions, doctors.is_active, doctors.created_at, doctors.updated_at 
FROM doctors 
WHERE doctors.practice_id = $1::UUID AND doctors.user_id = $2::UUID
2026-09-01 18:06:37,404 INFO sqlalchemy.engine.Engine [cached since 7.285s ago] (UUID('4d1123f3-3ba2-42f3-b584-a5009c7b3e39'), UUID('7a8e4484-f378-4080-bd7f-e1a399b2254e'))
INFO:     127.0.0.1:60352 - "GET /api/v1/attendance/me HTTP/1.1" 200 OK
INFO:     127.0.0.1:60369 - "GET /api/v1/appointments?doctor_id=me HTTP/1.1" 404 Not Found
2026-09-01 18:06:37,414 INFO sqlalchemy.engine.Engine ROLLBACK
INFO:     127.0.0.1:60372 - "GET /api/v1/doctors/me HTTP/1.1" 404 Not Found
2026-09-01 18:06:37,429 INFO sqlalchemy.engine.Engine SELECT DISTINCT appointments.patient_id 
FROM appointments 
WHERE appointments.practice_id = $1::UUID AND appointments.patient_id IN ($4::UUID, $5::UUID) AND appointments.start_time >= $2::TIMESTAMP WITH TIME ZONE AND appointments.status != $3::appointmentstatus
2026-09-01 18:06:37,430 INFO sqlalchemy.engine.Engine [cached since 99.9s ago] (UUID('4d1123f3-3ba2-42f3-b584-a5009c7b3e39'), datetime.datetime(2026, 9, 1, 13, 6, 37, 427895, tzinfo=datetime.timezone.utc), 'CANCELLED', UUID('3e6dd1dd-e2aa-46ae-bae4-b64c75f7bafe'), UUID('c4a9ef0d-7c8d-4da9-aaf7-e9e94a6fdc44'))
2026-09-01 18:06:37,447 INFO sqlalchemy.engine.Engine SELECT DISTINCT appointments.patient_id 
FROM appointments 
WHERE appointments.practice_id = $1::UUID AND appointments.patient_id IN ($3::UUID, $4::UUID) AND appointments.status = $2::appointmentstatus
2026-09-01 18:06:37,448 INFO sqlalchemy.engine.Engine [cached since 99.9s ago] (UUID('4d1123f3-3ba2-42f3-b584-a5009c7b3e39'), 'COMPLETED', UUID('3e6dd1dd-e2aa-46ae-bae4-b64c75f7bafe'), UUID('c4a9ef0d-7c8d-4da9-aaf7-e9e94a6fdc44'))
2026-09-01 18:06:37,452 INFO sqlalchemy.engine.Engine COMMIT
INFO:     127.0.0.1:60351 - "GET /api/v1/patients HTTP/1.1" 200 OK
2026-09-01 18:06:49,215 INFO sqlalchemy.engine.Engine BEGIN (implicit)
2026-09-01 18:06:49,217 INFO sqlalchemy.engine.Engine SELECT users.id, users.practice_id, users.clerk_id, users.email, users.name, users.role, users.phone, users.is_active, users.permissions, users.is_platform_admin, users.created_at, users.updated_at 
FROM users 
WHERE users.clerk_id = $1::VARCHAR
2026-09-01 18:06:49,217 INFO sqlalchemy.engine.Engine [cached since 111.8s ago] ('user_3IJjXjFLcG4qaagJWxQnHqHoXEr',)
2026-09-01 18:06:49,220 INFO sqlalchemy.engine.Engine SELECT users.id, users.practice_id, users.clerk_id, users.email, users.name, users.role, users.phone, users.is_active, users.permissions, users.is_platform_admin, users.created_at, users.updated_at 
FROM users 
WHERE users.id = $1::UUID AND users.practice_id = $2::UUID AND users.role != $3::userrole
2026-09-01 18:06:49,221 INFO sqlalchemy.engine.Engine [cached since 15.88s ago] (UUID('7a8e4484-f378-4080-bd7f-e1a399b2254e'), UUID('4d1123f3-3ba2-42f3-b584-a5009c7b3e39'), 'OWNER')
2026-09-01 18:06:49,223 INFO sqlalchemy.engine.Engine ROLLBACK
INFO:     127.0.0.1:60377 - "GET /api/v1/staff-messages/me HTTP/1.1" 404 Not Found
2026-09-01 18:06:50,986 INFO sqlalchemy.engine.Engine BEGIN (implicit)
2026-09-01 18:06:50,988 INFO sqlalchemy.engine.Engine SELECT users.id, users.practice_id, users.clerk_id, users.email, users.name, users.role, users.phone, users.is_active, users.permissions, users.is_platform_admin, users.created_at, users.updated_at 
FROM users 
WHERE users.clerk_id = $1::VARCHAR
2026-09-01 18:06:50,988 INFO sqlalchemy.engine.Engine [cached since 113.5s ago] ('user_3IJjXjFLcG4qaagJWxQnHqHoXEr',)
2026-09-01 18:06:50,993 INFO sqlalchemy.engine.Engine SELECT patients.id, patients.practice_id, patients.first_name, patients.last_name, patients.email, patients.phone, patients.date_of_birth, patients.medical_history, patients.consent_status, patients.plan_type, patients.chief_complaint, patients.needs_surgery, patients.ai_agent_assigned, patients.agent_status, patients.agent_cost, patients.lifecycle_stage, patients.lost_reason, patients.source, patients.portal_token, patients.portal_enabled, patients.created_at, patients.updated_at 
FROM patients 
WHERE patients.practice_id = $1::UUID ORDER BY patients.created_at DESC
2026-09-01 18:06:50,994 INFO sqlalchemy.engine.Engine [cached since 113.5s ago] (UUID('4d1123f3-3ba2-42f3-b584-a5009c7b3e39'),)
2026-09-01 18:06:51,006 INFO sqlalchemy.engine.Engine SELECT DISTINCT appointments.patient_id 
FROM appointments 
WHERE appointments.practice_id = $1::UUID AND appointments.patient_id IN ($4::UUID, $5::UUID) AND appointments.start_time >= $2::TIMESTAMP WITH TIME ZONE AND appointments.status != $3::appointmentstatus
2026-09-01 18:06:51,007 INFO sqlalchemy.engine.Engine [cached since 113.5s ago] (UUID('4d1123f3-3ba2-42f3-b584-a5009c7b3e39'), datetime.datetime(2026, 9, 1, 13, 6, 51, 5861, tzinfo=datetime.timezone.utc), 'CANCELLED', UUID('3e6dd1dd-e2aa-46ae-bae4-b64c75f7bafe'), UUID('c4a9ef0d-7c8d-4da9-aaf7-e9e94a6fdc44'))
2026-09-01 18:06:51,019 INFO sqlalchemy.engine.Engine SELECT DISTINCT appointments.patient_id 
FROM appointments 
WHERE appointments.practice_id = $1::UUID AND appointments.patient_id IN ($3::UUID, $4::UUID) AND appointments.status = $2::appointmentstatus
2026-09-01 18:06:51,020 INFO sqlalchemy.engine.Engine [cached since 113.5s ago] (UUID('4d1123f3-3ba2-42f3-b584-a5009c7b3e39'), 'COMPLETED', UUID('3e6dd1dd-e2aa-46ae-bae4-b64c75f7bafe'), UUID('c4a9ef0d-7c8d-4da9-aaf7-e9e94a6fdc44'))
2026-09-01 18:06:51,023 INFO sqlalchemy.engine.Engine COMMIT
INFO:     127.0.0.1:60377 - "GET /api/v1/patients HTTP/1.1" 200 OK
2026-09-01 18:08:08,652 INFO sqlalchemy.engine.Engine BEGIN (implicit)
2026-09-01 18:08:08,653 INFO sqlalchemy.engine.Engine SELECT users.id, users.practice_id, users.clerk_id, users.email, users.name, users.role, users.phone, users.is_active, users.permissions, users.is_platform_admin, users.created_at, users.updated_at 
FROM users 
WHERE users.clerk_id = $1::VARCHAR
2026-09-01 18:08:08,654 INFO sqlalchemy.engine.Engine [cached since 191.2s ago] ('user_3IJjXjFLcG4qaagJWxQnHqHoXEr',)
2026-09-01 18:08:08,757 INFO sqlalchemy.engine.Engine BEGIN (implicit)
2026-09-01 18:08:08,759 INFO sqlalchemy.engine.Engine SELECT users.id, users.practice_id, users.clerk_id, users.email, users.name, users.role, users.phone, users.is_active, users.permissions, users.is_platform_admin, users.created_at, users.updated_at 
FROM users 
WHERE users.clerk_id = $1::VARCHAR
2026-09-01 18:08:08,760 INFO sqlalchemy.engine.Engine [cached since 191.3s ago] ('user_3IJjXjFLcG4qaagJWxQnHqHoXEr',)
INFO:     127.0.0.1:60446 - "OPTIONS /api/v1/staff HTTP/1.1" 200 OK
2026-09-01 18:08:08,767 INFO sqlalchemy.engine.Engine SELECT practices.id, practices.name, practices.email, practices.phone, practices.address, practices.timezone, practices.settings, practices.created_at, practices.updated_at 
FROM practices 
WHERE practices.id = $1::UUID
2026-09-01 18:08:08,769 INFO sqlalchemy.engine.Engine [cached since 172.3s ago] (UUID('4d1123f3-3ba2-42f3-b584-a5009c7b3e39'),)
2026-09-01 18:08:08,772 INFO sqlalchemy.engine.Engine SELECT patients.id, patients.practice_id, patients.first_name, patients.last_name, patients.email, patients.phone, patients.date_of_birth, patients.medical_history, patients.consent_status, patients.plan_type, patients.chief_complaint, patients.needs_surgery, patients.ai_agent_assigned, patients.agent_status, patients.agent_cost, patients.lifecycle_stage, patients.lost_reason, patients.source, patients.portal_token, patients.portal_enabled, patients.created_at, patients.updated_at 
FROM patients 
WHERE patients.practice_id = $1::UUID ORDER BY patients.created_at DESC
2026-09-01 18:08:08,773 INFO sqlalchemy.engine.Engine [cached since 191.3s ago] (UUID('4d1123f3-3ba2-42f3-b584-a5009c7b3e39'),)
2026-09-01 18:08:08,854 INFO sqlalchemy.engine.Engine BEGIN (implicit)
2026-09-01 18:08:08,855 INFO sqlalchemy.engine.Engine SELECT users.id, users.practice_id, users.clerk_id, users.email, users.name, users.role, users.phone, users.is_active, users.permissions, users.is_platform_admin, users.created_at, users.updated_at 
FROM users 
WHERE users.clerk_id = $1::VARCHAR
2026-09-01 18:08:08,855 INFO sqlalchemy.engine.Engine [cached since 191.4s ago] ('user_3IJjXjFLcG4qaagJWxQnHqHoXEr',)
2026-09-01 18:08:08,858 INFO sqlalchemy.engine.Engine SELECT DISTINCT appointments.patient_id 
FROM appointments 
WHERE appointments.practice_id = $1::UUID AND appointments.patient_id IN ($4::UUID, $5::UUID) AND appointments.start_time >= $2::TIMESTAMP WITH TIME ZONE AND appointments.status != $3::appointmentstatus
2026-09-01 18:08:08,859 INFO sqlalchemy.engine.Engine [cached since 191.3s ago] (UUID('4d1123f3-3ba2-42f3-b584-a5009c7b3e39'), datetime.datetime(2026, 9, 1, 13, 8, 8, 857531, tzinfo=datetime.timezone.utc), 'CANCELLED', UUID('3e6dd1dd-e2aa-46ae-bae4-b64c75f7bafe'), UUID('c4a9ef0d-7c8d-4da9-aaf7-e9e94a6fdc44'))
2026-09-01 18:08:08,861 INFO sqlalchemy.engine.Engine SELECT subscriptions.id, subscriptions.practice_id, subscriptions.stripe_subscription_id, subscriptions.tier, subscriptions.status, subscriptions.price, subscriptions.start_date, subscriptions.end_date, subscriptions.auto_renew, subscriptions.created_at, subscriptions.updated_at 
FROM subscriptions 
WHERE subscriptions.practice_id = $1::UUID AND subscriptions.status IN ($2::subscriptionstatus, $3::subscriptionstatus) ORDER BY subscriptions.created_at DESC
2026-09-01 18:08:08,862 INFO sqlalchemy.engine.Engine [cached since 172.4s ago] (UUID('4d1123f3-3ba2-42f3-b584-a5009c7b3e39'), 'ACTIVE', 'TRIAL')
2026-09-01 18:08:08,864 INFO sqlalchemy.engine.Engine SELECT DISTINCT appointments.patient_id 
FROM appointments 
WHERE appointments.practice_id = $1::UUID AND appointments.patient_id IN ($3::UUID, $4::UUID) AND appointments.status = $2::appointmentstatus
2026-09-01 18:08:08,865 INFO sqlalchemy.engine.Engine [cached since 191.3s ago] (UUID('4d1123f3-3ba2-42f3-b584-a5009c7b3e39'), 'COMPLETED', UUID('3e6dd1dd-e2aa-46ae-bae4-b64c75f7bafe'), UUID('c4a9ef0d-7c8d-4da9-aaf7-e9e94a6fdc44'))
2026-09-01 18:08:08,868 INFO sqlalchemy.engine.Engine SELECT users.id, users.practice_id, users.clerk_id, users.email, users.name, users.role, users.phone, users.is_active, users.permissions, users.is_platform_admin, users.created_at, users.updated_at 
FROM users 
WHERE users.practice_id = $1::UUID AND users.role = $2::userrole ORDER BY users.created_at DESC
2026-09-01 18:08:08,868 INFO sqlalchemy.engine.Engine [generated in 0.00069s] (UUID('4d1123f3-3ba2-42f3-b584-a5009c7b3e39'), 'RECEPTIONIST')
2026-09-01 18:08:08,870 INFO sqlalchemy.engine.Engine COMMIT
INFO:     127.0.0.1:60445 - "GET /api/v1/patients HTTP/1.1" 200 OK
2026-09-01 18:08:08,875 INFO sqlalchemy.engine.Engine COMMIT
INFO:     127.0.0.1:60446 - "GET /api/v1/staff HTTP/1.1" 200 OK
2026-09-01 18:08:08,887 INFO sqlalchemy.engine.Engine SELECT subscriptions.id, subscriptions.practice_id, subscriptions.stripe_subscription_id, subscriptions.tier, subscriptions.status, subscriptions.price, subscriptions.start_date, subscriptions.end_date, subscriptions.auto_renew, subscriptions.created_at, subscriptions.updated_at 
FROM subscriptions 
WHERE subscriptions.practice_id = $1::UUID AND subscriptions.status IN ($2::subscriptionstatus, $3::subscriptionstatus) ORDER BY subscriptions.created_at DESC
2026-09-01 18:08:08,888 INFO sqlalchemy.engine.Engine [cached since 172.4s ago] (UUID('4d1123f3-3ba2-42f3-b584-a5009c7b3e39'), 'ACTIVE', 'TRIAL')
2026-09-01 18:08:08,890 INFO sqlalchemy.engine.Engine COMMIT
INFO:     127.0.0.1:60444 - "GET /api/v1/practice/me HTTP/1.1" 200 OK
2026-09-01 18:08:14,560 INFO sqlalchemy.engine.Engine BEGIN (implicit)
2026-09-01 18:08:14,561 INFO sqlalchemy.engine.Engine SELECT users.id, users.practice_id, users.clerk_id, users.email, users.name, users.role, users.phone, users.is_active, users.permissions, users.is_platform_admin, users.created_at, users.updated_at 
FROM users 
WHERE users.clerk_id = $1::VARCHAR
2026-09-01 18:08:14,562 INFO sqlalchemy.engine.Engine [cached since 197.1s ago] ('user_3IJjXjFLcG4qaagJWxQnHqHoXEr',)
2026-09-01 18:08:14,564 INFO sqlalchemy.engine.Engine SELECT users.id, users.practice_id, users.clerk_id, users.email, users.name, users.role, users.phone, users.is_active, users.permissions, users.is_platform_admin, users.created_at, users.updated_at 
FROM users 
WHERE users.practice_id = $1::UUID AND users.role = $2::userrole ORDER BY users.created_at DESC
2026-09-01 18:08:14,565 INFO sqlalchemy.engine.Engine [cached since 5.697s ago] (UUID('4d1123f3-3ba2-42f3-b584-a5009c7b3e39'), 'RECEPTIONIST')
2026-09-01 18:08:14,567 INFO sqlalchemy.engine.Engine COMMIT
INFO:     127.0.0.1:60444 - "GET /api/v1/staff HTTP/1.1" 200 OK
2026-09-01 18:08:56,906 INFO sqlalchemy.engine.Engine BEGIN (implicit)
2026-09-01 18:08:56,907 INFO sqlalchemy.engine.Engine SELECT users.id, users.practice_id, users.clerk_id, users.email, users.name, users.role, users.phone, users.is_active, users.permissions, users.is_platform_admin, users.created_at, users.updated_at 
FROM users 
WHERE users.clerk_id = $1::VARCHAR
2026-09-01 18:08:56,907 INFO sqlalchemy.engine.Engine [cached since 239.4s ago] ('user_3IJjXjFLcG4qaagJWxQnHqHoXEr',)
2026-09-01 18:09:00,976 INFO sqlalchemy.engine.Engine ROLLBACK
INFO:     127.0.0.1:60468 - "POST /api/v1/staff HTTP/1.1" 400 Bad Request
2026-09-01 18:09:52,874 INFO sqlalchemy.engine.Engine BEGIN (implicit)
2026-09-01 18:09:52,875 INFO sqlalchemy.engine.Engine SELECT users.id, users.practice_id, users.clerk_id, users.email, users.name, users.role, users.phone, users.is_active, users.permissions, users.is_platform_admin, users.created_at, users.updated_at 
FROM users 
WHERE users.clerk_id = $1::VARCHAR
2026-09-01 18:09:52,876 INFO sqlalchemy.engine.Engine [cached since 295.4s ago] ('user_3IJjXjFLcG4qaagJWxQnHqHoXEr',)
2026-09-01 18:09:54,207 INFO sqlalchemy.engine.Engine ROLLBACK
INFO:     127.0.0.1:60502 - "POST /api/v1/staff HTTP/1.1" 400 Bad Request
INFO:     127.0.0.1:60921 - "OPTIONS /api/v1/patients HTTP/1.1" 200 OK
INFO:     127.0.0.1:60922 - "OPTIONS /api/v1/doctors HTTP/1.1" 200 OK
INFO:     127.0.0.1:60923 - "OPTIONS /api/v1/appointments?scope=practice HTTP/1.1" 200 OK
2026-09-01 18:17:00,391 INFO sqlalchemy.engine.Engine BEGIN (implicit)
2026-09-01 18:17:00,393 INFO sqlalchemy.engine.Engine SELECT users.id, users.practice_id, users.clerk_id, users.email, users.name, users.role, users.phone, users.is_active, users.permissions, users.is_platform_admin, users.created_at, users.updated_at 
FROM users 
WHERE users.clerk_id = $1::VARCHAR
2026-09-01 18:17:00,398 INFO sqlalchemy.engine.Engine [cached since 722.9s ago] ('user_3IJjXjFLcG4qaagJWxQnHqHoXEr',)
2026-09-01 18:17:00,646 INFO sqlalchemy.engine.Engine BEGIN (implicit)
2026-09-01 18:17:00,649 INFO sqlalchemy.engine.Engine SELECT users.id, users.practice_id, users.clerk_id, users.email, users.name, users.role, users.phone, users.is_active, users.permissions, users.is_platform_admin, users.created_at, users.updated_at 
FROM users 
WHERE users.clerk_id = $1::VARCHAR
2026-09-01 18:17:00,650 INFO sqlalchemy.engine.Engine [cached since 723.2s ago] ('user_3IJjXjFLcG4qaagJWxQnHqHoXEr',)
2026-09-01 18:17:01,564 INFO sqlalchemy.engine.Engine BEGIN (implicit)
2026-09-01 18:17:01,566 INFO sqlalchemy.engine.Engine SELECT users.id, users.practice_id, users.clerk_id, users.email, users.name, users.role, users.phone, users.is_active, users.permissions, users.is_platform_admin, users.created_at, users.updated_at 
FROM users 
WHERE users.clerk_id = $1::VARCHAR
2026-09-01 18:17:01,568 INFO sqlalchemy.engine.Engine [cached since 724.1s ago] ('user_3IJjXjFLcG4qaagJWxQnHqHoXEr',)
2026-09-01 18:17:01,572 INFO sqlalchemy.engine.Engine SELECT patients.id, patients.practice_id, patients.first_name, patients.last_name, patients.email, patients.phone, patients.date_of_birth, patients.medical_history, patients.consent_status, patients.plan_type, patients.chief_complaint, patients.needs_surgery, patients.ai_agent_assigned, patients.agent_status, patients.agent_cost, patients.lifecycle_stage, patients.lost_reason, patients.source, patients.portal_token, patients.portal_enabled, patients.created_at, patients.updated_at 
FROM patients 
WHERE patients.practice_id = $1::UUID ORDER BY patients.created_at DESC
2026-09-01 18:17:01,573 INFO sqlalchemy.engine.Engine [cached since 724.1s ago] (UUID('4d1123f3-3ba2-42f3-b584-a5009c7b3e39'),)
2026-09-01 18:17:01,580 INFO sqlalchemy.engine.Engine SELECT doctors.id, doctors.practice_id, doctors.user_id, doctors.name, doctors.email, doctors.phone, doctors.specialty, doctors.license_number, doctors.bio, doctors.photo_url, doctors.capabilities, doctors.permissions, doctors.is_active, doctors.created_at, doctors.updated_at 
FROM doctors 
WHERE doctors.practice_id = $1::UUID ORDER BY doctors.created_at DESC
2026-09-01 18:17:01,582 INFO sqlalchemy.engine.Engine [cached since 635.8s ago] (UUID('4d1123f3-3ba2-42f3-b584-a5009c7b3e39'),)
2026-09-01 18:17:01,599 INFO sqlalchemy.engine.Engine SELECT appointments.id, appointments.practice_id, appointments.patient_id, appointments.doctor_id, appointments.appointment_type, appointments.status, appointments.start_time, appointments.end_time, appointments.checked_in_at, appointments.notes, appointments.created_at, appointments.updated_at, patients.id AS id_1, patients.practice_id AS practice_id_1, patients.first_name, patients.last_name, patients.email, patients.phone, patients.date_of_birth, patients.medical_history, patients.consent_status, patients.plan_type, patients.chief_complaint, patients.needs_surgery, patients.ai_agent_assigned, patients.agent_status, patients.agent_cost, patients.lifecycle_stage, patients.lost_reason, patients.source, patients.portal_token, patients.portal_enabled, patients.created_at AS created_at_1, patients.updated_at AS updated_at_1 
FROM appointments JOIN patients ON patients.id = appointments.patient_id 
WHERE appointments.practice_id = $1::UUID ORDER BY appointments.start_time
2026-09-01 18:17:01,600 INFO sqlalchemy.engine.Engine [generated in 0.00113s] (UUID('4d1123f3-3ba2-42f3-b584-a5009c7b3e39'),)
2026-09-01 18:17:01,603 INFO sqlalchemy.engine.Engine SELECT DISTINCT appointments.patient_id 
FROM appointments 
WHERE appointments.practice_id = $1::UUID AND appointments.patient_id IN ($4::UUID, $5::UUID) AND appointments.start_time >= $2::TIMESTAMP WITH TIME ZONE AND appointments.status != $3::appointmentstatus
2026-09-01 18:17:01,604 INFO sqlalchemy.engine.Engine [cached since 724.1s ago] (UUID('4d1123f3-3ba2-42f3-b584-a5009c7b3e39'), datetime.datetime(2026, 9, 1, 13, 17, 1, 602303, tzinfo=datetime.timezone.utc), 'CANCELLED', UUID('3e6dd1dd-e2aa-46ae-bae4-b64c75f7bafe'), UUID('c4a9ef0d-7c8d-4da9-aaf7-e9e94a6fdc44'))
2026-09-01 18:17:01,613 INFO sqlalchemy.engine.Engine COMMIT
2026-09-01 18:17:01,620 INFO sqlalchemy.engine.Engine SELECT DISTINCT appointments.patient_id 
FROM appointments 
WHERE appointments.practice_id = $1::UUID AND appointments.patient_id IN ($3::UUID, $4::UUID) AND appointments.status = $2::appointmentstatus
2026-09-01 18:17:01,621 INFO sqlalchemy.engine.Engine [cached since 724.1s ago] (UUID('4d1123f3-3ba2-42f3-b584-a5009c7b3e39'), 'COMPLETED', UUID('3e6dd1dd-e2aa-46ae-bae4-b64c75f7bafe'), UUID('c4a9ef0d-7c8d-4da9-aaf7-e9e94a6fdc44'))
2026-09-01 18:17:01,629 INFO sqlalchemy.engine.Engine COMMIT
INFO:     127.0.0.1:60924 - "GET /api/v1/doctors HTTP/1.1" 200 OK
INFO:     127.0.0.1:60923 - "GET /api/v1/patients HTTP/1.1" 200 OK
2026-09-01 18:17:01,640 INFO sqlalchemy.engine.Engine COMMIT
INFO:     127.0.0.1:60925 - "GET /api/v1/appointments?scope=practice HTTP/1.1" 200 OK
INFO:     127.0.0.1:60925 - "OPTIONS /api/v1/staff-messages/threads HTTP/1.1" 200 OK
2026-09-01 18:17:04,182 INFO sqlalchemy.engine.Engine BEGIN (implicit)
2026-09-01 18:17:04,184 INFO sqlalchemy.engine.Engine SELECT users.id, users.practice_id, users.clerk_id, users.email, users.name, users.role, users.phone, users.is_active, users.permissions, users.is_platform_admin, users.created_at, users.updated_at 
FROM users 
WHERE users.clerk_id = $1::VARCHAR
2026-09-01 18:17:04,184 INFO sqlalchemy.engine.Engine [cached since 726.7s ago] ('user_3IJjXjFLcG4qaagJWxQnHqHoXEr',)
2026-09-01 18:17:04,193 INFO sqlalchemy.engine.Engine SELECT users.id, users.practice_id, users.clerk_id, users.email, users.name, users.role, users.phone, users.is_active, users.permissions, users.is_platform_admin, users.created_at, users.updated_at 
FROM users 
WHERE users.practice_id = $1::UUID AND users.role != $2::userrole AND users.is_active = true
2026-09-01 18:17:04,195 INFO sqlalchemy.engine.Engine [generated in 0.00215s] (UUID('4d1123f3-3ba2-42f3-b584-a5009c7b3e39'), 'OWNER')
2026-09-01 18:17:04,204 INFO sqlalchemy.engine.Engine COMMIT
INFO:     127.0.0.1:60925 - "GET /api/v1/staff-messages/threads HTTP/1.1" 200 OK
2026-09-01 18:17:10,286 INFO sqlalchemy.engine.Engine BEGIN (implicit)
2026-09-01 18:17:10,289 INFO sqlalchemy.engine.Engine SELECT users.id, users.practice_id, users.clerk_id, users.email, users.name, users.role, users.phone, users.is_active, users.permissions, users.is_platform_admin, users.created_at, users.updated_at 
FROM users 
WHERE users.clerk_id = $1::VARCHAR
2026-09-01 18:17:10,290 INFO sqlalchemy.engine.Engine [cached since 732.8s ago] ('user_3IJjXjFLcG4qaagJWxQnHqHoXEr',)
2026-09-01 18:17:10,295 INFO sqlalchemy.engine.Engine SELECT patients.id, patients.practice_id, patients.first_name, patients.last_name, patients.email, patients.phone, patients.date_of_birth, patients.medical_history, patients.consent_status, patients.plan_type, patients.chief_complaint, patients.needs_surgery, patients.ai_agent_assigned, patients.agent_status, patients.agent_cost, patients.lifecycle_stage, patients.lost_reason, patients.source, patients.portal_token, patients.portal_enabled, patients.created_at, patients.updated_at 
FROM patients 
WHERE patients.practice_id = $1::UUID ORDER BY patients.created_at DESC
2026-09-01 18:17:10,297 INFO sqlalchemy.engine.Engine [cached since 732.8s ago] (UUID('4d1123f3-3ba2-42f3-b584-a5009c7b3e39'),)
2026-09-01 18:17:10,303 INFO sqlalchemy.engine.Engine SELECT DISTINCT appointments.patient_id 
FROM appointments 
WHERE appointments.practice_id = $1::UUID AND appointments.patient_id IN ($4::UUID, $5::UUID) AND appointments.start_time >= $2::TIMESTAMP WITH TIME ZONE AND appointments.status != $3::appointmentstatus
2026-09-01 18:17:10,305 INFO sqlalchemy.engine.Engine [cached since 732.8s ago] (UUID('4d1123f3-3ba2-42f3-b584-a5009c7b3e39'), datetime.datetime(2026, 9, 1, 13, 17, 10, 302250, tzinfo=datetime.timezone.utc), 'CANCELLED', UUID('3e6dd1dd-e2aa-46ae-bae4-b64c75f7bafe'), UUID('c4a9ef0d-7c8d-4da9-aaf7-e9e94a6fdc44'))
2026-09-01 18:17:10,309 INFO sqlalchemy.engine.Engine SELECT DISTINCT appointments.patient_id 
FROM appointments 
WHERE appointments.practice_id = $1::UUID AND appointments.patient_id IN ($3::UUID, $4::UUID) AND appointments.status = $2::appointmentstatus
2026-09-01 18:17:10,310 INFO sqlalchemy.engine.Engine [cached since 732.8s ago] (UUID('4d1123f3-3ba2-42f3-b584-a5009c7b3e39'), 'COMPLETED', UUID('3e6dd1dd-e2aa-46ae-bae4-b64c75f7bafe'), UUID('c4a9ef0d-7c8d-4da9-aaf7-e9e94a6fdc44'))
2026-09-01 18:17:10,314 INFO sqlalchemy.engine.Engine COMMIT
INFO:     127.0.0.1:60967 - "GET /api/v1/patients HTTP/1.1" 200 OK
INFO:     127.0.0.1:60967 - "OPTIONS /api/v1/practice/doctor-signup-code HTTP/1.1" 200 OK
2026-09-01 18:17:14,490 INFO sqlalchemy.engine.Engine BEGIN (implicit)
2026-09-01 18:17:14,492 INFO sqlalchemy.engine.Engine SELECT users.id, users.practice_id, users.clerk_id, users.email, users.name, users.role, users.phone, users.is_active, users.permissions, users.is_platform_admin, users.created_at, users.updated_at 
FROM users 
WHERE users.clerk_id = $1::VARCHAR
2026-09-01 18:17:14,493 INFO sqlalchemy.engine.Engine [cached since 737s ago] ('user_3IJjXjFLcG4qaagJWxQnHqHoXEr',)
2026-09-01 18:17:14,585 INFO sqlalchemy.engine.Engine BEGIN (implicit)
2026-09-01 18:17:14,588 INFO sqlalchemy.engine.Engine SELECT users.id, users.practice_id, users.clerk_id, users.email, users.name, users.role, users.phone, users.is_active, users.permissions, users.is_platform_admin, users.created_at, users.updated_at 
FROM users 
WHERE users.clerk_id = $1::VARCHAR
2026-09-01 18:17:14,590 INFO sqlalchemy.engine.Engine [cached since 737.1s ago] ('user_3IJjXjFLcG4qaagJWxQnHqHoXEr',)
2026-09-01 18:17:14,593 INFO sqlalchemy.engine.Engine SELECT doctors.id, doctors.practice_id, doctors.user_id, doctors.name, doctors.email, doctors.phone, doctors.specialty, doctors.license_number, doctors.bio, doctors.photo_url, doctors.capabilities, doctors.permissions, doctors.is_active, doctors.created_at, doctors.updated_at 
FROM doctors 
WHERE doctors.practice_id = $1::UUID ORDER BY doctors.created_at DESC
2026-09-01 18:17:14,594 INFO sqlalchemy.engine.Engine [cached since 648.8s ago] (UUID('4d1123f3-3ba2-42f3-b584-a5009c7b3e39'),)
2026-09-01 18:17:14,603 INFO sqlalchemy.engine.Engine SELECT practices.id, practices.name, practices.email, practices.phone, practices.address, practices.timezone, practices.settings, practices.created_at, practices.updated_at 
FROM practices 
WHERE practices.id = $1::UUID
2026-09-01 18:17:14,605 INFO sqlalchemy.engine.Engine [cached since 718.1s ago] (UUID('4d1123f3-3ba2-42f3-b584-a5009c7b3e39'),)
2026-09-01 18:17:14,609 INFO sqlalchemy.engine.Engine COMMIT
INFO:     127.0.0.1:60972 - "GET /api/v1/doctors HTTP/1.1" 200 OK
2026-09-01 18:17:14,653 INFO sqlalchemy.engine.Engine SELECT subscriptions.id, subscriptions.practice_id, subscriptions.stripe_subscription_id, subscriptions.tier, subscriptions.status, subscriptions.price, subscriptions.start_date, subscriptions.end_date, subscriptions.auto_renew, subscriptions.created_at, subscriptions.updated_at 
FROM subscriptions 
WHERE subscriptions.practice_id = $1::UUID AND subscriptions.status IN ($2::subscriptionstatus, $3::subscriptionstatus) ORDER BY subscriptions.created_at DESC
2026-09-01 18:17:14,656 INFO sqlalchemy.engine.Engine [cached since 718.2s ago] (UUID('4d1123f3-3ba2-42f3-b584-a5009c7b3e39'), 'ACTIVE', 'TRIAL')
2026-09-01 18:17:14,717 INFO sqlalchemy.engine.Engine COMMIT
INFO:     127.0.0.1:60967 - "GET /api/v1/practice/doctor-signup-code HTTP/1.1" 200 OK
2026-09-01 18:21:02,491 INFO sqlalchemy.engine.Engine BEGIN (implicit)
2026-09-01 18:21:02,493 INFO sqlalchemy.engine.Engine SELECT users.id, users.practice_id, users.clerk_id, users.email, users.name, users.role, users.phone, users.is_active, users.permissions, users.is_platform_admin, users.created_at, users.updated_at 
FROM users 
WHERE users.clerk_id = $1::VARCHAR
2026-09-01 18:21:02,494 INFO sqlalchemy.engine.Engine [cached since 965s ago] ('user_3IJjXjFLcG4qaagJWxQnHqHoXEr',)
2026-09-01 18:21:02,501 INFO sqlalchemy.engine.Engine SELECT doctors.id, doctors.practice_id, doctors.user_id, doctors.name, doctors.email, doctors.phone, doctors.specialty, doctors.license_number, doctors.bio, doctors.photo_url, doctors.capabilities, doctors.permissions, doctors.is_active, doctors.created_at, doctors.updated_at 
FROM doctors 
WHERE doctors.practice_id = $1::UUID ORDER BY doctors.created_at DESC
2026-09-01 18:21:02,503 INFO sqlalchemy.engine.Engine [cached since 876.8s ago] (UUID('4d1123f3-3ba2-42f3-b584-a5009c7b3e39'),)
2026-09-01 18:21:02,508 INFO sqlalchemy.engine.Engine COMMIT
INFO:     127.0.0.1:61157 - "GET /api/v1/doctors HTTP/1.1" 200 OK
INFO:     127.0.0.1:61159 - "OPTIONS /api/v1/patients HTTP/1.1" 200 OK
2026-09-01 18:21:08,115 INFO sqlalchemy.engine.Engine BEGIN (implicit)
2026-09-01 18:21:08,116 INFO sqlalchemy.engine.Engine SELECT users.id, users.practice_id, users.clerk_id, users.email, users.name, users.role, users.phone, users.is_active, users.permissions, users.is_platform_admin, users.created_at, users.updated_at 
FROM users 
WHERE users.clerk_id = $1::VARCHAR
2026-09-01 18:21:08,117 INFO sqlalchemy.engine.Engine [cached since 970.7s ago] ('user_3IicvcuP58t66e3ZoMBDNMC3UnJ',)
2026-09-01 18:21:08,121 INFO sqlalchemy.engine.Engine ROLLBACK
INFO:     127.0.0.1:61159 - "GET /api/v1/patients HTTP/1.1" 401 Unauthorized
INFO:     127.0.0.1:61162 - "OPTIONS /api/v1/staff HTTP/1.1" 200 OK
2026-09-01 18:21:11,494 INFO sqlalchemy.engine.Engine BEGIN (implicit)
2026-09-01 18:21:11,495 INFO sqlalchemy.engine.Engine SELECT users.id, users.practice_id, users.clerk_id, users.email, users.name, users.role, users.phone, users.is_active, users.permissions, users.is_platform_admin, users.created_at, users.updated_at 
FROM users 
WHERE users.clerk_id = $1::VARCHAR
2026-09-01 18:21:11,496 INFO sqlalchemy.engine.Engine [cached since 974s ago] ('user_3IJjXjFLcG4qaagJWxQnHqHoXEr',)
2026-09-01 18:21:11,567 INFO sqlalchemy.engine.Engine BEGIN (implicit)
2026-09-01 18:21:11,568 INFO sqlalchemy.engine.Engine SELECT users.id, users.practice_id, users.clerk_id, users.email, users.name, users.role, users.phone, users.is_active, users.permissions, users.is_platform_admin, users.created_at, users.updated_at 
FROM users 
WHERE users.clerk_id = $1::VARCHAR
2026-09-01 18:21:11,570 INFO sqlalchemy.engine.Engine [cached since 974.1s ago] ('user_3IJjXjFLcG4qaagJWxQnHqHoXEr',)
2026-09-01 18:21:11,576 INFO sqlalchemy.engine.Engine SELECT patients.id, patients.practice_id, patients.first_name, patients.last_name, patients.email, patients.phone, patients.date_of_birth, patients.medical_history, patients.consent_status, patients.plan_type, patients.chief_complaint, patients.needs_surgery, patients.ai_agent_assigned, patients.agent_status, patients.agent_cost, patients.lifecycle_stage, patients.lost_reason, patients.source, patients.portal_token, patients.portal_enabled, patients.created_at, patients.updated_at 
FROM patients 
WHERE patients.practice_id = $1::UUID ORDER BY patients.created_at DESC
2026-09-01 18:21:11,578 INFO sqlalchemy.engine.Engine [cached since 974.1s ago] (UUID('4d1123f3-3ba2-42f3-b584-a5009c7b3e39'),)
2026-09-01 18:21:11,584 INFO sqlalchemy.engine.Engine SELECT users.id, users.practice_id, users.clerk_id, users.email, users.name, users.role, users.phone, users.is_active, users.permissions, users.is_platform_admin, users.created_at, users.updated_at 
FROM users 
WHERE users.practice_id = $1::UUID AND users.role = $2::userrole ORDER BY users.created_at DESC
2026-09-01 18:21:11,585 INFO sqlalchemy.engine.Engine [cached since 782.7s ago] (UUID('4d1123f3-3ba2-42f3-b584-a5009c7b3e39'), 'RECEPTIONIST')
2026-09-01 18:21:11,591 INFO sqlalchemy.engine.Engine SELECT DISTINCT appointments.patient_id 
FROM appointments 
WHERE appointments.practice_id = $1::UUID AND appointments.patient_id IN ($4::UUID, $5::UUID) AND appointments.start_time >= $2::TIMESTAMP WITH TIME ZONE AND appointments.status != $3::appointmentstatus
2026-09-01 18:21:11,594 INFO sqlalchemy.engine.Engine [cached since 974.1s ago] (UUID('4d1123f3-3ba2-42f3-b584-a5009c7b3e39'), datetime.datetime(2026, 9, 1, 13, 21, 11, 588594, tzinfo=datetime.timezone.utc), 'CANCELLED', UUID('3e6dd1dd-e2aa-46ae-bae4-b64c75f7bafe'), UUID('c4a9ef0d-7c8d-4da9-aaf7-e9e94a6fdc44'))
2026-09-01 18:21:11,599 INFO sqlalchemy.engine.Engine SELECT DISTINCT appointments.patient_id 
FROM appointments 
WHERE appointments.practice_id = $1::UUID AND appointments.patient_id IN ($3::UUID, $4::UUID) AND appointments.status = $2::appointmentstatus
2026-09-01 18:21:11,600 INFO sqlalchemy.engine.Engine [cached since 974.1s ago] (UUID('4d1123f3-3ba2-42f3-b584-a5009c7b3e39'), 'COMPLETED', UUID('3e6dd1dd-e2aa-46ae-bae4-b64c75f7bafe'), UUID('c4a9ef0d-7c8d-4da9-aaf7-e9e94a6fdc44'))
2026-09-01 18:21:11,603 INFO sqlalchemy.engine.Engine COMMIT
INFO:     127.0.0.1:61163 - "GET /api/v1/patients HTTP/1.1" 200 OK
2026-09-01 18:21:11,615 INFO sqlalchemy.engine.Engine COMMIT
INFO:     127.0.0.1:61162 - "GET /api/v1/staff HTTP/1.1" 200 OK
2026-09-01 18:21:15,041 INFO sqlalchemy.engine.Engine BEGIN (implicit)
2026-09-01 18:21:15,043 INFO sqlalchemy.engine.Engine SELECT users.id, users.practice_id, users.clerk_id, users.email, users.name, users.role, users.phone, users.is_active, users.permissions, users.is_platform_admin, users.created_at, users.updated_at 
FROM users 
WHERE users.clerk_id = $1::VARCHAR
2026-09-01 18:21:15,044 INFO sqlalchemy.engine.Engine [cached since 977.6s ago] ('user_3IJjXjFLcG4qaagJWxQnHqHoXEr',)
INFO:     127.0.0.1:61173 - "OPTIONS /api/v1/doctors HTTP/1.1" 200 OK
2026-09-01 18:21:15,117 INFO sqlalchemy.engine.Engine BEGIN (implicit)
2026-09-01 18:21:15,119 INFO sqlalchemy.engine.Engine SELECT users.id, users.practice_id, users.clerk_id, users.email, users.name, users.role, users.phone, users.is_active, users.permissions, users.is_platform_admin, users.created_at, users.updated_at 
FROM users 
WHERE users.clerk_id = $1::VARCHAR
2026-09-01 18:21:15,120 INFO sqlalchemy.engine.Engine [cached since 977.7s ago] ('user_3IicvcuP58t66e3ZoMBDNMC3UnJ',)
2026-09-01 18:21:15,125 INFO sqlalchemy.engine.Engine SELECT patients.id, patients.practice_id, patients.first_name, patients.last_name, patients.email, patients.phone, patients.date_of_birth, patients.medical_history, patients.consent_status, patients.plan_type, patients.chief_complaint, patients.needs_surgery, patients.ai_agent_assigned, patients.agent_status, patients.agent_cost, patients.lifecycle_stage, patients.lost_reason, patients.source, patients.portal_token, patients.portal_enabled, patients.created_at, patients.updated_at 
FROM patients 
WHERE patients.practice_id = $1::UUID ORDER BY patients.created_at DESC
2026-09-01 18:21:15,126 INFO sqlalchemy.engine.Engine [cached since 977.6s ago] (UUID('4d1123f3-3ba2-42f3-b584-a5009c7b3e39'),)
2026-09-01 18:21:16,016 INFO sqlalchemy.engine.Engine BEGIN (implicit)
2026-09-01 18:21:16,018 INFO sqlalchemy.engine.Engine SELECT users.id, users.practice_id, users.clerk_id, users.email, users.name, users.role, users.phone, users.is_active, users.permissions, users.is_platform_admin, users.created_at, users.updated_at 
FROM users 
WHERE users.clerk_id = $1::VARCHAR
2026-09-01 18:21:16,020 INFO sqlalchemy.engine.Engine [cached since 978.6s ago] ('user_3IicvcuP58t66e3ZoMBDNMC3UnJ',)
2026-09-01 18:21:16,028 INFO sqlalchemy.engine.Engine SELECT DISTINCT appointments.patient_id 
FROM appointments 
WHERE appointments.practice_id = $1::UUID AND appointments.patient_id IN ($4::UUID, $5::UUID) AND appointments.start_time >= $2::TIMESTAMP WITH TIME ZONE AND appointments.status != $3::appointmentstatus
2026-09-01 18:21:16,029 INFO sqlalchemy.engine.Engine [cached since 978.5s ago] (UUID('4d1123f3-3ba2-42f3-b584-a5009c7b3e39'), datetime.datetime(2026, 9, 1, 13, 21, 16, 26619, tzinfo=datetime.timezone.utc), 'CANCELLED', UUID('3e6dd1dd-e2aa-46ae-bae4-b64c75f7bafe'), UUID('c4a9ef0d-7c8d-4da9-aaf7-e9e94a6fdc44'))
2026-09-01 18:21:16,032 INFO sqlalchemy.engine.Engine ROLLBACK
2026-09-01 18:21:16,034 INFO sqlalchemy.engine.Engine ROLLBACK
2026-09-01 18:21:16,038 INFO sqlalchemy.engine.Engine SELECT DISTINCT appointments.patient_id 
FROM appointments 
WHERE appointments.practice_id = $1::UUID AND appointments.patient_id IN ($3::UUID, $4::UUID) AND appointments.status = $2::appointmentstatus
2026-09-01 18:21:16,040 INFO sqlalchemy.engine.Engine [cached since 978.5s ago] (UUID('4d1123f3-3ba2-42f3-b584-a5009c7b3e39'), 'COMPLETED', UUID('3e6dd1dd-e2aa-46ae-bae4-b64c75f7bafe'), UUID('c4a9ef0d-7c8d-4da9-aaf7-e9e94a6fdc44'))
2026-09-01 18:21:16,045 INFO sqlalchemy.engine.Engine COMMIT
INFO:     127.0.0.1:61175 - "GET /api/v1/patients HTTP/1.1" 401 Unauthorized
INFO:     127.0.0.1:61173 - "GET /api/v1/doctors HTTP/1.1" 401 Unauthorized
INFO:     127.0.0.1:61162 - "GET /api/v1/patients HTTP/1.1" 200 OK
2026-09-01 18:24:24,556 INFO sqlalchemy.engine.Engine BEGIN (implicit)
2026-09-01 18:24:24,558 INFO sqlalchemy.engine.Engine SELECT users.id, users.practice_id, users.clerk_id, users.email, users.name, users.role, users.phone, users.is_active, users.permissions, users.is_platform_admin, users.created_at, users.updated_at 
FROM users 
WHERE users.clerk_id = $1::VARCHAR
2026-09-01 18:24:24,559 INFO sqlalchemy.engine.Engine [cached since 1167s ago] ('user_3IJjXjFLcG4qaagJWxQnHqHoXEr',)
2026-09-01 18:24:24,562 INFO sqlalchemy.engine.Engine SELECT patients.id, patients.practice_id, patients.first_name, patients.last_name, patients.email, patients.phone, patients.date_of_birth, patients.medical_history, patients.consent_status, patients.plan_type, patients.chief_complaint, patients.needs_surgery, patients.ai_agent_assigned, patients.agent_status, patients.agent_cost, patients.lifecycle_stage, patients.lost_reason, patients.source, patients.portal_token, patients.portal_enabled, patients.created_at, patients.updated_at 
FROM patients 
WHERE patients.practice_id = $1::UUID ORDER BY patients.created_at DESC
2026-09-01 18:24:24,563 INFO sqlalchemy.engine.Engine [cached since 1167s ago] (UUID('4d1123f3-3ba2-42f3-b584-a5009c7b3e39'),)
2026-09-01 18:24:24,568 INFO sqlalchemy.engine.Engine SELECT DISTINCT appointments.patient_id 
FROM appointments 
WHERE appointments.practice_id = $1::UUID AND appointments.patient_id IN ($4::UUID, $5::UUID) AND appointments.start_time >= $2::TIMESTAMP WITH TIME ZONE AND appointments.status != $3::appointmentstatus
2026-09-01 18:24:24,570 INFO sqlalchemy.engine.Engine [cached since 1167s ago] (UUID('4d1123f3-3ba2-42f3-b584-a5009c7b3e39'), datetime.datetime(2026, 9, 1, 13, 24, 24, 567601, tzinfo=datetime.timezone.utc), 'CANCELLED', UUID('3e6dd1dd-e2aa-46ae-bae4-b64c75f7bafe'), UUID('c4a9ef0d-7c8d-4da9-aaf7-e9e94a6fdc44'))
2026-09-01 18:24:24,573 INFO sqlalchemy.engine.Engine SELECT DISTINCT appointments.patient_id 
FROM appointments 
WHERE appointments.practice_id = $1::UUID AND appointments.patient_id IN ($3::UUID, $4::UUID) AND appointments.status = $2::appointmentstatus
2026-09-01 18:24:24,574 INFO sqlalchemy.engine.Engine [cached since 1167s ago] (UUID('4d1123f3-3ba2-42f3-b584-a5009c7b3e39'), 'COMPLETED', UUID('3e6dd1dd-e2aa-46ae-bae4-b64c75f7bafe'), UUID('c4a9ef0d-7c8d-4da9-aaf7-e9e94a6fdc44'))
2026-09-01 18:24:24,576 INFO sqlalchemy.engine.Engine COMMIT
INFO:     127.0.0.1:61322 - "GET /api/v1/patients HTTP/1.1" 200 OK
INFO:     127.0.0.1:61361 - "OPTIONS /api/v1/practice/me HTTP/1.1" 200 OK
2026-09-01 18:24:35,293 INFO sqlalchemy.engine.Engine BEGIN (implicit)
2026-09-01 18:24:35,294 INFO sqlalchemy.engine.Engine SELECT users.id, users.practice_id, users.clerk_id, users.email, users.name, users.role, users.phone, users.is_active, users.permissions, users.is_platform_admin, users.created_at, users.updated_at 
FROM users 
WHERE users.clerk_id = $1::VARCHAR
2026-09-01 18:24:35,295 INFO sqlalchemy.engine.Engine [cached since 1178s ago] ('user_3IJjXjFLcG4qaagJWxQnHqHoXEr',)
2026-09-01 18:24:36,228 INFO sqlalchemy.engine.Engine BEGIN (implicit)
2026-09-01 18:24:36,230 INFO sqlalchemy.engine.Engine SELECT users.id, users.practice_id, users.clerk_id, users.email, users.name, users.role, users.phone, users.is_active, users.permissions, users.is_platform_admin, users.created_at, users.updated_at 
FROM users 
WHERE users.clerk_id = $1::VARCHAR
2026-09-01 18:24:36,231 INFO sqlalchemy.engine.Engine [cached since 1179s ago] ('user_3IJjXjFLcG4qaagJWxQnHqHoXEr',)
2026-09-01 18:24:36,238 INFO sqlalchemy.engine.Engine SELECT patients.id, patients.practice_id, patients.first_name, patients.last_name, patients.email, patients.phone, patients.date_of_birth, patients.medical_history, patients.consent_status, patients.plan_type, patients.chief_complaint, patients.needs_surgery, patients.ai_agent_assigned, patients.agent_status, patients.agent_cost, patients.lifecycle_stage, patients.lost_reason, patients.source, patients.portal_token, patients.portal_enabled, patients.created_at, patients.updated_at 
FROM patients 
WHERE patients.practice_id = $1::UUID ORDER BY patients.created_at DESC
2026-09-01 18:24:36,239 INFO sqlalchemy.engine.Engine [cached since 1179s ago] (UUID('4d1123f3-3ba2-42f3-b584-a5009c7b3e39'),)
2026-09-01 18:24:36,245 INFO sqlalchemy.engine.Engine SELECT DISTINCT appointments.patient_id 
FROM appointments 
WHERE appointments.practice_id = $1::UUID AND appointments.patient_id IN ($4::UUID, $5::UUID) AND appointments.start_time >= $2::TIMESTAMP WITH TIME ZONE AND appointments.status != $3::appointmentstatus
2026-09-01 18:24:36,246 INFO sqlalchemy.engine.Engine [cached since 1179s ago] (UUID('4d1123f3-3ba2-42f3-b584-a5009c7b3e39'), datetime.datetime(2026, 9, 1, 13, 24, 36, 243360, tzinfo=datetime.timezone.utc), 'CANCELLED', UUID('3e6dd1dd-e2aa-46ae-bae4-b64c75f7bafe'), UUID('c4a9ef0d-7c8d-4da9-aaf7-e9e94a6fdc44'))
2026-09-01 18:24:36,249 INFO sqlalchemy.engine.Engine SELECT practices.id, practices.name, practices.email, practices.phone, practices.address, practices.timezone, practices.settings, practices.created_at, practices.updated_at 
FROM practices 
WHERE practices.id = $1::UUID
2026-09-01 18:24:36,249 INFO sqlalchemy.engine.Engine [cached since 1160s ago] (UUID('4d1123f3-3ba2-42f3-b584-a5009c7b3e39'),)
2026-09-01 18:24:36,254 INFO sqlalchemy.engine.Engine SELECT DISTINCT appointments.patient_id 
FROM appointments 
WHERE appointments.practice_id = $1::UUID AND appointments.patient_id IN ($3::UUID, $4::UUID) AND appointments.status = $2::appointmentstatus
2026-09-01 18:24:36,256 INFO sqlalchemy.engine.Engine [cached since 1179s ago] (UUID('4d1123f3-3ba2-42f3-b584-a5009c7b3e39'), 'COMPLETED', UUID('3e6dd1dd-e2aa-46ae-bae4-b64c75f7bafe'), UUID('c4a9ef0d-7c8d-4da9-aaf7-e9e94a6fdc44'))
2026-09-01 18:24:36,259 INFO sqlalchemy.engine.Engine SELECT subscriptions.id, subscriptions.practice_id, subscriptions.stripe_subscription_id, subscriptions.tier, subscriptions.status, subscriptions.price, subscriptions.start_date, subscriptions.end_date, subscriptions.auto_renew, subscriptions.created_at, subscriptions.updated_at 
FROM subscriptions 
WHERE subscriptions.practice_id = $1::UUID AND subscriptions.status IN ($2::subscriptionstatus, $3::subscriptionstatus) ORDER BY subscriptions.created_at DESC
2026-09-01 18:24:36,260 INFO sqlalchemy.engine.Engine [cached since 1160s ago] (UUID('4d1123f3-3ba2-42f3-b584-a5009c7b3e39'), 'ACTIVE', 'TRIAL')
2026-09-01 18:24:36,261 INFO sqlalchemy.engine.Engine COMMIT
2026-09-01 18:24:36,263 INFO sqlalchemy.engine.Engine SELECT subscriptions.id, subscriptions.practice_id, subscriptions.stripe_subscription_id, subscriptions.tier, subscriptions.status, subscriptions.price, subscriptions.start_date, subscriptions.end_date, subscriptions.auto_renew, subscriptions.created_at, subscriptions.updated_at 
FROM subscriptions 
WHERE subscriptions.practice_id = $1::UUID AND subscriptions.status IN ($2::subscriptionstatus, $3::subscriptionstatus) ORDER BY subscriptions.created_at DESC
2026-09-01 18:24:36,264 INFO sqlalchemy.engine.Engine [cached since 1160s ago] (UUID('4d1123f3-3ba2-42f3-b584-a5009c7b3e39'), 'ACTIVE', 'TRIAL')
2026-09-01 18:24:36,267 INFO sqlalchemy.engine.Engine COMMIT
INFO:     127.0.0.1:61360 - "GET /api/v1/patients HTTP/1.1" 200 OK
INFO:     127.0.0.1:61363 - "GET /api/v1/practice/me HTTP/1.1" 200 OK
INFO:     127.0.0.1:54660 - "OPTIONS /api/v1/staff HTTP/1.1" 200 OK
2026-09-01 18:53:07,533 INFO sqlalchemy.engine.Engine BEGIN (implicit)
2026-09-01 18:53:07,534 INFO sqlalchemy.engine.Engine SELECT users.id, users.practice_id, users.clerk_id, users.email, users.name, users.role, users.phone, users.is_active, users.permissions, users.is_platform_admin, users.created_at, users.updated_at 
FROM users 
WHERE users.clerk_id = $1::VARCHAR
2026-09-01 18:53:07,534 INFO sqlalchemy.engine.Engine [cached since 2890s ago] ('user_3IJjXjFLcG4qaagJWxQnHqHoXEr',)
INFO:     127.0.0.1:54661 - "OPTIONS /api/v1/patients HTTP/1.1" 200 OK
INFO:     127.0.0.1:54662 - "OPTIONS /api/v1/patients HTTP/1.1" 200 OK
INFO:     127.0.0.1:54663 - "OPTIONS /api/v1/doctors HTTP/1.1" 200 OK
2026-09-01 18:53:07,545 INFO sqlalchemy.engine.Engine SELECT users.id, users.practice_id, users.clerk_id, users.email, users.name, users.role, users.phone, users.is_active, users.permissions, users.is_platform_admin, users.created_at, users.updated_at 
FROM users 
WHERE users.practice_id = $1::UUID AND users.role = $2::userrole ORDER BY users.created_at DESC
2026-09-01 18:53:07,546 INFO sqlalchemy.engine.Engine [cached since 2699s ago] (UUID('4d1123f3-3ba2-42f3-b584-a5009c7b3e39'), 'RECEPTIONIST')
INFO:     127.0.0.1:54664 - "OPTIONS /api/v1/patients HTTP/1.1" 200 OK
2026-09-01 18:53:07,766 INFO sqlalchemy.engine.Engine BEGIN (implicit)
2026-09-01 18:53:07,767 INFO sqlalchemy.engine.Engine SELECT users.id, users.practice_id, users.clerk_id, users.email, users.name, users.role, users.phone, users.is_active, users.permissions, users.is_platform_admin, users.created_at, users.updated_at 
FROM users 
WHERE users.clerk_id = $1::VARCHAR
2026-09-01 18:53:07,767 INFO sqlalchemy.engine.Engine [cached since 2890s ago] ('user_3IJjXjFLcG4qaagJWxQnHqHoXEr',)
2026-09-01 18:53:07,832 INFO sqlalchemy.engine.Engine BEGIN (implicit)
2026-09-01 18:53:07,833 INFO sqlalchemy.engine.Engine SELECT users.id, users.practice_id, users.clerk_id, users.email, users.name, users.role, users.phone, users.is_active, users.permissions, users.is_platform_admin, users.created_at, users.updated_at 
FROM users 
WHERE users.clerk_id = $1::VARCHAR
2026-09-01 18:53:07,834 INFO sqlalchemy.engine.Engine [cached since 2890s ago] ('user_3IicvcuP58t66e3ZoMBDNMC3UnJ',)
2026-09-01 18:53:07,838 INFO sqlalchemy.engine.Engine COMMIT
2026-09-01 18:53:08,278 INFO sqlalchemy.engine.Engine BEGIN (implicit)
2026-09-01 18:53:08,279 INFO sqlalchemy.engine.Engine SELECT users.id, users.practice_id, users.clerk_id, users.email, users.name, users.role, users.phone, users.is_active, users.permissions, users.is_platform_admin, users.created_at, users.updated_at 
FROM users 
WHERE users.clerk_id = $1::VARCHAR
2026-09-01 18:53:08,279 INFO sqlalchemy.engine.Engine [cached since 2891s ago] ('user_3IicvcuP58t66e3ZoMBDNMC3UnJ',)
2026-09-01 18:53:08,282 INFO sqlalchemy.engine.Engine SELECT patients.id, patients.practice_id, patients.first_name, patients.last_name, patients.email, patients.phone, patients.date_of_birth, patients.medical_history, patients.consent_status, patients.plan_type, patients.chief_complaint, patients.needs_surgery, patients.ai_agent_assigned, patients.agent_status, patients.agent_cost, patients.lifecycle_stage, patients.lost_reason, patients.source, patients.portal_token, patients.portal_enabled, patients.created_at, patients.updated_at 
FROM patients 
WHERE patients.practice_id = $1::UUID ORDER BY patients.created_at DESC
2026-09-01 18:53:08,282 INFO sqlalchemy.engine.Engine [cached since 2891s ago] (UUID('4d1123f3-3ba2-42f3-b584-a5009c7b3e39'),)
2026-09-01 18:53:08,284 INFO sqlalchemy.engine.Engine ROLLBACK
INFO:     127.0.0.1:54660 - "GET /api/v1/staff HTTP/1.1" 200 OK
2026-09-01 18:53:08,289 INFO sqlalchemy.engine.Engine SELECT DISTINCT appointments.patient_id 
FROM appointments 
WHERE appointments.practice_id = $1::UUID AND appointments.patient_id IN ($4::UUID, $5::UUID) AND appointments.start_time >= $2::TIMESTAMP WITH TIME ZONE AND appointments.status != $3::appointmentstatus
2026-09-01 18:53:08,290 INFO sqlalchemy.engine.Engine [cached since 2891s ago] (UUID('4d1123f3-3ba2-42f3-b584-a5009c7b3e39'), datetime.datetime(2026, 9, 1, 13, 53, 8, 288463, tzinfo=datetime.timezone.utc), 'CANCELLED', UUID('3e6dd1dd-e2aa-46ae-bae4-b64c75f7bafe'), UUID('c4a9ef0d-7c8d-4da9-aaf7-e9e94a6fdc44'))
2026-09-01 18:53:08,292 INFO sqlalchemy.engine.Engine ROLLBACK
INFO:     127.0.0.1:54668 - "GET /api/v1/doctors HTTP/1.1" 401 Unauthorized
2026-09-01 18:53:08,297 INFO sqlalchemy.engine.Engine SELECT DISTINCT appointments.patient_id 
FROM appointments 
WHERE appointments.practice_id = $1::UUID AND appointments.patient_id IN ($3::UUID, $4::UUID) AND appointments.status = $2::appointmentstatus
2026-09-01 18:53:08,298 INFO sqlalchemy.engine.Engine [cached since 2891s ago] (UUID('4d1123f3-3ba2-42f3-b584-a5009c7b3e39'), 'COMPLETED', UUID('3e6dd1dd-e2aa-46ae-bae4-b64c75f7bafe'), UUID('c4a9ef0d-7c8d-4da9-aaf7-e9e94a6fdc44'))
2026-09-01 18:53:08,300 INFO sqlalchemy.engine.Engine COMMIT
INFO:     127.0.0.1:54669 - "GET /api/v1/patients HTTP/1.1" 401 Unauthorized
INFO:     127.0.0.1:54667 - "GET /api/v1/patients HTTP/1.1" 200 OK
2026-09-01 18:53:08,380 INFO sqlalchemy.engine.Engine BEGIN (implicit)
2026-09-01 18:53:08,381 INFO sqlalchemy.engine.Engine SELECT users.id, users.practice_id, users.clerk_id, users.email, users.name, users.role, users.phone, users.is_active, users.permissions, users.is_platform_admin, users.created_at, users.updated_at 
FROM users 
WHERE users.clerk_id = $1::VARCHAR
2026-09-01 18:53:08,382 INFO sqlalchemy.engine.Engine [cached since 2891s ago] ('user_3IJjXjFLcG4qaagJWxQnHqHoXEr',)
2026-09-01 18:53:08,384 INFO sqlalchemy.engine.Engine SELECT patients.id, patients.practice_id, patients.first_name, patients.last_name, patients.email, patients.phone, patients.date_of_birth, patients.medical_history, patients.consent_status, patients.plan_type, patients.chief_complaint, patients.needs_surgery, patients.ai_agent_assigned, patients.agent_status, patients.agent_cost, patients.lifecycle_stage, patients.lost_reason, patients.source, patients.portal_token, patients.portal_enabled, patients.created_at, patients.updated_at 
FROM patients 
WHERE patients.practice_id = $1::UUID ORDER BY patients.created_at DESC
2026-09-01 18:53:08,385 INFO sqlalchemy.engine.Engine [cached since 2891s ago] (UUID('4d1123f3-3ba2-42f3-b584-a5009c7b3e39'),)
2026-09-01 18:53:08,388 INFO sqlalchemy.engine.Engine SELECT DISTINCT appointments.patient_id 
FROM appointments 
WHERE appointments.practice_id = $1::UUID AND appointments.patient_id IN ($4::UUID, $5::UUID) AND appointments.start_time >= $2::TIMESTAMP WITH TIME ZONE AND appointments.status != $3::appointmentstatus
2026-09-01 18:53:08,389 INFO sqlalchemy.engine.Engine [cached since 2891s ago] (UUID('4d1123f3-3ba2-42f3-b584-a5009c7b3e39'), datetime.datetime(2026, 9, 1, 13, 53, 8, 387199, tzinfo=datetime.timezone.utc), 'CANCELLED', UUID('3e6dd1dd-e2aa-46ae-bae4-b64c75f7bafe'), UUID('c4a9ef0d-7c8d-4da9-aaf7-e9e94a6fdc44'))
2026-09-01 18:53:08,392 INFO sqlalchemy.engine.Engine SELECT DISTINCT appointments.patient_id 
FROM appointments 
WHERE appointments.practice_id = $1::UUID AND appointments.patient_id IN ($3::UUID, $4::UUID) AND appointments.status = $2::appointmentstatus
2026-09-01 18:53:08,392 INFO sqlalchemy.engine.Engine [cached since 2891s ago] (UUID('4d1123f3-3ba2-42f3-b584-a5009c7b3e39'), 'COMPLETED', UUID('3e6dd1dd-e2aa-46ae-bae4-b64c75f7bafe'), UUID('c4a9ef0d-7c8d-4da9-aaf7-e9e94a6fdc44'))
2026-09-01 18:53:08,394 INFO sqlalchemy.engine.Engine COMMIT
INFO:     127.0.0.1:54660 - "GET /api/v1/patients HTTP/1.1" 200 OK
2026-09-01 18:53:52,177 INFO sqlalchemy.engine.Engine BEGIN (implicit)
2026-09-01 18:53:52,180 INFO sqlalchemy.engine.Engine SELECT users.id, users.practice_id, users.clerk_id, users.email, users.name, users.role, users.phone, users.is_active, users.permissions, users.is_platform_admin, users.created_at, users.updated_at 
FROM users 
WHERE users.clerk_id = $1::VARCHAR
2026-09-01 18:53:52,183 INFO sqlalchemy.engine.Engine [cached since 2935s ago] ('user_3IicvcuP58t66e3ZoMBDNMC3UnJ',)
2026-09-01 18:53:52,266 INFO sqlalchemy.engine.Engine BEGIN (implicit)
2026-09-01 18:53:52,269 INFO sqlalchemy.engine.Engine SELECT users.id, users.practice_id, users.clerk_id, users.email, users.name, users.role, users.phone, users.is_active, users.permissions, users.is_platform_admin, users.created_at, users.updated_at 
FROM users 
WHERE users.clerk_id = $1::VARCHAR
2026-09-01 18:53:52,271 INFO sqlalchemy.engine.Engine [cached since 2935s ago] ('user_3IicvcuP58t66e3ZoMBDNMC3UnJ',)
2026-09-01 18:53:52,363 INFO sqlalchemy.engine.Engine BEGIN (implicit)
2026-09-01 18:53:52,366 INFO sqlalchemy.engine.Engine SELECT users.id, users.practice_id, users.clerk_id, users.email, users.name, users.role, users.phone, users.is_active, users.permissions, users.is_platform_admin, users.created_at, users.updated_at 
FROM users 
WHERE users.clerk_id = $1::VARCHAR
2026-09-01 18:53:52,367 INFO sqlalchemy.engine.Engine [cached since 2935s ago] ('user_3IJjXjFLcG4qaagJWxQnHqHoXEr',)
2026-09-01 18:53:52,369 INFO sqlalchemy.engine.Engine ROLLBACK
2026-09-01 18:53:52,461 INFO sqlalchemy.engine.Engine BEGIN (implicit)
2026-09-01 18:53:52,464 INFO sqlalchemy.engine.Engine SELECT users.id, users.practice_id, users.clerk_id, users.email, users.name, users.role, users.phone, users.is_active, users.permissions, users.is_platform_admin, users.created_at, users.updated_at 
FROM users 
WHERE users.clerk_id = $1::VARCHAR
2026-09-01 18:53:52,467 INFO sqlalchemy.engine.Engine [cached since 2935s ago] ('user_3IJjXjFLcG4qaagJWxQnHqHoXEr',)
2026-09-01 18:53:52,472 INFO sqlalchemy.engine.Engine ROLLBACK
2026-09-01 18:53:52,476 INFO sqlalchemy.engine.Engine SELECT patients.id, patients.practice_id, patients.first_name, patients.last_name, patients.email, patients.phone, patients.date_of_birth, patients.medical_history, patients.consent_status, patients.plan_type, patients.chief_complaint, patients.needs_surgery, patients.ai_agent_assigned, patients.agent_status, patients.agent_cost, patients.lifecycle_stage, patients.lost_reason, patients.source, patients.portal_token, patients.portal_enabled, patients.created_at, patients.updated_at 
FROM patients 
WHERE patients.practice_id = $1::UUID ORDER BY patients.created_at DESC
2026-09-01 18:53:52,482 INFO sqlalchemy.engine.Engine [cached since 2935s ago] (UUID('4d1123f3-3ba2-42f3-b584-a5009c7b3e39'),)
INFO:     127.0.0.1:56534 - "GET /api/v1/doctors HTTP/1.1" 401 Unauthorized
2026-09-01 18:53:52,489 INFO sqlalchemy.engine.Engine SELECT users.id, users.practice_id, users.clerk_id, users.email, users.name, users.role, users.phone, users.is_active, users.permissions, users.is_platform_admin, users.created_at, users.updated_at 
FROM users 
WHERE users.practice_id = $1::UUID AND users.role = $2::userrole ORDER BY users.created_at DESC
2026-09-01 18:53:52,490 INFO sqlalchemy.engine.Engine [cached since 2744s ago] (UUID('4d1123f3-3ba2-42f3-b584-a5009c7b3e39'), 'RECEPTIONIST')
2026-09-01 18:53:52,497 INFO sqlalchemy.engine.Engine SELECT DISTINCT appointments.patient_id 
FROM appointments 
WHERE appointments.practice_id = $1::UUID AND appointments.patient_id IN ($4::UUID, $5::UUID) AND appointments.start_time >= $2::TIMESTAMP WITH TIME ZONE AND appointments.status != $3::appointmentstatus
2026-09-01 18:53:52,499 INFO sqlalchemy.engine.Engine [cached since 2935s ago] (UUID('4d1123f3-3ba2-42f3-b584-a5009c7b3e39'), datetime.datetime(2026, 9, 1, 13, 53, 52, 495416, tzinfo=datetime.timezone.utc), 'CANCELLED', UUID('3e6dd1dd-e2aa-46ae-bae4-b64c75f7bafe'), UUID('c4a9ef0d-7c8d-4da9-aaf7-e9e94a6fdc44'))
INFO:     127.0.0.1:56535 - "GET /api/v1/patients HTTP/1.1" 401 Unauthorized
2026-09-01 18:53:52,505 INFO sqlalchemy.engine.Engine COMMIT
2026-09-01 18:53:52,508 INFO sqlalchemy.engine.Engine SELECT DISTINCT appointments.patient_id 
FROM appointments 
WHERE appointments.practice_id = $1::UUID AND appointments.patient_id IN ($3::UUID, $4::UUID) AND appointments.status = $2::appointmentstatus
2026-09-01 18:53:52,510 INFO sqlalchemy.engine.Engine [cached since 2935s ago] (UUID('4d1123f3-3ba2-42f3-b584-a5009c7b3e39'), 'COMPLETED', UUID('3e6dd1dd-e2aa-46ae-bae4-b64c75f7bafe'), UUID('c4a9ef0d-7c8d-4da9-aaf7-e9e94a6fdc44'))
2026-09-01 18:53:52,515 INFO sqlalchemy.engine.Engine COMMIT
INFO:     127.0.0.1:56537 - "GET /api/v1/staff HTTP/1.1" 200 OK
INFO:     127.0.0.1:56536 - "GET /api/v1/patients HTTP/1.1" 200 OK
2026-09-01 18:53:52,622 INFO sqlalchemy.engine.Engine BEGIN (implicit)
2026-09-01 18:53:52,623 INFO sqlalchemy.engine.Engine SELECT users.id, users.practice_id, users.clerk_id, users.email, users.name, users.role, users.phone, users.is_active, users.permissions, users.is_platform_admin, users.created_at, users.updated_at 
FROM users 
WHERE users.clerk_id = $1::VARCHAR
2026-09-01 18:53:52,626 INFO sqlalchemy.engine.Engine [cached since 2935s ago] ('user_3IJjXjFLcG4qaagJWxQnHqHoXEr',)
2026-09-01 18:53:52,631 INFO sqlalchemy.engine.Engine SELECT patients.id, patients.practice_id, patients.first_name, patients.last_name, patients.email, patients.phone, patients.date_of_birth, patients.medical_history, patients.consent_status, patients.plan_type, patients.chief_complaint, patients.needs_surgery, patients.ai_agent_assigned, patients.agent_status, patients.agent_cost, patients.lifecycle_stage, patients.lost_reason, patients.source, patients.portal_token, patients.portal_enabled, patients.created_at, patients.updated_at 
FROM patients 
WHERE patients.practice_id = $1::UUID ORDER BY patients.created_at DESC
2026-09-01 18:53:52,632 INFO sqlalchemy.engine.Engine [cached since 2935s ago] (UUID('4d1123f3-3ba2-42f3-b584-a5009c7b3e39'),)
2026-09-01 18:53:52,636 INFO sqlalchemy.engine.Engine SELECT DISTINCT appointments.patient_id 
FROM appointments 
WHERE appointments.practice_id = $1::UUID AND appointments.patient_id IN ($4::UUID, $5::UUID) AND appointments.start_time >= $2::TIMESTAMP WITH TIME ZONE AND appointments.status != $3::appointmentstatus
2026-09-01 18:53:52,638 INFO sqlalchemy.engine.Engine [cached since 2935s ago] (UUID('4d1123f3-3ba2-42f3-b584-a5009c7b3e39'), datetime.datetime(2026, 9, 1, 13, 53, 52, 635737, tzinfo=datetime.timezone.utc), 'CANCELLED', UUID('3e6dd1dd-e2aa-46ae-bae4-b64c75f7bafe'), UUID('c4a9ef0d-7c8d-4da9-aaf7-e9e94a6fdc44'))
2026-09-01 18:53:52,643 INFO sqlalchemy.engine.Engine SELECT DISTINCT appointments.patient_id 
FROM appointments 
WHERE appointments.practice_id = $1::UUID AND appointments.patient_id IN ($3::UUID, $4::UUID) AND appointments.status = $2::appointmentstatus
2026-09-01 18:53:52,643 INFO sqlalchemy.engine.Engine [cached since 2935s ago] (UUID('4d1123f3-3ba2-42f3-b584-a5009c7b3e39'), 'COMPLETED', UUID('3e6dd1dd-e2aa-46ae-bae4-b64c75f7bafe'), UUID('c4a9ef0d-7c8d-4da9-aaf7-e9e94a6fdc44'))
2026-09-01 18:53:52,646 INFO sqlalchemy.engine.Engine COMMIT
INFO:     127.0.0.1:56537 - "GET /api/v1/patients HTTP/1.1" 200 OK
2026-09-01 18:54:05,244 INFO sqlalchemy.engine.Engine BEGIN (implicit)
2026-09-01 18:54:05,245 INFO sqlalchemy.engine.Engine SELECT users.id, users.practice_id, users.clerk_id, users.email, users.name, users.role, users.phone, users.is_active, users.permissions, users.is_platform_admin, users.created_at, users.updated_at 
FROM users 
WHERE users.clerk_id = $1::VARCHAR
2026-09-01 18:54:05,246 INFO sqlalchemy.engine.Engine [cached since 2948s ago] ('user_3IicvcuP58t66e3ZoMBDNMC3UnJ',)
2026-09-01 18:54:05,344 INFO sqlalchemy.engine.Engine BEGIN (implicit)
2026-09-01 18:54:05,346 INFO sqlalchemy.engine.Engine SELECT users.id, users.practice_id, users.clerk_id, users.email, users.name, users.role, users.phone, users.is_active, users.permissions, users.is_platform_admin, users.created_at, users.updated_at 
FROM users 
WHERE users.clerk_id = $1::VARCHAR
2026-09-01 18:54:05,346 INFO sqlalchemy.engine.Engine [cached since 2948s ago] ('user_3IicvcuP58t66e3ZoMBDNMC3UnJ',)
2026-09-01 18:54:05,829 INFO sqlalchemy.engine.Engine BEGIN (implicit)
2026-09-01 18:54:05,830 INFO sqlalchemy.engine.Engine SELECT users.id, users.practice_id, users.clerk_id, users.email, users.name, users.role, users.phone, users.is_active, users.permissions, users.is_platform_admin, users.created_at, users.updated_at 
FROM users 
WHERE users.clerk_id = $1::VARCHAR
2026-09-01 18:54:05,831 INFO sqlalchemy.engine.Engine [cached since 2948s ago] ('user_3IJjXjFLcG4qaagJWxQnHqHoXEr',)
2026-09-01 18:54:05,832 INFO sqlalchemy.engine.Engine ROLLBACK
INFO:     127.0.0.1:56559 - "OPTIONS /api/v1/practice/me HTTP/1.1" 200 OK
2026-09-01 18:54:05,835 INFO sqlalchemy.engine.Engine ROLLBACK
2026-09-01 18:54:06,316 INFO sqlalchemy.engine.Engine BEGIN (implicit)
2026-09-01 18:54:06,316 INFO sqlalchemy.engine.Engine SELECT users.id, users.practice_id, users.clerk_id, users.email, users.name, users.role, users.phone, users.is_active, users.permissions, users.is_platform_admin, users.created_at, users.updated_at 
FROM users 
WHERE users.clerk_id = $1::VARCHAR
2026-09-01 18:54:06,317 INFO sqlalchemy.engine.Engine [cached since 2949s ago] ('user_3IJjXjFLcG4qaagJWxQnHqHoXEr',)
2026-09-01 18:54:06,319 INFO sqlalchemy.engine.Engine SELECT patients.id, patients.practice_id, patients.first_name, patients.last_name, patients.email, patients.phone, patients.date_of_birth, patients.medical_history, patients.consent_status, patients.plan_type, patients.chief_complaint, patients.needs_surgery, patients.ai_agent_assigned, patients.agent_status, patients.agent_cost, patients.lifecycle_stage, patients.lost_reason, patients.source, patients.portal_token, patients.portal_enabled, patients.created_at, patients.updated_at 
FROM patients 
WHERE patients.practice_id = $1::UUID ORDER BY patients.created_at DESC
2026-09-01 18:54:06,319 INFO sqlalchemy.engine.Engine [cached since 2949s ago] (UUID('4d1123f3-3ba2-42f3-b584-a5009c7b3e39'),)
INFO:     127.0.0.1:56555 - "GET /api/v1/doctors HTTP/1.1" 401 Unauthorized
INFO:     127.0.0.1:56556 - "GET /api/v1/patients HTTP/1.1" 401 Unauthorized
2026-09-01 18:54:06,326 INFO sqlalchemy.engine.Engine SELECT DISTINCT appointments.patient_id 
FROM appointments 
WHERE appointments.practice_id = $1::UUID AND appointments.patient_id IN ($4::UUID, $5::UUID) AND appointments.start_time >= $2::TIMESTAMP WITH TIME ZONE AND appointments.status != $3::appointmentstatus
2026-09-01 18:54:06,327 INFO sqlalchemy.engine.Engine [cached since 2949s ago] (UUID('4d1123f3-3ba2-42f3-b584-a5009c7b3e39'), datetime.datetime(2026, 9, 1, 13, 54, 6, 325701, tzinfo=datetime.timezone.utc), 'CANCELLED', UUID('3e6dd1dd-e2aa-46ae-bae4-b64c75f7bafe'), UUID('c4a9ef0d-7c8d-4da9-aaf7-e9e94a6fdc44'))
2026-09-01 18:54:06,330 INFO sqlalchemy.engine.Engine SELECT practices.id, practices.name, practices.email, practices.phone, practices.address, practices.timezone, practices.settings, practices.created_at, practices.updated_at 
FROM practices 
WHERE practices.id = $1::UUID
2026-09-01 18:54:06,331 INFO sqlalchemy.engine.Engine [cached since 2930s ago] (UUID('4d1123f3-3ba2-42f3-b584-a5009c7b3e39'),)
2026-09-01 18:54:06,333 INFO sqlalchemy.engine.Engine SELECT DISTINCT appointments.patient_id 
FROM appointments 
WHERE appointments.practice_id = $1::UUID AND appointments.patient_id IN ($3::UUID, $4::UUID) AND appointments.status = $2::appointmentstatus
2026-09-01 18:54:06,334 INFO sqlalchemy.engine.Engine [cached since 2949s ago] (UUID('4d1123f3-3ba2-42f3-b584-a5009c7b3e39'), 'COMPLETED', UUID('3e6dd1dd-e2aa-46ae-bae4-b64c75f7bafe'), UUID('c4a9ef0d-7c8d-4da9-aaf7-e9e94a6fdc44'))
2026-09-01 18:54:06,337 INFO sqlalchemy.engine.Engine SELECT subscriptions.id, subscriptions.practice_id, subscriptions.stripe_subscription_id, subscriptions.tier, subscriptions.status, subscriptions.price, subscriptions.start_date, subscriptions.end_date, subscriptions.auto_renew, subscriptions.created_at, subscriptions.updated_at 
FROM subscriptions 
WHERE subscriptions.practice_id = $1::UUID AND subscriptions.status IN ($2::subscriptionstatus, $3::subscriptionstatus) ORDER BY subscriptions.created_at DESC
2026-09-01 18:54:06,338 INFO sqlalchemy.engine.Engine [cached since 2930s ago] (UUID('4d1123f3-3ba2-42f3-b584-a5009c7b3e39'), 'ACTIVE', 'TRIAL')
2026-09-01 18:54:06,340 INFO sqlalchemy.engine.Engine COMMIT
2026-09-01 18:54:06,342 INFO sqlalchemy.engine.Engine SELECT subscriptions.id, subscriptions.practice_id, subscriptions.stripe_subscription_id, subscriptions.tier, subscriptions.status, subscriptions.price, subscriptions.start_date, subscriptions.end_date, subscriptions.auto_renew, subscriptions.created_at, subscriptions.updated_at 
FROM subscriptions 
WHERE subscriptions.practice_id = $1::UUID AND subscriptions.status IN ($2::subscriptionstatus, $3::subscriptionstatus) ORDER BY subscriptions.created_at DESC
2026-09-01 18:54:06,343 INFO sqlalchemy.engine.Engine [cached since 2930s ago] (UUID('4d1123f3-3ba2-42f3-b584-a5009c7b3e39'), 'ACTIVE', 'TRIAL')
2026-09-01 18:54:06,345 INFO sqlalchemy.engine.Engine COMMIT
INFO:     127.0.0.1:56557 - "GET /api/v1/patients HTTP/1.1" 200 OK
INFO:     127.0.0.1:56559 - "GET /api/v1/practice/me HTTP/1.1" 200 OK
2026-09-01 18:54:06,619 INFO sqlalchemy.engine.Engine BEGIN (implicit)
2026-09-01 18:54:06,620 INFO sqlalchemy.engine.Engine SELECT users.id, users.practice_id, users.clerk_id, users.email, users.name, users.role, users.phone, users.is_active, users.permissions, users.is_platform_admin, users.created_at, users.updated_at 
FROM users 
WHERE users.clerk_id = $1::VARCHAR
2026-09-01 18:54:06,621 INFO sqlalchemy.engine.Engine [cached since 2949s ago] ('user_3IJjXjFLcG4qaagJWxQnHqHoXEr',)
2026-09-01 18:54:06,624 INFO sqlalchemy.engine.Engine SELECT patients.id, patients.practice_id, patients.first_name, patients.last_name, patients.email, patients.phone, patients.date_of_birth, patients.medical_history, patients.consent_status, patients.plan_type, patients.chief_complaint, patients.needs_surgery, patients.ai_agent_assigned, patients.agent_status, patients.agent_cost, patients.lifecycle_stage, patients.lost_reason, patients.source, patients.portal_token, patients.portal_enabled, patients.created_at, patients.updated_at 
FROM patients 
WHERE patients.practice_id = $1::UUID ORDER BY patients.created_at DESC
2026-09-01 18:54:06,625 INFO sqlalchemy.engine.Engine [cached since 2949s ago] (UUID('4d1123f3-3ba2-42f3-b584-a5009c7b3e39'),)
2026-09-01 18:54:06,628 INFO sqlalchemy.engine.Engine SELECT DISTINCT appointments.patient_id 
FROM appointments 
WHERE appointments.practice_id = $1::UUID AND appointments.patient_id IN ($4::UUID, $5::UUID) AND appointments.start_time >= $2::TIMESTAMP WITH TIME ZONE AND appointments.status != $3::appointmentstatus
2026-09-01 18:54:06,629 INFO sqlalchemy.engine.Engine [cached since 2949s ago] (UUID('4d1123f3-3ba2-42f3-b584-a5009c7b3e39'), datetime.datetime(2026, 9, 1, 13, 54, 6, 627065, tzinfo=datetime.timezone.utc), 'CANCELLED', UUID('3e6dd1dd-e2aa-46ae-bae4-b64c75f7bafe'), UUID('c4a9ef0d-7c8d-4da9-aaf7-e9e94a6fdc44'))
2026-09-01 18:54:06,631 INFO sqlalchemy.engine.Engine SELECT DISTINCT appointments.patient_id 
FROM appointments 
WHERE appointments.practice_id = $1::UUID AND appointments.patient_id IN ($3::UUID, $4::UUID) AND appointments.status = $2::appointmentstatus
2026-09-01 18:54:06,632 INFO sqlalchemy.engine.Engine [cached since 2949s ago] (UUID('4d1123f3-3ba2-42f3-b584-a5009c7b3e39'), 'COMPLETED', UUID('3e6dd1dd-e2aa-46ae-bae4-b64c75f7bafe'), UUID('c4a9ef0d-7c8d-4da9-aaf7-e9e94a6fdc44'))
2026-09-01 18:54:06,634 INFO sqlalchemy.engine.Engine COMMIT
INFO:     127.0.0.1:56563 - "GET /api/v1/patients HTTP/1.1" 200 OK
2026-09-01 18:54:39,449 INFO sqlalchemy.engine.Engine BEGIN (implicit)
2026-09-01 18:54:39,450 INFO sqlalchemy.engine.Engine SELECT users.id, users.practice_id, users.clerk_id, users.email, users.name, users.role, users.phone, users.is_active, users.permissions, users.is_platform_admin, users.created_at, users.updated_at 
FROM users 
WHERE users.clerk_id = $1::VARCHAR
2026-09-01 18:54:39,451 INFO sqlalchemy.engine.Engine [cached since 2982s ago] ('user_3IicvcuP58t66e3ZoMBDNMC3UnJ',)
2026-09-01 18:54:39,938 INFO sqlalchemy.engine.Engine BEGIN (implicit)
2026-09-01 18:54:39,940 INFO sqlalchemy.engine.Engine SELECT users.id, users.practice_id, users.clerk_id, users.email, users.name, users.role, users.phone, users.is_active, users.permissions, users.is_platform_admin, users.created_at, users.updated_at 
FROM users 
WHERE users.clerk_id = $1::VARCHAR
2026-09-01 18:54:39,942 INFO sqlalchemy.engine.Engine [cached since 2982s ago] ('user_3IJjXjFLcG4qaagJWxQnHqHoXEr',)
2026-09-01 18:54:40,160 INFO sqlalchemy.engine.Engine BEGIN (implicit)
2026-09-01 18:54:40,161 INFO sqlalchemy.engine.Engine SELECT users.id, users.practice_id, users.clerk_id, users.email, users.name, users.role, users.phone, users.is_active, users.permissions, users.is_platform_admin, users.created_at, users.updated_at 
FROM users 
WHERE users.clerk_id = $1::VARCHAR
2026-09-01 18:54:40,162 INFO sqlalchemy.engine.Engine [cached since 2983s ago] ('user_3IicvcuP58t66e3ZoMBDNMC3UnJ',)
2026-09-01 18:54:40,164 INFO sqlalchemy.engine.Engine ROLLBACK
2026-09-01 18:54:40,166 INFO sqlalchemy.engine.Engine SELECT patients.id, patients.practice_id, patients.first_name, patients.last_name, patients.email, patients.phone, patients.date_of_birth, patients.medical_history, patients.consent_status, patients.plan_type, patients.chief_complaint, patients.needs_surgery, patients.ai_agent_assigned, patients.agent_status, patients.agent_cost, patients.lifecycle_stage, patients.lost_reason, patients.source, patients.portal_token, patients.portal_enabled, patients.created_at, patients.updated_at 
FROM patients 
WHERE patients.practice_id = $1::UUID ORDER BY patients.created_at DESC
2026-09-01 18:54:40,167 INFO sqlalchemy.engine.Engine [cached since 2983s ago] (UUID('4d1123f3-3ba2-42f3-b584-a5009c7b3e39'),)
2026-09-01 18:54:40,169 INFO sqlalchemy.engine.Engine ROLLBACK
2026-09-01 18:54:40,170 INFO sqlalchemy.engine.Engine SELECT DISTINCT appointments.patient_id 
FROM appointments 
WHERE appointments.practice_id = $1::UUID AND appointments.patient_id IN ($4::UUID, $5::UUID) AND appointments.start_time >= $2::TIMESTAMP WITH TIME ZONE AND appointments.status != $3::appointmentstatus
2026-09-01 18:54:40,171 INFO sqlalchemy.engine.Engine [cached since 2983s ago] (UUID('4d1123f3-3ba2-42f3-b584-a5009c7b3e39'), datetime.datetime(2026, 9, 1, 13, 54, 40, 170175, tzinfo=datetime.timezone.utc), 'CANCELLED', UUID('3e6dd1dd-e2aa-46ae-bae4-b64c75f7bafe'), UUID('c4a9ef0d-7c8d-4da9-aaf7-e9e94a6fdc44'))
INFO:     127.0.0.1:56595 - "GET /api/v1/doctors HTTP/1.1" 401 Unauthorized
2026-09-01 18:54:40,175 INFO sqlalchemy.engine.Engine SELECT DISTINCT appointments.patient_id 
FROM appointments 
WHERE appointments.practice_id = $1::UUID AND appointments.patient_id IN ($3::UUID, $4::UUID) AND appointments.status = $2::appointmentstatus
2026-09-01 18:54:40,176 INFO sqlalchemy.engine.Engine [cached since 2983s ago] (UUID('4d1123f3-3ba2-42f3-b584-a5009c7b3e39'), 'COMPLETED', UUID('3e6dd1dd-e2aa-46ae-bae4-b64c75f7bafe'), UUID('c4a9ef0d-7c8d-4da9-aaf7-e9e94a6fdc44'))
INFO:     127.0.0.1:56597 - "GET /api/v1/patients HTTP/1.1" 401 Unauthorized
2026-09-01 18:54:40,179 INFO sqlalchemy.engine.Engine COMMIT
INFO:     127.0.0.1:56596 - "GET /api/v1/patients HTTP/1.1" 200 OK
2026-09-01 18:54:40,593 INFO sqlalchemy.engine.Engine BEGIN (implicit)
2026-09-01 18:54:40,596 INFO sqlalchemy.engine.Engine SELECT users.id, users.practice_id, users.clerk_id, users.email, users.name, users.role, users.phone, users.is_active, users.permissions, users.is_platform_admin, users.created_at, users.updated_at 
FROM users 
WHERE users.clerk_id = $1::VARCHAR
2026-09-01 18:54:40,598 INFO sqlalchemy.engine.Engine [cached since 2983s ago] ('user_3IJjXjFLcG4qaagJWxQnHqHoXEr',)
2026-09-01 18:54:40,604 INFO sqlalchemy.engine.Engine SELECT patients.id, patients.practice_id, patients.first_name, patients.last_name, patients.email, patients.phone, patients.date_of_birth, patients.medical_history, patients.consent_status, patients.plan_type, patients.chief_complaint, patients.needs_surgery, patients.ai_agent_assigned, patients.agent_status, patients.agent_cost, patients.lifecycle_stage, patients.lost_reason, patients.source, patients.portal_token, patients.portal_enabled, patients.created_at, patients.updated_at 
FROM patients 
WHERE patients.practice_id = $1::UUID ORDER BY patients.created_at DESC
2026-09-01 18:54:40,606 INFO sqlalchemy.engine.Engine [cached since 2983s ago] (UUID('4d1123f3-3ba2-42f3-b584-a5009c7b3e39'),)
2026-09-01 18:54:40,612 INFO sqlalchemy.engine.Engine SELECT DISTINCT appointments.patient_id 
FROM appointments 
WHERE appointments.practice_id = $1::UUID AND appointments.patient_id IN ($4::UUID, $5::UUID) AND appointments.start_time >= $2::TIMESTAMP WITH TIME ZONE AND appointments.status != $3::appointmentstatus
2026-09-01 18:54:40,614 INFO sqlalchemy.engine.Engine [cached since 2983s ago] (UUID('4d1123f3-3ba2-42f3-b584-a5009c7b3e39'), datetime.datetime(2026, 9, 1, 13, 54, 40, 610964, tzinfo=datetime.timezone.utc), 'CANCELLED', UUID('3e6dd1dd-e2aa-46ae-bae4-b64c75f7bafe'), UUID('c4a9ef0d-7c8d-4da9-aaf7-e9e94a6fdc44'))
2026-09-01 18:54:40,620 INFO sqlalchemy.engine.Engine SELECT DISTINCT appointments.patient_id 
FROM appointments 
WHERE appointments.practice_id = $1::UUID AND appointments.patient_id IN ($3::UUID, $4::UUID) AND appointments.status = $2::appointmentstatus
2026-09-01 18:54:40,622 INFO sqlalchemy.engine.Engine [cached since 2983s ago] (UUID('4d1123f3-3ba2-42f3-b584-a5009c7b3e39'), 'COMPLETED', UUID('3e6dd1dd-e2aa-46ae-bae4-b64c75f7bafe'), UUID('c4a9ef0d-7c8d-4da9-aaf7-e9e94a6fdc44'))
2026-09-01 18:54:40,627 INFO sqlalchemy.engine.Engine COMMIT
INFO:     127.0.0.1:56603 - "GET /api/v1/patients HTTP/1.1" 200 OK
2026-09-01 18:55:11,035 INFO sqlalchemy.engine.Engine BEGIN (implicit)
2026-09-01 18:55:11,036 INFO sqlalchemy.engine.Engine SELECT users.id, users.practice_id, users.clerk_id, users.email, users.name, users.role, users.phone, users.is_active, users.permissions, users.is_platform_admin, users.created_at, users.updated_at 
FROM users 
WHERE users.clerk_id = $1::VARCHAR
2026-09-01 18:55:11,037 INFO sqlalchemy.engine.Engine [cached since 3014s ago] ('user_3IJjXjFLcG4qaagJWxQnHqHoXEr',)
2026-09-01 18:55:11,149 INFO sqlalchemy.engine.Engine BEGIN (implicit)
2026-09-01 18:55:11,150 INFO sqlalchemy.engine.Engine SELECT users.id, users.practice_id, users.clerk_id, users.email, users.name, users.role, users.phone, users.is_active, users.permissions, users.is_platform_admin, users.created_at, users.updated_at 
FROM users 
WHERE users.clerk_id = $1::VARCHAR
2026-09-01 18:55:11,150 INFO sqlalchemy.engine.Engine [cached since 3014s ago] ('user_3IJjXjFLcG4qaagJWxQnHqHoXEr',)
2026-09-01 18:55:11,152 INFO sqlalchemy.engine.Engine SELECT patients.id, patients.practice_id, patients.first_name, patients.last_name, patients.email, patients.phone, patients.date_of_birth, patients.medical_history, patients.consent_status, patients.plan_type, patients.chief_complaint, patients.needs_surgery, patients.ai_agent_assigned, patients.agent_status, patients.agent_cost, patients.lifecycle_stage, patients.lost_reason, patients.source, patients.portal_token, patients.portal_enabled, patients.created_at, patients.updated_at 
FROM patients 
WHERE patients.practice_id = $1::UUID ORDER BY patients.created_at DESC
2026-09-01 18:55:11,153 INFO sqlalchemy.engine.Engine [cached since 3014s ago] (UUID('4d1123f3-3ba2-42f3-b584-a5009c7b3e39'),)
2026-09-01 18:55:11,252 INFO sqlalchemy.engine.Engine BEGIN (implicit)
2026-09-01 18:55:11,253 INFO sqlalchemy.engine.Engine SELECT users.id, users.practice_id, users.clerk_id, users.email, users.name, users.role, users.phone, users.is_active, users.permissions, users.is_platform_admin, users.created_at, users.updated_at 
FROM users 
WHERE users.clerk_id = $1::VARCHAR
2026-09-01 18:55:11,254 INFO sqlalchemy.engine.Engine [cached since 3014s ago] ('user_3IicvcuP58t66e3ZoMBDNMC3UnJ',)
INFO:     127.0.0.1:56626 - "OPTIONS /api/v1/practice/me HTTP/1.1" 200 OK
2026-09-01 18:55:11,259 INFO sqlalchemy.engine.Engine SELECT DISTINCT appointments.patient_id 
FROM appointments 
WHERE appointments.practice_id = $1::UUID AND appointments.patient_id IN ($4::UUID, $5::UUID) AND appointments.start_time >= $2::TIMESTAMP WITH TIME ZONE AND appointments.status != $3::appointmentstatus
2026-09-01 18:55:11,259 INFO sqlalchemy.engine.Engine [cached since 3014s ago] (UUID('4d1123f3-3ba2-42f3-b584-a5009c7b3e39'), datetime.datetime(2026, 9, 1, 13, 55, 11, 257852, tzinfo=datetime.timezone.utc), 'CANCELLED', UUID('3e6dd1dd-e2aa-46ae-bae4-b64c75f7bafe'), UUID('c4a9ef0d-7c8d-4da9-aaf7-e9e94a6fdc44'))
2026-09-01 18:55:11,261 INFO sqlalchemy.engine.Engine SELECT practices.id, practices.name, practices.email, practices.phone, practices.address, practices.timezone, practices.settings, practices.created_at, practices.updated_at 
FROM practices 
WHERE practices.id = $1::UUID
2026-09-01 18:55:11,262 INFO sqlalchemy.engine.Engine [cached since 2995s ago] (UUID('4d1123f3-3ba2-42f3-b584-a5009c7b3e39'),)
2026-09-01 18:55:11,267 INFO sqlalchemy.engine.Engine SELECT DISTINCT appointments.patient_id 
FROM appointments 
WHERE appointments.practice_id = $1::UUID AND appointments.patient_id IN ($3::UUID, $4::UUID) AND appointments.status = $2::appointmentstatus
2026-09-01 18:55:11,268 INFO sqlalchemy.engine.Engine [cached since 3014s ago] (UUID('4d1123f3-3ba2-42f3-b584-a5009c7b3e39'), 'COMPLETED', UUID('3e6dd1dd-e2aa-46ae-bae4-b64c75f7bafe'), UUID('c4a9ef0d-7c8d-4da9-aaf7-e9e94a6fdc44'))
2026-09-01 18:55:11,270 INFO sqlalchemy.engine.Engine ROLLBACK
2026-09-01 18:55:11,379 INFO sqlalchemy.engine.Engine BEGIN (implicit)
2026-09-01 18:55:11,380 INFO sqlalchemy.engine.Engine SELECT users.id, users.practice_id, users.clerk_id, users.email, users.name, users.role, users.phone, users.is_active, users.permissions, users.is_platform_admin, users.created_at, users.updated_at 
FROM users 
WHERE users.clerk_id = $1::VARCHAR
2026-09-01 18:55:11,380 INFO sqlalchemy.engine.Engine [cached since 3014s ago] ('user_3IicvcuP58t66e3ZoMBDNMC3UnJ',)
2026-09-01 18:55:11,382 INFO sqlalchemy.engine.Engine COMMIT
INFO:     127.0.0.1:56625 - "GET /api/v1/patients HTTP/1.1" 401 Unauthorized
2026-09-01 18:55:11,386 INFO sqlalchemy.engine.Engine ROLLBACK
INFO:     127.0.0.1:56623 - "GET /api/v1/patients HTTP/1.1" 200 OK
2026-09-01 18:55:11,391 INFO sqlalchemy.engine.Engine SELECT subscriptions.id, subscriptions.practice_id, subscriptions.stripe_subscription_id, subscriptions.tier, subscriptions.status, subscriptions.price, subscriptions.start_date, subscriptions.end_date, subscriptions.auto_renew, subscriptions.created_at, subscriptions.updated_at 
FROM subscriptions 
WHERE subscriptions.practice_id = $1::UUID AND subscriptions.status IN ($2::subscriptionstatus, $3::subscriptionstatus) ORDER BY subscriptions.created_at DESC
2026-09-01 18:55:11,392 INFO sqlalchemy.engine.Engine [cached since 2995s ago] (UUID('4d1123f3-3ba2-42f3-b584-a5009c7b3e39'), 'ACTIVE', 'TRIAL')
INFO:     127.0.0.1:56636 - "GET /api/v1/practice/me HTTP/1.1" 401 Unauthorized
2026-09-01 18:55:11,421 INFO sqlalchemy.engine.Engine SELECT subscriptions.id, subscriptions.practice_id, subscriptions.stripe_subscription_id, subscriptions.tier, subscriptions.status, subscriptions.price, subscriptions.start_date, subscriptions.end_date, subscriptions.auto_renew, subscriptions.created_at, subscriptions.updated_at 
FROM subscriptions 
WHERE subscriptions.practice_id = $1::UUID AND subscriptions.status IN ($2::subscriptionstatus, $3::subscriptionstatus) ORDER BY subscriptions.created_at DESC
2026-09-01 18:55:11,422 INFO sqlalchemy.engine.Engine [cached since 2995s ago] (UUID('4d1123f3-3ba2-42f3-b584-a5009c7b3e39'), 'ACTIVE', 'TRIAL')
2026-09-01 18:55:11,424 INFO sqlalchemy.engine.Engine COMMIT
INFO:     127.0.0.1:56624 - "GET /api/v1/practice/me HTTP/1.1" 200 OK
INFO:     127.0.0.1:56885 - "OPTIONS /api/v1/appointments?doctor_id=me HTTP/1.1" 200 OK
2026-09-01 18:59:51,221 INFO sqlalchemy.engine.Engine BEGIN (implicit)
2026-09-01 18:59:51,225 INFO sqlalchemy.engine.Engine SELECT users.id, users.practice_id, users.clerk_id, users.email, users.name, users.role, users.phone, users.is_active, users.permissions, users.is_platform_admin, users.created_at, users.updated_at 
FROM users 
WHERE users.clerk_id = $1::VARCHAR
2026-09-01 18:59:51,228 INFO sqlalchemy.engine.Engine [cached since 3294s ago] ('user_3IJjXjFLcG4qaagJWxQnHqHoXEr',)
2026-09-01 18:59:51,266 INFO sqlalchemy.engine.Engine SELECT doctors.id, doctors.practice_id, doctors.user_id, doctors.name, doctors.email, doctors.phone, doctors.specialty, doctors.license_number, doctors.bio, doctors.photo_url, doctors.capabilities, doctors.permissions, doctors.is_active, doctors.created_at, doctors.updated_at 
FROM doctors 
WHERE doctors.practice_id = $1::UUID AND doctors.user_id = $2::UUID
2026-09-01 18:59:51,268 INFO sqlalchemy.engine.Engine [cached since 3201s ago] (UUID('4d1123f3-3ba2-42f3-b584-a5009c7b3e39'), UUID('7a8e4484-f378-4080-bd7f-e1a399b2254e'))
2026-09-01 18:59:51,277 INFO sqlalchemy.engine.Engine ROLLBACK
INFO:     127.0.0.1:56886 - "GET /api/v1/appointments?doctor_id=me HTTP/1.1" 404 Not Found
INFO:     127.0.0.1:56886 - "OPTIONS /api/v1/attendance/me HTTP/1.1" 200 OK
2026-09-01 18:59:53,115 INFO sqlalchemy.engine.Engine BEGIN (implicit)
2026-09-01 18:59:53,116 INFO sqlalchemy.engine.Engine SELECT users.id, users.practice_id, users.clerk_id, users.email, users.name, users.role, users.phone, users.is_active, users.permissions, users.is_platform_admin, users.created_at, users.updated_at 
FROM users 
WHERE users.clerk_id = $1::VARCHAR
2026-09-01 18:59:53,116 INFO sqlalchemy.engine.Engine [cached since 3296s ago] ('user_3IJjXjFLcG4qaagJWxQnHqHoXEr',)
INFO:     127.0.0.1:56892 - "OPTIONS /api/v1/doctors/me HTTP/1.1" 200 OK
2026-09-01 18:59:53,234 INFO sqlalchemy.engine.Engine BEGIN (implicit)
2026-09-01 18:59:53,236 INFO sqlalchemy.engine.Engine SELECT users.id, users.practice_id, users.clerk_id, users.email, users.name, users.role, users.phone, users.is_active, users.permissions, users.is_platform_admin, users.created_at, users.updated_at 
FROM users 
WHERE users.clerk_id = $1::VARCHAR
2026-09-01 18:59:53,237 INFO sqlalchemy.engine.Engine [cached since 3296s ago] ('user_3IJjXjFLcG4qaagJWxQnHqHoXEr',)
2026-09-01 18:59:53,851 INFO sqlalchemy.engine.Engine BEGIN (implicit)
2026-09-01 18:59:53,859 INFO sqlalchemy.engine.Engine SELECT users.id, users.practice_id, users.clerk_id, users.email, users.name, users.role, users.phone, users.is_active, users.permissions, users.is_platform_admin, users.created_at, users.updated_at 
FROM users 
WHERE users.clerk_id = $1::VARCHAR
2026-09-01 18:59:53,862 INFO sqlalchemy.engine.Engine [cached since 3296s ago] ('user_3IJjXjFLcG4qaagJWxQnHqHoXEr',)
2026-09-01 18:59:53,875 INFO sqlalchemy.engine.Engine SELECT patients.id, patients.practice_id, patients.first_name, patients.last_name, patients.email, patients.phone, patients.date_of_birth, patients.medical_history, patients.consent_status, patients.plan_type, patients.chief_complaint, patients.needs_surgery, patients.ai_agent_assigned, patients.agent_status, patients.agent_cost, patients.lifecycle_stage, patients.lost_reason, patients.source, patients.portal_token, patients.portal_enabled, patients.created_at, patients.updated_at 
FROM patients 
WHERE patients.practice_id = $1::UUID ORDER BY patients.created_at DESC
2026-09-01 18:59:53,877 INFO sqlalchemy.engine.Engine [cached since 3296s ago] (UUID('4d1123f3-3ba2-42f3-b584-a5009c7b3e39'),)
2026-09-01 18:59:53,972 INFO sqlalchemy.engine.Engine BEGIN (implicit)
2026-09-01 18:59:53,974 INFO sqlalchemy.engine.Engine SELECT users.id, users.practice_id, users.clerk_id, users.email, users.name, users.role, users.phone, users.is_active, users.permissions, users.is_platform_admin, users.created_at, users.updated_at 
FROM users 
WHERE users.clerk_id = $1::VARCHAR
2026-09-01 18:59:53,976 INFO sqlalchemy.engine.Engine [cached since 3297s ago] ('user_3IJjXjFLcG4qaagJWxQnHqHoXEr',)
2026-09-01 18:59:53,983 INFO sqlalchemy.engine.Engine SELECT doctors.id, doctors.practice_id, doctors.user_id, doctors.name, doctors.email, doctors.phone, doctors.specialty, doctors.license_number, doctors.bio, doctors.photo_url, doctors.capabilities, doctors.permissions, doctors.is_active, doctors.created_at, doctors.updated_at 
FROM doctors 
WHERE doctors.practice_id = $1::UUID AND doctors.user_id = $2::UUID
2026-09-01 18:59:53,986 INFO sqlalchemy.engine.Engine [cached since 3204s ago] (UUID('4d1123f3-3ba2-42f3-b584-a5009c7b3e39'), UUID('7a8e4484-f378-4080-bd7f-e1a399b2254e'))
2026-09-01 18:59:53,995 INFO sqlalchemy.engine.Engine SELECT DISTINCT appointments.patient_id 
FROM appointments 
WHERE appointments.practice_id = $1::UUID AND appointments.patient_id IN ($4::UUID, $5::UUID) AND appointments.start_time >= $2::TIMESTAMP WITH TIME ZONE AND appointments.status != $3::appointmentstatus
2026-09-01 18:59:54,010 INFO sqlalchemy.engine.Engine [cached since 3296s ago] (UUID('4d1123f3-3ba2-42f3-b584-a5009c7b3e39'), datetime.datetime(2026, 9, 1, 13, 59, 53, 991847, tzinfo=datetime.timezone.utc), 'CANCELLED', UUID('3e6dd1dd-e2aa-46ae-bae4-b64c75f7bafe'), UUID('c4a9ef0d-7c8d-4da9-aaf7-e9e94a6fdc44'))
2026-09-01 18:59:54,047 INFO sqlalchemy.engine.Engine SELECT attendance_records.id, attendance_records.practice_id, attendance_records.user_id, attendance_records.doctor_id, attendance_records.check_in_at, attendance_records.check_out_at 
FROM attendance_records 
WHERE attendance_records.practice_id = $1::UUID AND attendance_records.user_id = $2::UUID ORDER BY attendance_records.check_in_at DESC 
 LIMIT $3::INTEGER
2026-09-01 18:59:54,049 INFO sqlalchemy.engine.Engine [cached since 3204s ago] (UUID('4d1123f3-3ba2-42f3-b584-a5009c7b3e39'), UUID('7a8e4484-f378-4080-bd7f-e1a399b2254e'), 30)
2026-09-01 18:59:54,056 INFO sqlalchemy.engine.Engine SELECT DISTINCT appointments.patient_id 
FROM appointments 
WHERE appointments.practice_id = $1::UUID AND appointments.patient_id IN ($3::UUID, $4::UUID) AND appointments.status = $2::appointmentstatus
2026-09-01 18:59:54,058 INFO sqlalchemy.engine.Engine [cached since 3297s ago] (UUID('4d1123f3-3ba2-42f3-b584-a5009c7b3e39'), 'COMPLETED', UUID('3e6dd1dd-e2aa-46ae-bae4-b64c75f7bafe'), UUID('c4a9ef0d-7c8d-4da9-aaf7-e9e94a6fdc44'))
2026-09-01 18:59:54,066 INFO sqlalchemy.engine.Engine SELECT doctors.id, doctors.practice_id, doctors.user_id, doctors.name, doctors.email, doctors.phone, doctors.specialty, doctors.license_number, doctors.bio, doctors.photo_url, doctors.capabilities, doctors.permissions, doctors.is_active, doctors.created_at, doctors.updated_at 
FROM doctors 
WHERE doctors.practice_id = $1::UUID AND doctors.user_id = $2::UUID
2026-09-01 18:59:54,068 INFO sqlalchemy.engine.Engine [cached since 3204s ago] (UUID('4d1123f3-3ba2-42f3-b584-a5009c7b3e39'), UUID('7a8e4484-f378-4080-bd7f-e1a399b2254e'))
2026-09-01 18:59:54,072 INFO sqlalchemy.engine.Engine ROLLBACK
2026-09-01 18:59:54,082 INFO sqlalchemy.engine.Engine COMMIT
INFO:     127.0.0.1:56886 - "GET /api/v1/appointments?doctor_id=me HTTP/1.1" 404 Not Found
INFO:     127.0.0.1:56891 - "GET /api/v1/patients HTTP/1.1" 200 OK
2026-09-01 18:59:54,118 INFO sqlalchemy.engine.Engine ROLLBACK
INFO:     127.0.0.1:56896 - "GET /api/v1/doctors/me HTTP/1.1" 404 Not Found
2026-09-01 18:59:54,167 INFO sqlalchemy.engine.Engine COMMIT
INFO:     127.0.0.1:56894 - "GET /api/v1/attendance/me HTTP/1.1" 200 OK
2026-09-01 18:59:56,690 INFO sqlalchemy.engine.Engine BEGIN (implicit)
2026-09-01 18:59:56,692 INFO sqlalchemy.engine.Engine SELECT users.id, users.practice_id, users.clerk_id, users.email, users.name, users.role, users.phone, users.is_active, users.permissions, users.is_platform_admin, users.created_at, users.updated_at 
FROM users 
WHERE users.clerk_id = $1::VARCHAR
2026-09-01 18:59:56,694 INFO sqlalchemy.engine.Engine [cached since 3299s ago] ('user_3IJjXjFLcG4qaagJWxQnHqHoXEr',)
2026-09-01 18:59:56,698 INFO sqlalchemy.engine.Engine SELECT doctors.id, doctors.practice_id, doctors.user_id, doctors.name, doctors.email, doctors.phone, doctors.specialty, doctors.license_number, doctors.bio, doctors.photo_url, doctors.capabilities, doctors.permissions, doctors.is_active, doctors.created_at, doctors.updated_at 
FROM doctors 
WHERE doctors.practice_id = $1::UUID AND doctors.user_id = $2::UUID
2026-09-01 18:59:56,699 INFO sqlalchemy.engine.Engine [cached since 3207s ago] (UUID('4d1123f3-3ba2-42f3-b584-a5009c7b3e39'), UUID('7a8e4484-f378-4080-bd7f-e1a399b2254e'))
2026-09-01 18:59:56,702 INFO sqlalchemy.engine.Engine ROLLBACK
INFO:     127.0.0.1:56894 - "GET /api/v1/appointments?doctor_id=me HTTP/1.1" 404 Not Found
INFO:     127.0.0.1:57535 - "OPTIONS /api/v1/practice/me HTTP/1.1" 200 OK
2026-09-01 19:25:09,759 INFO sqlalchemy.engine.Engine BEGIN (implicit)
2026-09-01 19:25:09,761 INFO sqlalchemy.engine.Engine SELECT users.id, users.practice_id, users.clerk_id, users.email, users.name, users.role, users.phone, users.is_active, users.permissions, users.is_platform_admin, users.created_at, users.updated_at 
FROM users 
WHERE users.clerk_id = $1::VARCHAR
2026-09-01 19:25:09,762 INFO sqlalchemy.engine.Engine [cached since 4812s ago] ('user_3IJjXjFLcG4qaagJWxQnHqHoXEr',)
2026-09-01 19:25:09,766 INFO sqlalchemy.engine.Engine SELECT practices.id, practices.name, practices.email, practices.phone, practices.address, practices.timezone, practices.settings, practices.created_at, practices.updated_at 
FROM practices 
WHERE practices.id = $1::UUID
2026-09-01 19:25:09,767 INFO sqlalchemy.engine.Engine [cached since 4793s ago] (UUID('4d1123f3-3ba2-42f3-b584-a5009c7b3e39'),)
2026-09-01 19:25:09,770 INFO sqlalchemy.engine.Engine SELECT subscriptions.id, subscriptions.practice_id, subscriptions.stripe_subscription_id, subscriptions.tier, subscriptions.status, subscriptions.price, subscriptions.start_date, subscriptions.end_date, subscriptions.auto_renew, subscriptions.created_at, subscriptions.updated_at 
FROM subscriptions 
WHERE subscriptions.practice_id = $1::UUID AND subscriptions.status IN ($2::subscriptionstatus, $3::subscriptionstatus) ORDER BY subscriptions.created_at DESC
2026-09-01 19:25:09,772 INFO sqlalchemy.engine.Engine [cached since 4793s ago] (UUID('4d1123f3-3ba2-42f3-b584-a5009c7b3e39'), 'ACTIVE', 'TRIAL')
2026-09-01 19:25:09,775 INFO sqlalchemy.engine.Engine SELECT subscriptions.id, subscriptions.practice_id, subscriptions.stripe_subscription_id, subscriptions.tier, subscriptions.status, subscriptions.price, subscriptions.start_date, subscriptions.end_date, subscriptions.auto_renew, subscriptions.created_at, subscriptions.updated_at 
FROM subscriptions 
WHERE subscriptions.practice_id = $1::UUID AND subscriptions.status IN ($2::subscriptionstatus, $3::subscriptionstatus) ORDER BY subscriptions.created_at DESC
2026-09-01 19:25:09,776 INFO sqlalchemy.engine.Engine [cached since 4793s ago] (UUID('4d1123f3-3ba2-42f3-b584-a5009c7b3e39'), 'ACTIVE', 'TRIAL')
2026-09-01 19:25:09,778 INFO sqlalchemy.engine.Engine COMMIT
INFO:     127.0.0.1:57535 - "GET /api/v1/practice/me HTTP/1.1" 200 OK
INFO:     127.0.0.1:57535 - "OPTIONS /api/v1/appointments?doctor_id=me HTTP/1.1" 200 OK
2026-09-01 19:25:11,887 INFO sqlalchemy.engine.Engine BEGIN (implicit)
2026-09-01 19:25:11,888 INFO sqlalchemy.engine.Engine SELECT users.id, users.practice_id, users.clerk_id, users.email, users.name, users.role, users.phone, users.is_active, users.permissions, users.is_platform_admin, users.created_at, users.updated_at 
FROM users 
WHERE users.clerk_id = $1::VARCHAR
2026-09-01 19:25:11,889 INFO sqlalchemy.engine.Engine [cached since 4814s ago] ('user_3IJjXjFLcG4qaagJWxQnHqHoXEr',)
2026-09-01 19:25:11,960 INFO sqlalchemy.engine.Engine BEGIN (implicit)
2026-09-01 19:25:11,962 INFO sqlalchemy.engine.Engine SELECT users.id, users.practice_id, users.clerk_id, users.email, users.name, users.role, users.phone, users.is_active, users.permissions, users.is_platform_admin, users.created_at, users.updated_at 
FROM users 
WHERE users.clerk_id = $1::VARCHAR
2026-09-01 19:25:11,962 INFO sqlalchemy.engine.Engine [cached since 4815s ago] ('user_3IJjXjFLcG4qaagJWxQnHqHoXEr',)
2026-09-01 19:25:11,965 INFO sqlalchemy.engine.Engine SELECT practices.id, practices.name, practices.email, practices.phone, practices.address, practices.timezone, practices.settings, practices.created_at, practices.updated_at 
FROM practices 
WHERE practices.id = $1::UUID
2026-09-01 19:25:11,967 INFO sqlalchemy.engine.Engine [cached since 4795s ago] (UUID('4d1123f3-3ba2-42f3-b584-a5009c7b3e39'),)
2026-09-01 19:25:11,969 INFO sqlalchemy.engine.Engine SELECT doctors.id, doctors.practice_id, doctors.user_id, doctors.name, doctors.email, doctors.phone, doctors.specialty, doctors.license_number, doctors.bio, doctors.photo_url, doctors.capabilities, doctors.permissions, doctors.is_active, doctors.created_at, doctors.updated_at 
FROM doctors 
WHERE doctors.practice_id = $1::UUID AND doctors.user_id = $2::UUID
2026-09-01 19:25:11,971 INFO sqlalchemy.engine.Engine [cached since 4722s ago] (UUID('4d1123f3-3ba2-42f3-b584-a5009c7b3e39'), UUID('7a8e4484-f378-4080-bd7f-e1a399b2254e'))
2026-09-01 19:25:11,975 INFO sqlalchemy.engine.Engine SELECT subscriptions.id, subscriptions.practice_id, subscriptions.stripe_subscription_id, subscriptions.tier, subscriptions.status, subscriptions.price, subscriptions.start_date, subscriptions.end_date, subscriptions.auto_renew, subscriptions.created_at, subscriptions.updated_at 
FROM subscriptions 
WHERE subscriptions.practice_id = $1::UUID AND subscriptions.status IN ($2::subscriptionstatus, $3::subscriptionstatus) ORDER BY subscriptions.created_at DESC
2026-09-01 19:25:11,976 INFO sqlalchemy.engine.Engine [cached since 4795s ago] (UUID('4d1123f3-3ba2-42f3-b584-a5009c7b3e39'), 'ACTIVE', 'TRIAL')
2026-09-01 19:25:11,978 INFO sqlalchemy.engine.Engine ROLLBACK
2026-09-01 19:25:11,982 INFO sqlalchemy.engine.Engine SELECT subscriptions.id, subscriptions.practice_id, subscriptions.stripe_subscription_id, subscriptions.tier, subscriptions.status, subscriptions.price, subscriptions.start_date, subscriptions.end_date, subscriptions.auto_renew, subscriptions.created_at, subscriptions.updated_at 
FROM subscriptions 
WHERE subscriptions.practice_id = $1::UUID AND subscriptions.status IN ($2::subscriptionstatus, $3::subscriptionstatus) ORDER BY subscriptions.created_at DESC
2026-09-01 19:25:11,982 INFO sqlalchemy.engine.Engine [cached since 4795s ago] (UUID('4d1123f3-3ba2-42f3-b584-a5009c7b3e39'), 'ACTIVE', 'TRIAL')
2026-09-01 19:25:11,986 INFO sqlalchemy.engine.Engine COMMIT
INFO:     127.0.0.1:57548 - "GET /api/v1/appointments?doctor_id=me HTTP/1.1" 404 Not Found
INFO:     127.0.0.1:57547 - "GET /api/v1/practice/me HTTP/1.1" 200 OK
INFO:     127.0.0.1:57573 - "OPTIONS /api/v1/practice/me HTTP/1.1" 200 OK
2026-09-01 19:25:19,870 INFO sqlalchemy.engine.Engine BEGIN (implicit)
2026-09-01 19:25:19,871 INFO sqlalchemy.engine.Engine SELECT users.id, users.practice_id, users.clerk_id, users.email, users.name, users.role, users.phone, users.is_active, users.permissions, users.is_platform_admin, users.created_at, users.updated_at 
FROM users 
WHERE users.clerk_id = $1::VARCHAR
2026-09-01 19:25:19,871 INFO sqlalchemy.engine.Engine [cached since 4822s ago] ('user_3IicvcuP58t66e3ZoMBDNMC3UnJ',)
2026-09-01 19:25:19,874 INFO sqlalchemy.engine.Engine ROLLBACK
INFO:     127.0.0.1:57573 - "GET /api/v1/practice/me HTTP/1.1" 401 Unauthorized
INFO:     127.0.0.1:57573 - "OPTIONS /api/v1/doctor-applications/me HTTP/1.1" 200 OK
2026-09-01 19:25:19,956 INFO sqlalchemy.engine.Engine BEGIN (implicit)
2026-09-01 19:25:19,957 INFO sqlalchemy.engine.Engine SELECT users.id, users.practice_id, users.clerk_id, users.email, users.name, users.role, users.phone, users.is_active, users.permissions, users.is_platform_admin, users.created_at, users.updated_at 
FROM users 
WHERE users.clerk_id = $1::VARCHAR
2026-09-01 19:25:19,958 INFO sqlalchemy.engine.Engine [cached since 4823s ago] ('user_3IicvcuP58t66e3ZoMBDNMC3UnJ',)
2026-09-01 19:25:19,960 INFO sqlalchemy.engine.Engine ROLLBACK
INFO:     127.0.0.1:57573 - "GET /api/v1/doctor-applications/me HTTP/1.1" 401 Unauthorized
INFO:     127.0.0.1:57573 - "OPTIONS /api/v1/patients HTTP/1.1" 200 OK
2026-09-01 19:25:20,124 INFO sqlalchemy.engine.Engine BEGIN (implicit)
2026-09-01 19:25:20,126 INFO sqlalchemy.engine.Engine SELECT users.id, users.practice_id, users.clerk_id, users.email, users.name, users.role, users.phone, users.is_active, users.permissions, users.is_platform_admin, users.created_at, users.updated_at 
FROM users 
WHERE users.clerk_id = $1::VARCHAR
2026-09-01 19:25:20,141 INFO sqlalchemy.engine.Engine [cached since 4823s ago] ('user_3IicvcuP58t66e3ZoMBDNMC3UnJ',)
2026-09-01 19:25:20,224 INFO sqlalchemy.engine.Engine BEGIN (implicit)
2026-09-01 19:25:20,226 INFO sqlalchemy.engine.Engine SELECT users.id, users.practice_id, users.clerk_id, users.email, users.name, users.role, users.phone, users.is_active, users.permissions, users.is_platform_admin, users.created_at, users.updated_at 
FROM users 
WHERE users.clerk_id = $1::VARCHAR
2026-09-01 19:25:20,226 INFO sqlalchemy.engine.Engine [cached since 4823s ago] ('user_3IicvcuP58t66e3ZoMBDNMC3UnJ',)
2026-09-01 19:25:20,229 INFO sqlalchemy.engine.Engine ROLLBACK
2026-09-01 19:25:20,231 INFO sqlalchemy.engine.Engine ROLLBACK
INFO:     127.0.0.1:57577 - "GET /api/v1/practice/me HTTP/1.1" 401 Unauthorized
INFO:     127.0.0.1:57573 - "GET /api/v1/patients HTTP/1.1" 401 Unauthorized
